Depth (ft),Core,Mg,Al,Si,P,S,K,Ca,Ti,V,Cr,Mn,Fe,Co,Ni,Cu,Zn,As,Se,Rb,Sr,Y,Zr,Nb,Mo,Ag,Cd,Sn,Sb,W,Hg,Pb,Bi,Th,U,LE
6834.03,1,2.13,9.06,27.78,0.1078,1.7445,3.4502,1.83,0.4833,0.0391,0.0191,0.0181,4.6131,ND,0.0069,0.0053,0.0036,0.0013,0.0016,0.0177,0.0205,0.0028,0.0177,0.0030,ND,ND,ND,0,ND,ND,0,0,ND,0,ND,48.64
6834.50,1,1.99,6.14,34.72,ND,0.9209,2.1402,0.85,0.4005,0.0287,0.0130,0.0198,2.7113,ND,0.0026,0.0033,0.0089,0.0011,0.0008,0.0099,0.0232,0.0013,0.0225,0.0022,ND,ND,ND,ND,ND,ND,ND,0,ND,0,ND,49.99
6835.05,1,1.90,6.03,35.24,0.0878,1.0137,2.1141,0.82,0.3679,0.0367,0.0085,0.0173,2.5030,ND,0.0027,0.0027,0.0056,0.0007,0.0008,0.0098,0.0271,0.0012,0.0229,0.0024,ND,ND,ND,ND,ND,ND,ND,0,ND,ND,ND,49.78
6835.50,1,2.07,5.97,35.92,ND,1.1256,2.0897,0.57,0.3993,0.0341,0.0133,0.0150,2.4351,ND,0.0028,0.0025,0.0036,0.0009,0.0008,0.0100,0.0288,0.0012,0.0239,0.0018,ND,ND,ND,ND,ND,ND,ND,0,ND,ND,ND,49.28
6836.03,1,1.79,5.50,35.77,ND,1.0598,1.8156,0.88,0.3497,0.0356,0.0094,0.0142,2.1550,ND,0.0022,0.0029,0.0030,0.0006,0.0006,0.0088,0.0263,0.0010,0.0204,0.0019,ND,ND,ND,ND,ND,ND,0,0,ND,0,ND,50.55
6836.50,1,2.02,6.24,33.84,ND,1.0188,2.1608,0.70,0.3737,0.0389,0.0156,0.0136,2.5537,ND,0.0029,0.0120,0.0042,0.0009,0.0012,0.0103,0.0251,0.0010,0.0214,0.0019,ND,ND,ND,ND,ND,ND,0,0,ND,ND,ND,50.94
6837.00,1,2.00,7.04,31.53,0.1126,1.4488,2.5444,0.77,0.4542,0.0482,0.0342,0.0173,3.3284,ND,0.0080,0.0046,0.0127,0.0016,0.0023,0.0122,0.0163,0.0013,0.0230,0.0023,ND,ND,ND,ND,ND,ND,ND,0.0020,ND,ND,ND,50.59
6837.55,1,1.92,6.86,34.10,ND,1.0921,2.3957,0.61,0.4045,0.0453,0.0206,0.0199,3.1639,ND,0.0049,0.0044,0.0090,0.0011,0.0018,0.0112,0.0162,0.0013,0.0241,0.0022,ND,ND,ND,ND,ND,ND,0,0,ND,0,ND,49.29
6838.03,1,1.97,6.85,32.65,ND,1.4174,2.4793,1.05,0.3974,0.0380,0.0179,0.0201,3.1559,ND,0.0057,0.0041,0.0075,0.0013,0.0015,0.0112,0.0222,0.0011,0.0216,0.0021,ND,ND,ND,ND,ND,0,ND,0,ND,ND,ND,49.88
6838.53,1,4.87,3.26,12.38,0.0713,0.3992,0.7495,21.44,0.1643,0.0207,0.0057,0.1916,6.4610,ND,ND,0.0031,0.0017,0.0005,0.0004,0.0038,0.0637,0.0026,0.0066,0.0008,ND,ND,ND,ND,ND,ND,ND,ND,ND,0,ND,49.90
6839.00,1,4.11,2.71,19.18,ND,0.3043,0.6082,16.34,0.1976,0.0218,ND,0.1444,5.4058,ND,ND,ND,0.0012,ND,0.0002,0.0034,0.0289,0.0022,0.0129,0.0007,ND,ND,ND,ND,ND,ND,ND,0,ND,ND,ND,50.93
6839.50,1,1.57,5.59,34.81,ND,0.7644,1.8431,1.38,0.3905,0.0245,0.0079,0.0168,2.2365,ND,0.0012,0.0030,0.0020,0.0007,0.0004,0.0085,0.0237,0.0012,0.0225,0.0022,ND,ND,ND,ND,ND,ND,0,0,ND,0,ND,51.29
6840.03,1,1.96,5.80,34.22,ND,0.8152,1.9668,1.75,0.3450,0.0296,0.0061,0.0189,2.1561,ND,0.0016,0.0026,0.0019,0.0006,0.0002,0.0085,0.0309,0.0011,0.0202,0.0017,ND,ND,ND,ND,ND,ND,ND,0,ND,ND,ND,50.85
6840.50,1,3.57,3.63,21.29,ND,0.5364,0.9131,12.62,0.2379,0.0204,0.0051,0.1173,5.2219,ND,ND,0.0013,0.0016,0.0006,0.0003,0.0052,0.0285,0.0017,0.0133,0.0010,ND,ND,ND,ND,ND,ND,0,0,ND,ND,ND,51.78
6841.00,1,2.82,4.63,28.65,ND,0.7471,1.2933,7.46,0.2916,0.0331,ND,0.0702,3.6941,ND,ND,0.0018,0.0014,0.0006,0.0003,0.0061,0.0368,0.0017,0.0196,0.0015,ND,ND,ND,ND,ND,ND,ND,0.0010,ND,ND,ND,50.23
6841.50,1,1.63,5.48,35.03,ND,1.0418,1.8006,1.72,0.3484,0.0247,0.0066,0.0185,2.2300,ND,0.0015,0.0020,0.0018,0.0005,0.0004,0.0081,0.0372,0.0013,0.0205,0.0016,ND,ND,ND,ND,ND,ND,0,0,ND,ND,ND,50.60
6842.04,1,2.33,5.66,34.36,ND,1.1752,1.8325,1.31,0.3397,0.0297,0.0111,0.0172,2.2966,ND,0.0015,0.0024,0.0023,0.0005,0.0004,0.0083,0.0380,0.0016,0.0212,0.0018,ND,ND,ND,ND,ND,ND,ND,0,ND,ND,ND,50.55
6842.50,1,2.12,6.09,32.79,ND,1.2380,2.0187,1.29,0.3847,0.0358,0.0130,0.0202,2.6543,ND,0.0028,0.0031,0.0022,0.0008,0.0005,0.0102,0.0384,0.0015,0.0233,0.0020,ND,ND,ND,ND,ND,ND,ND,0,ND,ND,ND,51.26
6843.00,1,2.25,6.45,33.15,ND,1.1665,2.1627,1.20,0.3966,0.0252,0.0107,0.0186,2.7524,ND,0.0036,0.0023,0.0022,0.0008,0.0006,0.0102,0.0360,0.0016,0.0230,0.0021,ND,ND,ND,ND,ND,ND,ND,0,ND,ND,ND,50.33
6843.50,1,1.96,6.20,34.20,ND,0.8185,2.0660,1.25,0.3785,0.0270,0.0099,0.0221,2.5212,ND,0.0022,0.0024,0.0025,0.0006,0.0005,0.0091,0.0262,0.0014,0.0220,0.0019,ND,ND,ND,ND,ND,ND,ND,0,ND,ND,ND,50.48
6844.03,1,2.12,6.11,34.99,ND,0.9745,2.0454,1.08,0.3871,0.0293,0.0108,0.0178,2.4846,ND,0.0026,0.0026,0.0020,0.0007,0.0005,0.0092,0.0333,0.0013,0.0236,0.0020,ND,ND,ND,ND,ND,ND,ND,0,ND,0,ND,49.68
6844.50,1,1.94,5.55,35.44,ND,1.0256,1.8044,1.21,0.3514,0.0267,0.0093,0.0186,2.2748,ND,0.0017,0.0020,0.0023,0.0007,0.0004,0.0078,0.0340,0.0012,0.0223,0.0018,ND,ND,ND,ND,ND,0.0010,ND,0,ND,ND,ND,50.28
6844.90,1,1.85,6.52,32.62,0.0645,1.5864,2.2894,1.43,0.4206,0.0287,0.0129,0.0209,3.4279,ND,0.0048,0.0034,0.0024,0.0016,0.0009,0.0106,0.0239,0.0018,0.0223,0.0021,ND,ND,ND,ND,ND,ND,0,0,ND,0,ND,49.65
6845.48,1,1.94,7.53,32.95,ND,1.0103,2.7973,0.51,0.4497,0.0352,0.0145,0.0187,3.2033,ND,0.0046,0.0031,0.0040,0.0011,0.0010,0.0128,0.0157,0.0015,0.0254,0.0025,ND,ND,ND,ND,ND,0,0,0,ND,ND,ND,49.47
6846.03,1,2.30,7.48,29.75,0.2862,1.2706,2.6163,2.72,0.4258,0.0480,0.0197,0.0212,3.4649,ND,0.0063,0.0039,0.0057,0.0011,0.0017,0.0123,0.0243,0.0027,0.0208,0.0023,ND,ND,ND,ND,ND,ND,ND,0,ND,ND,0,49.52
6846.50,1,2.30,7.89,31.59,ND,1.1557,2.9346,0.75,0.4181,0.0416,0.0238,0.0182,3.6620,ND,0.0076,0.0049,0.0101,0.0016,0.0020,0.0135,0.0182,0.0011,0.0182,0.0025,0,ND,ND,ND,ND,0,0,0,ND,0,ND,49.13
6847.00,1,1.78,6.86,32.90,ND,1.2308,2.4916,0.38,0.3624,0.0505,0.0307,0.0161,3.4469,ND,0.0076,0.0040,0.0179,0.0017,0.0024,0.0118,0.0128,0.0011,0.0171,0.0022,0,ND,ND,ND,ND,ND,0,0,ND,0,ND,50.37
6847.50,1,1.71,6.52,32.34,0.1730,1.3061,2.3963,1.04,0.3621,0.0377,0.0256,0.0186,3.5018,ND,0.0068,0.0049,0.0159,0.0014,0.0023,0.0114,0.0134,0.0009,0.0188,0.0021,0,ND,ND,ND,ND,ND,0,0,ND,0.0010,ND,50.48
6848.03,1,1.93,6.92,33.22,ND,1.2798,2.5078,0.51,0.4118,0.0362,0.0303,0.0178,3.6096,ND,0.0068,0.0046,0.0113,0.0016,0.0022,0.0119,0.0157,0.0011,0.0193,0.0019,ND,ND,ND,ND,ND,ND,ND,0,ND,ND,ND,49.44
6848.50,1,1.72,4.56,37.05,ND,1.2739,1.4549,1.12,0.3140,0.0329,0.0142,0.0165,2.4652,ND,0.0034,0.0020,0.0069,0.0011,0.0013,0.0071,0.0174,0.0007,0.0182,0.0015,ND,ND,ND,ND,ND,ND,ND,0,ND,ND,ND,49.91
6849.00,1,2.00,7.09,30.64,ND,2.4345,2.4701,0.86,0.4121,0.0554,0.0452,0.0188,4.4325,ND,0.0155,0.0075,0.0239,0.0021,0.0035,0.0117,0.0150,0.0016,0.0207,0.0021,0,ND,ND,ND,ND,ND,0,0,ND,0,0,49.43
6849.52,1,1.72,4.96,30.23,0.1586,0.9804,1.7057,5.95,0.3499,0.0394,0.0169,0.0245,2.7368,ND,0.0047,0.0027,0.0036,0.0009,0.0016,0.0087,0.0331,0.0022,0.0174,0.0018,0,ND,ND,ND,ND,ND,ND,0,ND,0,0,51.06
6850.03,1,1.60,3.65,35.97,0.0904,0.7425,1.1534,3.33,0.2393,0.0229,0.0109,0.0128,1.8299,ND,0.0022,0.0027,0.0020,0.0006,0.0009,0.0061,0.0294,0.0017,0.0172,0.0010,ND,ND,ND,ND,ND,ND,ND,0,ND,0,ND,51.27
6850.49,1,2.03,5.71,33.21,ND,0.6654,2.0613,1.77,0.3132,0.0348,0.0224,0.0212,2.5502,ND,0.0065,0.0038,0.0036,0.0007,0.0020,0.0100,0.0180,0.0011,0.0161,0.0021,0,ND,ND,ND,ND,0,0,0,ND,0,ND,51.55
6850.99,1,2.19,6.14,32.69,ND,0.7882,2.2588,2.15,0.3317,0.0304,0.0149,0.0240,2.9673,ND,0.0046,0.0037,0.0036,0.0009,0.0014,0.0113,0.0175,0.0010,0.0141,0.0020,ND,ND,ND,ND,ND,0,ND,0,ND,ND,ND,50.35
6851.50,1,1.71,6.65,32.52,ND,0.8142,2.4440,1.57,0.3749,0.0402,0.0247,0.0229,3.1112,ND,0.0069,0.0043,0.0079,0.0008,0.0016,0.0118,0.0180,0.0010,0.0156,0.0020,ND,ND,ND,ND,ND,ND,ND,0,ND,ND,ND,50.65
6852.03,1,1.93,7.40,31.95,ND,0.8168,2.6793,1.08,0.4020,0.0508,0.0456,0.0235,3.2489,ND,0.0088,0.0051,0.0077,0.0006,0.0029,0.0132,0.0136,0.0010,0.0180,0.0025,0,ND,ND,ND,ND,0,ND,0,ND,ND,ND,50.30
6852.50,1,1.53,5.23,31.33,ND,0.9629,1.8141,4.12,0.3178,0.0304,0.0169,0.0233,2.8622,ND,0.0059,0.0031,0.0063,0.0009,0.0015,0.0097,0.0244,0.0012,0.0161,0.0018,0,ND,ND,ND,ND,ND,ND,0,ND,0,ND,51.69
6852.98,1,1.68,4.81,22.85,2.3340,1.0730,1.4919,14.62,0.2803,0.0587,0.0274,0.0291,2.6514,ND,0.0078,0.0037,0.0055,0.0011,0.0014,0.0071,0.0764,0.0140,0.0111,0.0014,0,ND,ND,ND,ND,0,ND,0,ND,0,0,47.97
6853.50,1,1.68,6.10,33.89,ND,0.8540,2.1408,1.33,0.3445,0.0479,0.0274,0.0179,2.6875,ND,0.0085,0.0037,0.0426,0.0009,0.0021,0.0104,0.0148,0.0011,0.0183,0.0019,0,ND,ND,ND,ND,ND,ND,0.0020,ND,0,ND,50.78
6854.03,1,1.68,5.04,36.52,ND,0.8667,1.6919,1.20,0.3078,0.0300,0.0116,0.0174,2.2195,ND,0.0032,0.0021,0.0027,0.0007,0.0010,0.0078,0.0194,0.0009,0.0163,0.0015,ND,ND,ND,ND,ND,ND,ND,0,ND,ND,ND,50.36
6854.50,1,1.48,4.64,31.26,0.5592,0.9926,1.4214,5.91,0.2849,0.0430,0.0141,0.0195,2.2610,ND,0.0028,0.0028,0.0019,0.0009,0.0009,0.0075,0.0322,0.0028,0.0181,0.0014,ND,ND,ND,ND,ND,0,ND,0,ND,0,ND,51.04
6855.00,1,2.19,4.69,28.64,0.4373,1.6410,1.4207,5.18,0.3105,0.0289,0.0115,0.0173,2.3775,ND,0.0030,0.0024,0.0017,0.0008,0.0010,0.0076,0.0317,0.0024,0.0203,0.0018,0,ND,ND,ND,ND,ND,ND,0,ND,ND,ND,52.98
6855.50,1,1.89,5.30,35.85,ND,1.0404,1.6957,1.49,0.3002,0.0310,0.0113,0.0176,2.1538,ND,0.0030,0.0022,0.0018,0.0008,0.0007,0.0076,0.0212,0.0010,0.0176,0.0013,ND,ND,ND,ND,ND,ND,ND,0,ND,ND,ND,50.16
6856.03,1,1.57,1.42,7.43,0.3246,0.5768,0.2546,35.77,0.1293,0.0405,0.0097,0.0958,1.2026,ND,0.0016,0.0017,0.0016,0.0003,0.0005,0.0019,0.0549,0.0022,0.0046,ND,ND,ND,ND,ND,ND,ND,ND,0,ND,0,ND,51.11
6856.50,1,1.82,1.41,7.11,0.0434,0.3178,0.2338,35.40,0.2405,0.1125,0.0100,0.0644,1.1852,ND,ND,0.0018,0.0012,0.0004,0.0004,0.0017,0.0724,0.0009,0.0053,0.0010,ND,ND,ND,ND,ND,0,ND,ND,ND,0,ND,51.97
6857.00,1,1.77,1.09,6.03,0.0289,0.4119,0.0954,36.70,0.2170,0.0931,0.0064,0.0628,0.9754,ND,ND,0.0012,0.0010,0.0004,0.0003,0.0010,0.0788,0.0010,0.0051,ND,ND,ND,ND,ND,ND,0,ND,0,ND,0,ND,52.43
6857.50,1,1.81,4.43,36.43,ND,0.6819,1.4508,2.02,0.2724,0.0307,0.0072,0.0174,1.9576,ND,0.0012,0.0021,0.0017,0.0004,0.0004,0.0069,0.0231,0.0008,0.0167,0.0014,ND,ND,ND,ND,ND,ND,ND,0,ND,ND,ND,50.84
6858.03,1,1.58,4.62,36.75,ND,1.1022,1.4717,1.67,0.3019,0.0185,0.0099,0.0151,2.0969,ND,0.0020,0.0025,0.0019,0.0007,0.0005,0.0070,0.0214,0.0008,0.0166,0.0015,ND,ND,ND,ND,ND,ND,0,0,ND,ND,ND,50.31
6858.53,1,2.12,7.04,29.84,ND,1.3717,2.6964,1.30,0.4072,0.0585,0.0505,0.0234,3.8218,ND,0.0109,0.0060,0.0102,0.0013,0.0031,0.0129,0.0143,0.0010,0.0173,0.0023,0,ND,ND,ND,ND,ND,ND,0,ND,0.0010,ND,51.17
6858.97,1,1.94,0.53,14.88,0.0486,0.7343,ND,27.92,0.0877,0.0382,0.0093,0.0674,2.3716,ND,0.0027,0.0016,0.0019,0.0007,0.0010,0.0006,0.0947,0.0014,0.0028,ND,0,ND,ND,ND,ND,ND,ND,0,ND,0,ND,51.26
6859.50,1,1.62,5.56,33.78,ND,1.4302,1.9761,1.30,0.3818,0.0309,0.0205,0.0188,2.9581,ND,0.0045,0.0032,0.0032,0.0012,0.0018,0.0091,0.0172,0.0012,0.0219,0.0019,ND,ND,ND,ND,ND,ND,ND,0,ND,ND,ND,50.85
6860.03,1,2.01,7.27,31.06,ND,1.8327,2.6279,1.30,0.4068,0.0442,0.0242,0.0199,3.8560,ND,0.0076,0.0049,0.0099,0.0016,0.0019,0.0120,0.0177,0.0014,0.0208,0.0024,0,ND,ND,ND,ND,ND,ND,0,ND,0,ND,49.47
6860.50,1,2.01,6.67,30.85,ND,1.2108,2.3881,1.27,0.3767,0.0896,0.0450,0.0174,3.3962,ND,0.0154,0.0063,0.0119,0.0016,0.0042,0.0115,0.0166,0.0017,0.0175,0.0020,0,ND,ND,ND,ND,ND,0,0,ND,0,0,51.57
6861.00,1,2.04,5.93,34.05,ND,1.3044,2.1090,1.07,0.4014,0.0312,0.0210,0.0186,2.8450,ND,0.0051,0.0033,0.0054,0.0012,0.0013,0.0095,0.0171,0.0017,0.0224,0.0019,ND,ND,ND,ND,ND,ND,0,0,ND,0,ND,50.11
6861.50,1,1.25,4.48,36.12,ND,1.4379,1.4261,1.78,0.3094,0.0284,0.0105,0.0183,2.1289,ND,0.0019,0.0020,0.0024,0.0009,0.0007,0.0065,0.0180,0.0012,0.0178,0.0014,ND,ND,ND,ND,ND,ND,0,0,ND,0,ND,50.95
6862.03,1,1.86,4.77,34.93,ND,1.4891,1.5174,1.81,0.3466,0.0255,0.0070,0.0203,2.7053,ND,0.0032,0.0027,0.0025,0.0011,0.0009,0.0073,0.0183,0.0015,0.0180,0.0015,ND,ND,ND,ND,ND,ND,ND,0,ND,0,ND,50.46
6862.52,1,1.80,5.43,32.88,ND,1.2082,1.8509,1.84,0.3728,0.0338,0.0261,0.0198,2.9404,ND,0.0060,0.0048,0.0128,0.0010,0.0017,0.0087,0.0194,0.0019,0.0212,0.0019,0,ND,ND,ND,ND,ND,ND,0,ND,ND,ND,51.52
6863.00,1,1.92,4.67,18.77,1.6656,1.0242,1.2923,18.85,0.3161,0.0693,0.0314,0.0339,2.7653,ND,0.0059,0.0038,0.0046,0.0012,0.0016,0.0071,0.0808,0.0145,0.0128,0.0014,0,ND,ND,ND,ND,0,0,0,ND,0.0020,0,48.45
6863.50,1,1.62,6.20,33.41,ND,1.1232,2.1479,1.27,0.3732,0.0448,0.0223,0.0210,2.8925,ND,0.0041,0.0035,0.0039,0.0009,0.0014,0.0102,0.0195,0.0012,0.0196,0.0019,0,ND,ND,ND,ND,ND,ND,0,ND,0,0,50.81
6864.03,1,1.80,5.30,34.87,0.1474,1.4608,1.7383,1.55,0.3275,0.0256,0.0162,0.0217,2.7322,ND,0.0026,0.0027,0.0027,0.0014,0.0012,0.0078,0.0176,0.0014,0.0199,0.0017,ND,ND,ND,ND,ND,0,ND,0,ND,ND,ND,49.95
6864.50,1,2.14,5.51,31.68,ND,2.2472,1.8161,2.36,0.3625,0.0441,0.0263,0.0223,3.8483,ND,0.0069,0.0045,0.0054,0.0017,0.0022,0.0085,0.0174,0.0017,0.0173,0.0018,0,ND,ND,ND,ND,ND,0,0,0,ND,ND,49.87
6865.00,1,2.07,6.92,32.72,ND,1.4116,2.4021,0.43,0.4312,0.0467,0.0227,0.0185,3.6556,ND,0.0065,0.0046,0.0121,0.0014,0.0018,0.0113,0.0156,0.0015,0.0234,0.0023,ND,ND,ND,ND,ND,ND,ND,0,ND,0,ND,49.78
6865.50,1,2.00,4.86,34.73,ND,1.5259,1.6479,1.95,0.3287,0.0481,0.0202,0.0162,2.9207,ND,0.0063,0.0036,0.0081,0.0015,0.0023,0.0080,0.0185,0.0013,0.0164,0.0016,0,ND,ND,ND,ND,ND,ND,0,ND,0.0010,ND,49.89
6866.03,1,1.86,5.74,24.88,2.2493,2.3671,2.0522,3.84,0.3880,0.0485,0.0424,0.0238,4.1762,ND,0.0089,0.0045,0.0105,0.0024,0.0026,0.0110,0.0175,0.0021,0.0201,0.0023,0,ND,ND,ND,ND,ND,0,0,ND,0,0,52.25
6866.50,1,1.94,5.99,32.93,ND,1.2420,1.9929,1.79,0.4081,0.0417,0.0244,0.0196,3.1218,ND,0.0060,0.0036,0.0062,0.0010,0.0018,0.0094,0.0190,0.0025,0.0221,0.0022,0,ND,ND,ND,ND,ND,0,0,ND,ND,ND,50.42
6867.00,1,1.66,5.11,34.67,ND,1.2377,1.6941,1.59,0.3473,0.0365,0.0150,0.0198,2.7137,ND,0.0046,0.0027,0.0043,0.0011,0.0012,0.0082,0.0175,0.0017,0.0175,0.0022,0,ND,ND,ND,ND,ND,ND,0,ND,ND,ND,50.85
6867.53,1,1.60,2.15,11.86,ND,0.7003,0.3503,30.31,0.1819,0.0303,0.0107,0.1585,1.9201,ND,ND,0.0016,0.0021,0.0007,0.0007,0.0023,0.0408,0.0023,0.0091,0.0009,ND,ND,ND,ND,ND,ND,ND,0,ND,ND,ND,50.67
6868.03,1,1.66,4.69,35.06,ND,1.2702,1.5891,2.06,0.3385,0.0360,0.0164,0.0211,2.7209,ND,0.0054,0.0032,0.0033,0.0013,0.0015,0.0077,0.0197,0.0012,0.0187,0.0019,0.0010,ND,ND,ND,ND,ND,ND,0,ND,0,ND,50.47
6868.50,1,1.75,5.92,32.80,ND,1.0096,2.2160,1.43,0.3935,0.0763,0.0449,0.0227,2.9969,ND,0.0074,0.0041,0.0168,0.0011,0.0025,0.0111,0.0165,0.0014,0.0160,0.0021,0,ND,ND,ND,ND,ND,ND,0.0020,ND,ND,0,51.25
6869.00,1,1.97,5.91,32.95,ND,1.2455,2.1759,1.39,0.3277,0.0523,0.0290,0.0196,3.3321,ND,0.0076,0.0041,0.0118,0.0020,0.0030,0.0104,0.0139,0.0011,0.0152,0.0017,ND,ND,ND,ND,ND,ND,ND,0,ND,0.0010,0,50.53
6869.50,1,1.93,6.47,33.72,ND,1.0453,2.4114,0.59,0.3587,0.0520,0.0349,0.0190,3.3650,ND,0.0082,0.0045,0.0078,0.0012,0.0028,0.0118,0.0128,0.0008,0.0145,0.0022,0,ND,ND,ND,ND,ND,ND,0,ND,ND,ND,49.93
6870.03,1,1.88,6.03,32.06,0.5574,1.5713,2.2113,1.45,0.3804,0.0456,0.0284,0.0173,3.1778,ND,0.0051,0.0035,0.0063,0.0011,0.0021,0.0103,0.0195,0.0011,0.0184,0.0022,0,ND,ND,ND,ND,ND,ND,0,ND,0,ND,50.53
6870.50,1,1.73,4.91,35.75,ND,1.3544,1.7243,1.53,0.3084,0.0364,0.0119,0.0174,2.4846,ND,0.0032,0.0024,0.0087,0.0007,0.0011,0.0079,0.0205,0.0009,0.0149,0.0017,0,ND,ND,ND,ND,0,ND,0,ND,ND,ND,50.08
6870.98,1,1.55,5.53,34.16,ND,1.1805,1.9171,1.72,0.3172,0.0392,0.0187,0.0206,2.8748,ND,0.0045,0.0037,0.0038,0.0009,0.0013,0.0091,0.0200,0.0011,0.0178,0.0019,ND,ND,ND,ND,ND,0,ND,0,ND,ND,ND,50.60
6871.50,1,1.73,6.41,32.65,ND,1.9580,2.4496,0.71,0.3874,0.0391,0.0238,0.0200,3.6688,ND,0.0083,0.0049,0.4546,0.0012,0.0023,0.0120,0.0163,0.0014,0.0186,0.0023,0,ND,0,ND,ND,ND,ND,0,ND,ND,ND,49.43
6872.03,1,2.23,5.91,30.70,0.2212,1.1195,1.8987,4.34,0.3638,0.0667,0.0297,0.0219,3.1138,ND,0.0082,0.0039,0.0102,0.0011,0.0025,0.0093,0.0254,0.0035,0.0169,0.0019,0.0010,ND,ND,ND,ND,ND,0,0,ND,0,0,49.89
6872.50,1,1.56,4.98,33.53,ND,1.4251,1.6610,2.61,0.3379,0.0344,0.0204,0.0219,2.7333,ND,0.0047,0.0037,0.0043,0.0009,0.0015,0.0074,0.0209,0.0014,0.0182,0.0016,ND,ND,ND,ND,ND,0,ND,0,ND,ND,ND,51.02
6873.00,1,1.89,6.50,31.88,ND,1.4391,2.3222,1.93,0.4170,0.0369,0.0209,0.0236,3.5945,ND,0.0060,0.0036,0.0041,0.0011,0.0013,0.0106,0.0182,0.0015,0.0210,0.0027,ND,ND,ND,ND,ND,0,ND,0,ND,0,ND,49.86
6873.50,1,1.91,4.98,34.90,ND,1.1428,1.6440,2.66,0.3250,0.0280,0.0109,0.0203,2.5734,ND,0.0027,0.0022,0.0023,0.0008,0.0006,0.0075,0.0239,0.0015,0.0188,0.0019,ND,ND,ND,ND,ND,ND,ND,0,ND,ND,ND,49.74
6874.03,1,1.67,4.67,35.09,ND,1.6093,1.5231,2.11,0.3244,0.0253,0.0121,0.0173,2.7240,ND,0.0036,0.0024,0.0023,0.0010,0.0008,0.0072,0.0208,0.0016,0.0192,0.0016,ND,ND,ND,ND,ND,ND,ND,0,ND,0,ND,50.17
6874.51,1,1.62,4.12,37.20,ND,0.9586,1.3411,2.12,0.2989,0.0292,0.0084,0.0144,1.9768,ND,ND,0.0019,0.0016,0.0007,0.0004,0.0057,0.0196,0.0014,0.0176,0.0013,ND,ND,ND,ND,ND,ND,ND,0,ND,ND,ND,50.27
6875.00,1,1.93,5.84,33.91,ND,1.3756,1.8352,1.78,0.3490,0.0297,0.0100,0.0164,2.5851,ND,0.0020,0.0032,0.0288,0.0007,0.0006,0.0085,0.0233,0.0015,0.0251,0.0017,ND,ND,ND,ND,ND,ND,ND,0,ND,0,ND,50.24
6875.53,1,1.59,4.59,34.27,ND,1.1386,1.4061,3.39,0.3103,0.0284,0.0146,0.0201,2.5100,ND,0.0028,0.0020,0.0021,0.0011,0.0008,0.0067,0.0243,0.0014,0.0173,0.0014,ND,ND,ND,ND,ND,ND,0,0.0010,ND,0,ND,50.68
6876.03,1,1.66,4.89,23.93,0.1840,1.9683,1.4383,12.85,0.3183,0.0622,0.0249,0.0286,3.3693,ND,0.0054,0.0035,0.0027,0.0011,0.0016,0.0071,0.0774,0.0045,0.0153,0.0015,0,ND,ND,ND,ND,ND,0,0,ND,0,ND,49.16
6876.50,1,1.80,5.64,33.44,ND,1.7176,1.8744,1.39,0.3662,0.0449,0.0158,0.0188,3.1614,ND,0.0031,0.0032,0.0030,0.0015,0.0011,0.0084,0.0186,0.0015,0.0198,0.0019,ND,ND,ND,ND,ND,ND,0,0,ND,ND,ND,50.47
6876.99,1,1.93,3.04,20.08,0.5051,1.4241,0.6662,20.38,0.2389,0.0311,0.0119,0.0284,2.4435,ND,0.0031,0.0026,0.0026,0.0010,0.0008,0.0036,0.1055,0.0057,0.0110,0.0011,ND,ND,ND,ND,ND,ND,ND,0,ND,0,ND,49.09
6877.50,1,1.47,5.44,34.29,ND,1.9855,1.7395,1.22,0.3326,0.0314,0.0149,0.0177,3.2913,ND,0.0064,0.0043,0.0054,0.0015,0.0012,0.0076,0.0181,0.0013,0.0204,0.0018,ND,ND,ND,ND,ND,ND,ND,0,ND,0.0010,ND,50.10
6878.03,1,1.58,4.85,34.77,ND,1.4396,1.5738,2.11,0.3128,0.0236,0.0142,0.0218,2.6694,ND,0.0043,0.0023,0.0058,0.0011,0.0011,0.0075,0.0199,0.0012,0.0151,0.0015,ND,ND,ND,ND,ND,0,ND,0.0010,ND,0,ND,50.58
6878.49,1,2.09,6.54,32.07,ND,0.9142,2.3679,1.99,0.3753,0.0506,0.0302,0.0213,3.3537,ND,0.0069,0.0036,0.0047,0.0012,0.0018,0.0114,0.0200,0.0013,0.0167,0.0020,ND,ND,ND,ND,ND,ND,ND,0,ND,0.0010,ND,50.13
6879.00,1,1.70,5.76,34.13,ND,1.4237,2.0408,1.18,0.3259,0.0255,0.0170,0.0199,3.0872,ND,0.0050,0.0030,0.0052,0.0008,0.0013,0.0094,0.0171,0.0011,0.0174,0.0020,ND,ND,ND,ND,ND,ND,0,0,ND,ND,ND,50.23
6879.54,1,2.21,5.78,32.64,ND,1.8407,2.0271,1.56,0.3581,0.0272,0.0216,0.0204,3.5148,ND,0.0065,0.0043,0.0094,0.0017,0.0013,0.0093,0.0171,0.0014,0.0179,0.0017,ND,ND,ND,ND,ND,ND,ND,0,ND,ND,ND,49.93
6880.03,1,1.96,6.55,33.36,ND,1.2136,2.2753,0.49,0.4156,0.0334,0.0178,0.0208,3.4834,ND,0.0057,0.0033,0.0055,0.0012,0.0015,0.0110,0.0150,0.0012,0.0204,0.0021,ND,ND,ND,ND,ND,ND,ND,0,ND,0,ND,50.10
6880.50,1,1.98,6.23,32.08,ND,1.2893,2.2874,1.28,0.3433,0.0662,0.0280,0.0224,3.4805,ND,0.0057,0.0034,0.0068,0.0014,0.0019,0.0113,0.0177,0.0008,0.0146,0.0017,ND,ND,ND,ND,ND,ND,ND,0,ND,ND,ND,50.84
6881.00,1,1.84,5.97,33.01,ND,1.7855,2.1384,1.15,0.3415,0.0325,0.0185,0.0198,3.6445,ND,0.0072,0.0041,0.0054,0.0013,0.0015,0.0101,0.0161,0.0010,0.0150,0.0016,ND,ND,ND,ND,ND,ND,ND,0,ND,0.0010,ND,49.99
6881.57,1,1.98,6.80,28.93,0.6013,1.4043,2.4589,4.50,0.3779,0.0530,0.0269,0.0212,3.6436,ND,0.0072,0.0046,0.0040,0.0010,0.0021,0.0131,0.0314,0.0032,0.0142,0.0022,0,ND,ND,ND,ND,ND,0,0,ND,0,0,49.12
6882.03,1,1.72,5.51,32.66,0.1314,1.9313,2.0687,1.17,0.3021,0.0364,0.0257,0.0163,3.3678,ND,0.0076,0.0046,0.0189,0.0014,0.0019,0.0108,0.0125,0.0007,0.0138,0.0019,ND,ND,ND,ND,ND,ND,ND,0,ND,ND,ND,50.99
6882.50,1,1.75,5.63,35.21,ND,1.0446,2.1279,0.14,0.3062,0.0298,0.0207,0.0168,3.0038,ND,0.0083,0.0038,0.0070,0.0009,0.0021,0.0104,0.0117,0.0009,0.0126,0.0016,ND,ND,ND,ND,ND,ND,ND,0,ND,ND,ND,50.66
6883.02,1,1.89,6.23,33.76,ND,1.3461,2.3752,0.37,0.3669,0.0349,0.0177,0.0191,3.6110,ND,0.0089,0.0051,0.0287,0.0013,0.0018,0.0117,0.0133,0.0013,0.0155,0.0021,0,ND,ND,ND,ND,ND,0,0,ND,0.0010,ND,49.87
6883.55,1,1.80,5.73,28.38,0.1030,1.9157,1.9166,6.33,0.3444,0.0321,0.0196,0.0248,3.7553,ND,0.0099,0.0046,0.0062,0.0013,0.0019,0.0099,0.0324,0.0032,0.0160,0.0018,0,ND,ND,ND,ND,0,ND,0,ND,0,0,49.55
6884.09,1,1.91,5.91,33.42,0.1304,1.3684,2.2181,1.20,0.3153,0.0354,0.0224,0.0202,3.4562,ND,0.0072,0.0044,0.0137,0.0007,0.0018,0.0106,0.0145,0.0011,0.0146,0.0017,0.0004,ND,ND,ND,ND,ND,0.0005,0.0017,ND,ND,ND,50
6884.50,1,1.34,5.75,34.72,ND,1.5124,2.0123,0.50,0.3190,0.0355,0.0208,0.0155,3.1957,ND,0.0074,0.0045,0.0065,0.0012,0.0016,0.0102,0.0136,0.0009,0.0148,0.0018,0.0004,ND,ND,0.0025,ND,ND,ND,0.0014,ND,ND,ND,51
6885.00,1,1.60,1.02,17.14,0.1181,1.5954,0.1105,26.48,0.1000,0.0220,0.0056,0.0309,2.4956,ND,0.0038,0.0021,0.0015,0.0011,0.0013,0.0013,0.1146,0.0017,0.0043,ND,0.0005,ND,ND,ND,ND,ND,ND,0.0009,ND,0.0020,ND,49
6885.50,1,1.17,3.42,25.30,0.1293,1.3087,0.9999,14.70,0.2355,0.0374,0.0210,0.0300,2.6523,ND,0.0066,0.0032,0.0039,0.0010,0.0017,0.0056,0.0660,0.0027,0.0096,0.0012,ND,ND,ND,ND,ND,ND,ND,0.0011,ND,ND,ND,50
6886.03,1,1.47,5.60,35.24,ND,1.0949,2.0654,0.55,0.3395,0.0435,0.0287,0.0165,2.9810,ND,0.0080,0.0041,0.0080,0.0007,0.0027,0.0101,0.0123,0.0009,0.0155,0.0019,ND,ND,ND,ND,ND,ND,ND,0.0013,ND,ND,ND,50.50
6886.50,1,1.64,5.81,35.18,ND,1.3004,2.1071,0.69,0.3334,0.0424,0.0193,0.0185,3.3523,ND,0.0062,0.0048,0.0060,0.0012,0.0021,0.0103,0.0165,0.0010,0.0146,0.0018,ND,ND,ND,ND,ND,0.0011,ND,0.0015,ND,ND,ND,49.44
6887.00,1,1.68,6.08,34.61,ND,1.3984,2.2500,0.19,0.3689,0.0506,0.0282,0.0152,3.2653,ND,0.0095,0.0045,0.0219,0.0011,0.0024,0.0105,0.0155,0.0008,0.0174,0.0021,0.0004,ND,ND,ND,ND,ND,ND,0.0015,ND,ND,0.0006,49.98
6887.50,1,1.57,5.66,35.26,ND,1.3772,2.0374,0.62,0.3490,0.0292,0.0125,0.0168,2.8356,ND,0.0033,0.0029,0.0035,0.0010,0.0012,0.0090,0.0181,0.0010,0.0198,0.0017,ND,ND,ND,ND,ND,ND,ND,0.0015,ND,ND,ND,50.18
6888.03,1,1.64,6.48,32.73,ND,1.5167,2.2701,0.77,0.3685,0.0349,0.0284,0.0192,3.8352,ND,0.0098,0.0048,0.0170,0.0013,0.0021,0.0115,0.0145,0.0014,0.0208,0.0023,ND,ND,ND,ND,ND,ND,0.0005,0.0020,ND,ND,ND,50.23
6888.50,1,1.85,5.11,34.04,0.2438,1.4440,1.7893,2.23,0.3531,0.0356,0.0238,0.0184,3.2110,ND,0.0068,0.0038,0.0038,0.0016,0.0022,0.0086,0.0204,0.0010,0.0197,0.0017,ND,ND,ND,ND,ND,0.0011,ND,0.0015,ND,0.0011,ND,49.58
6889.00,1,1.62,5.49,34.24,ND,0.9848,1.9273,1.22,0.3545,0.0297,0.0174,0.0208,2.6918,ND,0.0024,0.0033,0.0022,0.0009,0.0014,0.0089,0.0169,0.0009,0.0243,0.0021,ND,ND,ND,ND,ND,ND,ND,0.0011,ND,0.0013,ND,51.34
6889.52,1,1.72,3.65,23.27,0.2481,0.7191,1.0929,16.72,0.2163,0.0363,0.0200,0.0272,1.9368,ND,0.0041,0.0025,0.0015,0.0006,0.0010,0.0058,0.0623,0.0026,0.0091,0.0011,ND,ND,ND,ND,ND,ND,ND,0.0009,ND,0.0014,ND,50.26
6890.04,1,1.74,5.66,33.06,ND,1.6333,2.0237,1.81,0.3263,0.0417,0.0229,0.0191,3.1733,ND,0.0060,0.0037,0.0028,0.0015,0.0016,0.0102,0.0188,0.0011,0.0158,0.0019,ND,ND,ND,ND,ND,0.0011,ND,0.0014,ND,0.0010,ND,50.43
6890.50,1,1.73,5.89,32.35,ND,1.6992,2.1501,1.88,0.3602,0.0459,0.0314,0.0187,3.6483,ND,0.0074,0.0038,0.0029,0.0018,0.0023,0.0108,0.0198,0.0010,0.0166,0.0022,0.0004,ND,ND,ND,ND,0.0013,ND,0.0017,ND,0.0013,ND,50.12
6891.00,1,1.84,0.57,5.77,ND,0.2384,0.0366,36.78,0.0906,0.0436,0.0073,0.1494,1.5275,ND,ND,ND,0.0009,ND,0.0004,0.0008,0.0660,0.0009,0.0031,ND,ND,ND,ND,ND,ND,ND,ND,ND,ND,0.0012,ND,52.88
6891.50,1,3.51,0.57,4.70,0.0326,0.2730,0.0250,35.87,0.1099,0.0605,ND,0.1056,2.2379,ND,ND,0.0010,0.0009,0.0003,0.0004,0.0007,0.0622,0.0006,0.0029,0.0008,ND,ND,ND,ND,ND,ND,ND,ND,ND,0.0020,ND,52.42
6892.04,1,1.11,2.12,22.70,0.1023,1.0756,0.4873,19.75,0.1799,0.0239,0.0116,0.0339,1.9347,ND,0.0034,0.0014,0.0014,0.0006,0.0010,0.0032,0.0870,0.0018,0.0082,0.0011,ND,ND,ND,ND,ND,ND,ND,0.0009,ND,0.0020,ND,50.36
6892.50,1,1.76,5.41,33.34,ND,1.4583,1.9398,2.13,0.3438,0.0451,0.0208,0.0215,3.2497,ND,0.0059,0.0038,0.0110,0.0013,0.0021,0.0096,0.0195,0.0011,0.0170,0.0022,0.0004,ND,ND,ND,ND,ND,ND,0.0019,ND,ND,ND,50.20
6893.00,1,1.59,5.81,33.66,ND,1.1486,2.0964,1.63,0.3651,0.0319,0.0240,0.0212,3.1909,ND,0.0060,0.0036,0.0068,0.0011,0.0014,0.0100,0.0156,0.0012,0.0172,0.0019,ND,ND,ND,ND,ND,ND,ND,0.0016,ND,0.0010,ND,50.36
6893.50,1,1.72,6.53,32.99,ND,1.1011,2.3053,1.10,0.3756,0.0389,0.0108,0.0250,3.4224,ND,0.0085,0.0036,0.0121,0.0008,0.0014,0.0117,0.0157,0.0020,0.0170,0.0023,0.0005,ND,ND,ND,ND,0.0013,ND,0.0015,ND,ND,0.0008,50.30
6894.04,1,1.60,4.56,23.74,4.2148,1.4943,1.3931,10.93,0.3004,0.0660,0.0309,0.0229,3.3580,ND,0.0091,0.0045,0.0072,0.0019,0.0018,0.0080,0.0769,0.0219,0.0115,0.0017,0.0011,ND,ND,ND,ND,ND,ND,0.0014,ND,0.0018,0.0024,48.13
6894.50,1,1.75,5.71,31.93,0.0997,1.4987,2.0525,1.93,0.3491,0.0451,0.0236,0.0195,3.6486,ND,0.0072,0.0037,0.0052,0.0021,0.0022,0.0103,0.0204,0.0011,0.0155,0.0020,0.0006,ND,ND,ND,ND,ND,ND,0.0020,ND,0.0010,ND,50.87
6895.00,1,1.80,5.96,33.60,ND,1.5604,2.0811,1.58,0.3795,0.0332,0.0178,0.0205,3.4625,ND,0.0049,0.0029,0.0036,0.0013,0.0017,0.0099,0.0198,0.0010,0.0171,0.0022,ND,ND,ND,ND,ND,ND,ND,0.0014,ND,ND,ND,49.43
6895.50,1,1.71,6.21,31.72,ND,1.5383,2.2174,1.57,0.3669,0.0348,0.0206,0.0200,3.9334,ND,0.0081,0.0043,0.0060,0.0016,0.0017,0.0108,0.0165,0.0013,0.0182,0.0022,ND,ND,ND,ND,ND,0.0017,ND,0.0018,ND,0.0016,ND,50.59
6896.03,1,1.86,6.33,32.65,ND,1.1798,2.2222,1.72,0.3637,0.0552,0.0234,0.0235,3.2528,ND,0.0056,0.0039,0.0038,0.0012,0.0021,0.0111,0.0250,0.0016,0.0170,0.0022,ND,ND,ND,ND,ND,ND,ND,0.0018,ND,0.0013,ND,50.24
6896.50,1,2.56,6.89,32.04,ND,1.3612,2.4894,1.32,0.4032,0.0375,0.0127,0.0430,4.0136,ND,0.0079,0.0054,0.0059,0.0012,0.0015,0.0122,0.0166,0.0018,0.0175,0.0026,ND,ND,ND,ND,ND,0.0011,ND,0.0021,ND,ND,ND,48.75
6897.00,1,1.98,6.12,32.81,ND,1.1141,2.1376,1.61,0.3958,0.0320,0.0160,0.0235,3.2678,ND,0.0062,0.0028,0.0042,0.0011,0.0012,0.0105,0.0182,0.0017,0.0179,0.0021,ND,ND,ND,ND,ND,ND,0.0005,0.0019,ND,ND,ND,50.43
6897.50,1,2.22,6.64,32.12,ND,1.0850,2.3868,1.25,0.3962,0.0394,0.0105,0.0374,3.7062,ND,0.0090,0.0046,0.0057,0.0010,0.0010,0.0119,0.0153,0.0020,0.0177,0.0022,ND,ND,ND,ND,ND,ND,0.0005,0.0018,ND,0.0009,ND,50.04
6898.03,1,1.93,6.20,34.13,ND,1.0725,2.2297,0.56,0.3879,0.0271,0.0132,0.0243,3.2358,ND,0.0120,0.0029,0.0059,0.0008,0.0007,0.0113,0.0170,0.0021,0.0188,0.0024,0.0010,ND,ND,ND,ND,ND,0.0005,0.0016,ND,0.0011,ND,50.11
6898.50,1,1.98,6.58,33.95,ND,1.3293,2.2869,1.05,0.3853,0.0325,0.0197,0.0256,3.5827,ND,0.0062,0.0042,0.0034,0.0012,0.0018,0.0114,0.0184,0.0018,0.0212,0.0031,ND,ND,ND,ND,ND,0.0011,0.0005,0.0018,ND,0.0016,ND,48.69
6899.00,1,1.60,6.19,32.41,ND,1.6837,2.2212,1.72,0.3604,0.0462,0.0274,0.0251,3.8616,ND,0.0065,0.0050,0.0032,0.0018,0.0022,0.0109,0.0196,0.0017,0.0165,0.0023,ND,ND,ND,ND,ND,ND,ND,0.0022,ND,ND,ND,49.78
6899.50,1,2.03,6.57,33.07,ND,1.8429,2.3118,1.09,0.3920,0.0335,0.0123,0.0256,4.2201,ND,0.0082,0.0044,0.0053,0.0010,0.0009,0.0110,0.0213,0.0015,0.0184,0.0023,ND,ND,ND,ND,ND,0.0014,ND,0.0021,ND,ND,ND,48.33
6900.03,1,1.80,7.40,32.25,ND,1.6343,2.6246,0.19,0.4021,0.0391,0.0168,0.0254,4.0427,ND,0.0136,0.0051,0.0090,0.0012,0.0016,0.0133,0.0215,0.0019,0.0183,0.0026,0.0008,ND,ND,ND,ND,0.0015,ND,0.0021,ND,0.0012,ND,49.48
6900.50,1,1.64,6.44,34.30,ND,1.1772,2.2502,0.69,0.4071,0.0399,0.0181,0.0210,3.2663,ND,0.0073,0.0034,0.0058,0.0006,0.0012,0.0115,0.0174,0.0018,0.0187,0.0021,0.0005,ND,ND,ND,ND,0.0013,ND,0.0019,ND,ND,ND,49.67
6901.00,1,1.70,6.42,32.50,0.0960,1.7744,2.2771,1.06,0.3748,0.0374,0.0204,0.0223,3.9579,ND,0.0090,0.0042,0.0053,0.0018,0.0018,0.0113,0.0199,0.0018,0.0179,0.0024,0.0005,ND,ND,ND,ND,ND,0.0006,0.0021,ND,ND,ND,49.67
6901.50,1,2.23,7.53,31.32,ND,1.5443,2.7034,0.52,0.4460,0.0400,0.0137,0.0294,4.2089,ND,0.0113,0.0057,0.0075,0.0010,0.0010,0.0138,0.0218,0.0019,0.0174,0.0027,0.0006,ND,ND,ND,ND,ND,ND,0.0018,ND,0.0010,0.0007,49.33
6902.04,1,1.89,7.57,31.81,ND,1.6336,2.6370,0.28,0.4188,0.0396,0.0189,0.0267,3.9624,ND,0.0105,0.0052,0.0062,0.0011,0.0016,0.0133,0.0215,0.0018,0.0197,0.0023,0.0013,ND,ND,ND,ND,ND,0.0006,0.0021,ND,0.0010,ND,49.62
6902.50,1,1.97,7.56,30.99,ND,1.8080,2.7164,0.95,0.4580,0.0406,0.0240,0.0260,4.4672,ND,0.0097,0.0057,0.0032,0.0017,0.0022,0.0131,0.0202,0.0018,0.0198,0.0027,0.0004,ND,ND,ND,ND,ND,0.0005,0.0024,ND,ND,ND,48.90
6903.00,1,1.78,4.63,36.84,ND,1.0256,1.4857,1.20,0.2998,0.0302,0.0088,0.0136,2.4345,ND,0.0021,0.0024,0.0018,0.0007,0.0006,0.0072,0.0250,0.0012,0.0211,0.0017,0.0004,ND,ND,ND,ND,0.0010,ND,0.0013,ND,ND,ND,50.19
6903.50,1,1.25,4.19,36.97,ND,0.6568,1.3550,1.16,0.3182,0.0197,0.0066,0.0136,1.9047,ND,ND,0.0020,0.0012,0.0006,0.0003,0.0065,0.0252,0.0012,0.0251,0.0014,ND,ND,ND,ND,ND,ND,ND,0.0011,ND,0.0010,0.0005,52.09
6904.03,1,2.26,8.45,30.90,ND,1.3169,3.1639,0.18,0.4333,0.0428,0.0219,0.0196,3.9996,ND,0.0090,0.0056,0.0053,0.0009,0.0014,0.0157,0.0157,0.0018,0.0178,0.0027,0.0004,ND,ND,ND,ND,ND,0.0006,0.0019,ND,0.0012,0.0007,49.13
6904.50,1,2.04,8.15,30.34,ND,1.0134,3.2166,0.13,0.4081,0.0591,0.0333,0.0193,3.7829,ND,0.0085,0.0041,0.0072,0.0012,0.0023,0.0159,0.0165,0.0013,0.0172,0.0025,0.0004,ND,ND,ND,ND,0.0012,0.0005,0.0019,ND,0.0017,ND,50.73
6905.00,1,2.10,8.01,30.76,ND,1.3399,2.9711,0.28,0.4281,0.0347,0.0179,0.0185,3.8312,ND,0.0077,0.0066,0.0129,0.0008,0.0013,0.0149,0.0246,0.0016,0.0188,0.0022,0.0005,ND,ND,ND,ND,ND,0.0005,0.0017,ND,0.0016,0.0006,50.11
6905.50,1,1.87,7.73,31.06,ND,1.3199,2.9465,0.14,0.4266,0.0570,0.0387,0.0194,3.8705,ND,0.0100,0.0051,0.0109,0.0014,0.0023,0.0147,0.0167,0.0015,0.0179,0.0026,0.0007,ND,ND,ND,ND,ND,ND,0.0024,ND,0.0012,ND,50.44
6906.07,1,2.22,8.94,30.47,ND,1.1464,3.4499,ND,0.4681,0.0462,0.0149,0.0201,4.1303,ND,0.0098,0.0050,0.0406,0.0009,0.0013,0.0170,0.0140,0.0017,0.0190,0.0029,0.0006,ND,ND,ND,ND,ND,ND,0.0022,ND,ND,ND,48.98
6906.50,1,1.86,8.25,31.17,ND,1.2308,3.1587,ND,0.4362,0.0417,0.0196,0.0225,3.5040,ND,0.0075,0.0042,0.0083,0.0010,0.0014,0.0145,0.0157,0.0017,0.0218,0.0027,ND,ND,ND,ND,ND,ND,ND,0.0022,ND,ND,ND,50.22
6907.00,1,1.25,4.08,37.66,ND,0.5020,1.2751,1.62,0.3278,0.0267,0.0056,0.0140,1.6099,ND,ND,0.0016,0.0013,0.0005,0.0002,0.0060,0.0208,0.0013,0.0259,0.0017,ND,ND,ND,ND,ND,ND,ND,0.0010,ND,ND,ND,51.56
6907.50,1,1.31,4.09,34.99,ND,0.5085,1.2275,2.40,0.3247,0.0172,0.0052,0.0151,1.6041,ND,ND,0.0018,0.0012,0.0006,0.0002,0.0059,0.0241,0.0016,0.0266,0.0018,ND,ND,ND,ND,ND,ND,ND,0.0009,ND,0.0014,ND,53.44
6908.03,1,1.86,5.50,34.60,0.0391,0.8274,1.6758,1.68,0.3551,0.0264,0.0079,0.0143,1.8710,ND,0.0012,0.0022,0.0013,0.0003,0.0003,0.0064,0.0235,0.0017,0.0284,0.0018,ND,ND,ND,ND,ND,ND,ND,0.0012,ND,ND,ND,51.48
6908.50,1,1.53,5.24,34.31,0.0642,1.0884,1.5716,2.05,0.3430,0.0260,0.0053,0.0140,1.9270,ND,0.0017,0.0018,0.0011,0.0004,0.0003,0.0068,0.0227,0.0012,0.0257,0.0017,ND,ND,ND,ND,ND,ND,ND,0.0012,ND,ND,ND,51.76
6909.00,1,1.82,4.78,35.08,ND,0.7192,1.4021,1.50,0.3400,0.0239,0.0082,0.0111,1.7652,ND,ND,0.0016,0.0014,0.0004,0.0002,0.0068,0.0222,0.0015,0.0294,0.0015,ND,ND,ND,ND,ND,ND,ND,0.0012,ND,0.0012,ND,52.49
6909.50,1,1.82,5.22,32.43,ND,0.8216,1.5410,1.88,0.3801,0.0281,0.0080,0.0171,1.8082,ND,ND,0.0014,0.0015,0.0005,ND,0.0065,0.0250,0.0022,0.0275,0.0017,ND,ND,ND,ND,ND,ND,ND,0.0010,ND,ND,ND,53.98
6910.03,1,1.98,6.79,33.25,ND,1.6817,2.1224,0.89,0.4260,0.0343,0.0236,0.0168,2.9988,ND,0.0062,0.0032,0.0024,0.0016,0.0013,0.0094,0.0242,0.0018,0.0266,0.0025,ND,ND,ND,ND,ND,0.0011,ND,0.0015,ND,ND,ND,49.71
6910.49,1,2.40,2.97,29.12,0.0782,0.6628,0.5580,7.53,0.2773,0.0351,0.0052,0.0186,0.9493,ND,ND,0.0011,0.0010,0.0004,0.0002,0.0032,0.0801,0.0026,0.0259,0.0013,ND,ND,ND,ND,ND,ND,ND,0.0007,ND,0.0019,ND,55.29
6911.00,1,2.00,5.99,31.99,ND,0.8128,1.6877,1.39,0.3736,0.0326,0.0104,0.0149,1.9213,ND,0.0013,0.0023,0.0018,0.0005,0.0004,0.0077,0.0325,0.0014,0.0256,0.0020,ND,ND,ND,ND,ND,0.0012,ND,0.0012,ND,0.0014,ND,53.70
6911.50,1,1.60,5.58,33.59,ND,0.5436,1.6360,1.90,0.3739,0.0262,0.0090,0.0185,1.8963,ND,0.0015,0.0026,0.0014,0.0005,0.0004,0.0072,0.0327,0.0019,0.0265,0.0019,ND,ND,ND,ND,ND,ND,ND,0.0012,ND,ND,ND,52.75
6912.03,1,1.84,6.74,32.52,ND,1.1583,2.0569,1.11,0.4319,0.0403,0.0076,0.0173,2.0094,ND,ND,0.0024,0.0020,0.0005,0.0003,0.0083,0.0495,0.0019,0.0281,0.0020,ND,ND,ND,ND,ND,ND,ND,0.0013,ND,ND,ND,51.97
6912.50,1,1.82,5.41,31.94,ND,0.7223,1.6972,2.03,0.3875,0.0304,0.0092,0.0164,1.8449,ND,ND,0.0020,0.0019,0.0004,0.0002,0.0073,0.0410,0.0020,0.0280,0.0023,ND,ND,ND,ND,ND,ND,ND,0.0015,ND,0.0014,ND,54.01
6913.00,1,2.30,4.97,28.60,ND,0.8282,1.3581,4.45,0.3340,0.0341,0.0051,0.0270,2.1268,ND,ND,0.0022,0.0013,0.0004,ND,0.0057,0.0432,0.0017,0.0254,0.0013,ND,ND,ND,ND,ND,ND,ND,0.0011,ND,ND,ND,54.89
6913.50,1,1.82,4.97,31.27,ND,0.7216,1.3831,4.09,0.3287,0.0268,0.0065,0.0253,2.0483,ND,0.0018,0.0016,0.0013,0.0006,ND,0.0063,0.0387,0.0014,0.0259,0.0016,ND,ND,ND,ND,ND,ND,ND,0.0011,ND,ND,ND,53.24
6914.03,1,1.81,4.60,32.57,ND,0.5720,1.3023,4.68,0.3346,0.0218,0.0063,0.0322,2.2106,ND,0.0015,0.0014,0.0015,0.0006,0.0003,0.0060,0.0416,0.0015,0.0276,0.0018,ND,ND,ND,ND,ND,ND,ND,0.0009,ND,0.0012,ND,51.77
6914.50,1,5.03,2.16,11.68,0.0732,0.3427,0.3898,19.31,0.1363,0.0228,0.0084,0.1861,6.0969,ND,ND,0.0010,0.0013,0.0004,ND,0.0025,0.0374,0.0033,0.0092,0.0007,ND,ND,ND,ND,ND,ND,0.0006,ND,ND,0.0014,ND,54.49
6915.00,1,4.51,3.17,20.45,ND,0.3360,0.7151,13.05,0.2182,0.0194,0.0055,0.1287,5.2293,ND,ND,0.0010,0.0009,ND,ND,0.0040,0.0238,0.0019,0.0182,0.0012,ND,ND,ND,ND,ND,ND,ND,0.0010,ND,ND,ND,52.12
6915.50,1,1.78,5.32,33.90,ND,0.9725,1.9880,1.14,0.3114,0.0343,0.0305,0.0164,2.9003,ND,0.0062,0.0043,0.0067,0.0012,0.0022,0.0097,0.0142,0.0008,0.0131,0.0018,ND,ND,ND,ND,ND,ND,ND,0.0014,ND,ND,ND,51.54
6916.03,2,1.44,3.75,25.65,ND,0.7304,0.7967,12.50,0.3104,0.0259,0.0062,0.0620,1.7107,ND,ND,0.0020,0.0016,0.0005,ND,0.0046,0.0274,0.0018,0.0233,0.0013,ND,ND,ND,ND,ND,0.0015,ND,0.0011,ND,0.0014,ND,52.95
6916.50,2,3.32,1.89,11.82,0.0676,0.4472,0.2146,24.60,0.1945,0.0527,ND,0.1029,3.1750,ND,ND,0.0015,0.0009,ND,0.0002,0.0017,0.0980,0.0028,0.0083,ND,ND,ND,ND,ND,ND,ND,ND,0.0009,ND,0.0025,ND,53.99
6917.00,2,3.46,4.18,22.72,ND,0.5835,0.9445,9.77,0.2269,0.0175,0.0076,0.1012,4.5731,ND,ND,0.0027,0.0017,0.0004,0.0004,0.0053,0.0314,0.0020,0.0173,0.0016,ND,ND,ND,ND,ND,ND,ND,0.0011,ND,ND,ND,53.35
6917.50,2,2.12,5.52,30.41,ND,0.9355,1.5977,3.97,0.3267,0.0305,0.0080,0.0415,2.8545,ND,0.0023,0.0020,0.0022,0.0005,0.0005,0.0082,0.0381,0.0018,0.0211,0.0022,ND,ND,ND,ND,ND,ND,0.0007,0.0016,ND,0.0012,ND,52.11
6918.03,2,2.55,5.97,31.30,0.0247,1.4450,1.7416,1.28,0.3921,0.0342,0.0119,0.0165,2.2892,ND,0.0026,0.0020,0.0019,0.0010,0.0008,0.0093,0.0459,0.0022,0.0225,0.0021,ND,ND,ND,ND,ND,ND,0.0005,0.0014,ND,0.0010,ND,52.85
6918.50,2,1.95,6.15,33.11,ND,1.1087,1.9509,1.24,0.3779,0.0352,0.0089,0.0170,2.1922,ND,0.0023,0.0025,0.0022,0.0009,0.0006,0.0085,0.0393,0.0017,0.0238,0.0018,ND,ND,ND,ND,ND,ND,ND,0.0012,ND,ND,ND,51.77
6919.00,2,1.86,6.19,33.37,ND,1.1793,2.0285,1.27,0.3788,0.0357,0.0104,0.0166,2.5283,ND,0.0019,0.0022,0.0023,0.0009,0.0005,0.0088,0.0404,0.0017,0.0231,0.0019,ND,ND,ND,ND,ND,0.0012,ND,0.0015,ND,ND,ND,51.04
6919.50,2,1.93,6.06,32.80,ND,0.9482,2.0085,1.21,0.3782,0.0266,0.0117,0.0182,2.3712,ND,0.0020,0.0019,0.0022,0.0010,0.0005,0.0096,0.0346,0.0018,0.0228,0.0020,ND,ND,ND,ND,ND,0.0011,ND,0.0014,ND,ND,ND,52.16
6920.03,2,2.20,6.87,32.12,ND,1.2544,2.1266,0.90,0.3806,0.0367,0.0094,0.0206,2.3867,ND,ND,0.0023,0.0023,0.0005,0.0005,0.0092,0.0326,0.0017,0.0228,0.0021,ND,ND,ND,ND,ND,ND,ND,0.0015,ND,0.0012,ND,51.62
6920.50,2,2.22,6.55,25.05,0.6846,1.4110,2.3314,6.96,0.4427,0.0367,0.0184,0.0321,3.9580,ND,0.0052,0.0038,0.0028,0.0015,0.0009,0.0123,0.0519,0.0078,0.0200,0.0026,ND,ND,ND,ND,ND,ND,0.0006,0.0020,ND,0.0020,ND,50.20
6921.00,2,1.58,6.03,32.84,ND,0.8411,1.9266,1.20,0.3752,0.0300,0.0084,0.0181,2.2909,ND,0.0017,0.0026,0.0021,0.0005,0.0003,0.0087,0.0338,0.0018,0.0235,0.0020,ND,ND,ND,ND,ND,0.0012,ND,0.0014,ND,ND,ND,52.78
6921.50,2,2.09,5.91,34.16,ND,0.7591,1.9636,1.39,0.3758,0.0246,0.0083,0.0171,2.3236,ND,0.0026,0.0022,0.0132,0.0005,0.0004,0.0082,0.0260,0.0017,0.0227,0.0019,ND,ND,ND,ND,ND,0.0013,ND,0.0014,ND,0.0013,ND,50.89
6922.03,2,1.88,6.44,33.24,ND,1.1804,2.0112,1.06,0.3410,0.0288,0.0104,0.0169,2.2072,ND,0.0021,0.0026,0.0015,0.0007,0.0005,0.0076,0.0299,0.0014,0.0213,0.0015,ND,ND,ND,ND,ND,ND,ND,0.0010,ND,0.0011,ND,51.51
6922.50,2,2.02,5.94,32.83,ND,1.3824,1.8639,1.25,0.3628,0.0354,0.0122,0.0158,2.4433,ND,0.0031,0.0031,0.0027,0.0007,0.0009,0.0088,0.0297,0.0018,0.0252,0.0022,0.0003,ND,ND,ND,ND,ND,ND,0.0014,ND,0.0011,ND,51.77
6923.00,2,1.70,6.30,33.01,0.2549,1.7685,1.9818,1.08,0.4003,0.0321,0.0152,0.0182,3.0979,ND,0.0047,0.0037,0.0039,0.0014,0.0010,0.0092,0.0296,0.0018,0.0261,0.0023,ND,ND,ND,ND,ND,0.0011,ND,0.0019,ND,0.0013,ND,50.25
6923.48,2,1.64,7.37,31.66,ND,1.2954,2.5443,0.33,0.4584,0.0382,0.0126,0.0218,3.4745,ND,0.0055,0.0036,0.0068,0.0010,0.0010,0.0115,0.0245,0.0021,0.0287,0.0028,ND,ND,ND,ND,ND,ND,ND,0.0021,ND,0.0010,ND,51.06
6924.03,2,1.65,6.44,31.51,0.4788,1.7156,2.0460,1.45,0.3768,0.0340,0.0118,0.0136,2.3509,ND,0.0029,0.0027,0.0029,0.0007,0.0006,0.0091,0.0295,0.0019,0.0248,0.0020,ND,ND,ND,ND,ND,ND,ND,0.0012,ND,0.0014,ND,51.85
6924.50,2,1.41,5.76,32.96,0.0191,1.4519,1.8201,1.58,0.3510,0.0290,0.0082,0.0161,2.1646,ND,0.0024,0.0021,0.0017,0.0008,0.0006,0.0074,0.0308,0.0021,0.0238,0.0017,ND,ND,ND,ND,ND,ND,0.0005,0.0011,ND,ND,ND,52.35
6925.00,2,1.56,4.69,33.81,ND,0.8148,1.5597,1.96,0.3548,0.0215,0.0095,0.0166,2.0694,ND,0.0017,0.0025,0.0021,0.0008,0.0006,0.0074,0.0270,0.0018,0.0226,0.0019,0.0005,ND,ND,ND,ND,ND,ND,0.0014,ND,0.0010,ND,53.07
6925.50,2,1.18,4.78,33.78,ND,1.2232,1.5774,2.17,0.3281,0.0284,0.0098,0.0174,2.1958,ND,0.0041,0.0031,0.0018,0.0007,0.0008,0.0072,0.0307,0.0017,0.0197,0.0017,0.0008,ND,ND,ND,ND,ND,ND,0.0016,ND,0.0010,ND,52.63
6926.03,2,1.89,7.04,31.75,ND,1.1300,2.3955,1.66,0.4439,0.0461,0.0240,0.0211,3.0893,ND,0.0074,0.0037,0.0084,0.0012,0.0020,0.0108,0.0259,0.0020,0.0245,0.0026,0.0004,ND,ND,ND,ND,ND,0.0005,0.0016,ND,0.0013,ND,50.42
6926.50,2,1.71,6.74,33.07,ND,1.9322,2.2632,0.53,0.4252,0.0284,0.0181,0.0127,3.2660,ND,0.0047,0.0040,0.0067,0.0013,0.0012,0.0100,0.0267,0.0016,0.0234,0.0021,0.0004,ND,ND,ND,ND,ND,0.0005,0.0016,ND,0.0010,ND,49.92
6927.00,2,2.03,7.39,31.87,ND,1.3396,2.5132,0.83,0.4462,0.0350,0.0141,0.0211,3.4639,ND,0.0050,0.0038,0.0273,0.0012,0.0008,0.0116,0.0252,0.0021,0.0240,0.0022,ND,ND,ND,ND,ND,0.0014,ND,0.0014,ND,0.0012,ND,49.94
6927.50,2,2.10,6.34,32.14,0.0783,1.4350,2.1647,1.36,0.3765,0.0261,0.0145,0.0183,2.9110,ND,0.0032,0.0024,0.0078,0.0008,0.0009,0.0091,0.0262,0.0017,0.0234,0.0022,ND,ND,ND,ND,ND,ND,ND,0.0018,ND,0.0013,ND,50.96
6928.03,2,1.83,7.39,33.06,ND,1.2181,2.6355,0.49,0.4494,0.0221,0.0118,0.0192,3.4819,ND,0.0039,0.0034,0.2080,0.0011,0.0008,0.0120,0.0252,0.0020,0.0279,0.0027,ND,ND,0.0021,ND,ND,0.0026,ND,0.0014,ND,0.0015,ND,49.10
6928.50,2,1.83,7.30,32.30,ND,1.0627,2.5899,0.66,0.4391,0.0291,0.0149,0.0209,3.3151,ND,0.0041,0.0025,0.0031,0.0007,0.0010,0.0126,0.0300,0.0021,0.0218,0.0026,ND,ND,ND,ND,ND,ND,0.0005,0.0018,ND,ND,ND,50.34
6929.00,2,1.92,6.22,31.40,0.4394,1.1761,2.1389,2.88,0.4347,0.0276,0.0149,0.0182,3.0560,ND,0.0036,0.0035,0.0025,0.0011,0.0007,0.0110,0.0339,0.0030,0.0206,0.0025,ND,ND,ND,ND,ND,0.0013,ND,0.0018,ND,0.0016,ND,50.18
6929.50,2,0.99,3.26,31.71,0.0233,0.4945,0.8199,8.85,0.2458,0.0215,0.0073,0.0266,1.5153,ND,ND,0.0014,0.0012,0.0003,0.0002,0.0042,0.0566,0.0026,0.0226,0.0015,ND,ND,ND,ND,ND,ND,ND,0.0008,ND,ND,ND,51.95
6930.03,2,1.91,6.18,33.31,0.0532,1.1110,1.9871,1.95,0.3550,0.0273,0.0116,0.0187,2.3492,ND,0.0019,0.0017,0.0021,0.0006,0.0004,0.0085,0.0271,0.0016,0.0239,0.0020,ND,ND,ND,ND,ND,ND,0.0006,0.0013,ND,ND,ND,50.66
6930.50,2,1.55,5.59,34.97,ND,0.6043,1.8294,1.71,0.3200,0.0223,0.0088,0.0171,2.0491,ND,0.0014,0.0015,0.0013,0.0004,0.0003,0.0079,0.0231,0.0016,0.0209,0.0019,ND,ND,ND,ND,ND,0.0013,ND,0.0013,ND,0.0010,ND,51.26
6931.00,2,1.76,5.70,35.32,ND,0.8941,1.8354,1.76,0.3491,0.0340,0.0068,0.0170,2.3141,ND,0.0015,0.0019,0.0019,0.0006,0.0004,0.0083,0.0210,0.0017,0.0206,0.0016,ND,ND,ND,ND,ND,ND,ND,0.0013,ND,ND,0.0005,49.95
6931.50,2,1.88,5.65,34.80,ND,0.9862,1.9042,1.57,0.3516,0.0329,0.0070,0.0180,2.3199,ND,0.0025,0.0019,0.0018,0.0007,0.0007,0.0086,0.0275,0.0017,0.0201,0.0020,ND,ND,ND,ND,ND,ND,ND,0.0012,ND,0.0011,ND,50.41
6932.04,2,2.08,6.99,27.41,2.8220,1.0986,2.7048,6.70,0.3482,0.0845,0.0365,0.0377,3.0713,ND,0.0039,0.0038,0.0028,0.0010,0.0006,0.0116,0.0810,0.0353,0.0159,0.0023,ND,ND,ND,ND,ND,0.0015,ND,0.0012,ND,0.0026,0.0011,46.45
6932.49,2,2.10,6.59,30.52,ND,1.3350,2.3579,1.80,0.3591,0.0413,0.0134,0.0217,3.3864,ND,0.0044,0.0035,0.0029,0.0010,0.0007,0.0114,0.0247,0.0018,0.0211,0.0021,ND,ND,ND,ND,ND,ND,ND,0.0017,ND,ND,ND,51.40
6933.00,2,2.12,6.26,31.31,ND,0.9517,2.1525,2.70,0.3807,0.0308,0.0165,0.0221,3.1732,ND,0.0039,0.0030,0.0054,0.0008,0.0010,0.0107,0.0207,0.0019,0.0211,0.0022,ND,ND,ND,ND,ND,ND,ND,0.0014,ND,0.0009,ND,50.80
6933.50,2,1.99,5.92,33.68,ND,0.9763,2.0935,1.36,0.3630,0.0409,0.0151,0.0190,2.9532,ND,0.0034,0.0029,0.0042,0.0011,0.0011,0.0102,0.0240,0.0020,0.0215,0.0024,ND,ND,ND,ND,ND,ND,0.0005,0.0017,ND,ND,ND,50.52
6934.03,2,1.73,6.51,34.74,ND,1.0020,2.2118,0.61,0.3876,0.0300,0.0082,0.0163,2.6242,ND,0.0020,0.0024,0.0055,0.0005,0.0005,0.0102,0.0186,0.0015,0.0214,0.0022,ND,ND,ND,ND,ND,ND,ND,0,ND,ND,ND,50.07
6934.50,2,1.77,5.50,34.03,ND,1.2845,1.9979,1.79,0.3535,0.0378,0.0173,0.0220,3.1509,ND,0.0044,0.0032,0.0084,0.0013,0.0014,0.0099,0.0230,0.0015,0.0192,0.0019,0.0003,ND,ND,ND,ND,0,ND,0,ND,0,ND,49.97
6935.00,2,1.60,4.97,29.92,0,1.3703,1.7489,6.67,0.3103,0.0468,0.0235,0.0231,3.0484,ND,0.0071,0.0037,0.0053,0.0010,0.0021,0.0093,0.0338,0.0036,0.0122,0.0017,ND,ND,ND,ND,ND,ND,ND,0,ND,0,0,49.70
6935.48,2,1.64,6.05,33.79,ND,1.0148,2.1568,1.57,0.3451,0.0330,0.0190,0.0255,3.2179,ND,0.0061,0.0050,0.0055,0.0009,0.0016,0.0103,0.0149,0.0012,0.0172,0.0017,ND,ND,ND,ND,ND,0,ND,0,ND,0,0,50.07
6936.03,2,2.14,5.71,29.52,0,1.1482,1.9061,5.85,0.3283,0.0450,0.0224,0.0239,3.1397,ND,0.0063,0.0039,0.0085,0.0009,0.0018,0.0098,0.0314,0.0022,0.0141,0.0019,ND,ND,ND,ND,ND,ND,0,0,ND,0.0010,0,49.89
6936.50,2,1.85,6.71,31.20,ND,2.1880,2.3963,2.37,0.3409,0.0411,0.0230,0.0194,4.1170,ND,0.0089,0.0042,0.2539,0.0015,0.0025,0.0111,0.0234,0.0012,0.0185,0.0022,0.0008,ND,ND,ND,ND,ND,0,0,ND,0,ND,48.41
6936.95,2,1.44,0.69,6.34,0,0.2852,0.0616,37.92,0.1179,0.0454,0.0099,0.1239,0.9287,ND,ND,0.0017,0.0013,0.0006,0.0004,0.0009,0.0808,0.0021,0.0034,ND,ND,ND,ND,ND,ND,ND,ND,ND,ND,0,ND,51.85
6937.50,2,1.91,5.73,33.71,ND,1.1434,2.0154,1.94,0.3346,0.0335,0.0179,0.0241,3.2415,ND,0.0063,0.0038,0.0064,0.0008,0.0014,0.0101,0.0148,0.0010,0.0146,0.0019,ND,ND,ND,ND,ND,ND,ND,0,ND,ND,ND,49.84
6938.03,2,2.25,6.25,31.49,0,1.8336,2.1626,1.56,0.3781,0.0556,0.0273,0.0180,3.8729,ND,0.0074,0.0040,0.0058,0.0017,0.0022,0.0106,0.0156,0.0009,0.0164,0.0018,0.0005,ND,ND,ND,ND,ND,0,0,ND,ND,ND,50.01
6938.50,2,1.74,5.77,34.43,ND,1.3384,2.0781,1.27,0.3179,0.0391,0.0265,0.0175,3.0890,ND,0.0062,0.0034,0.0055,0.0011,0.0016,0.0107,0.0143,0.0010,0.0152,0.0018,ND,ND,ND,ND,ND,ND,ND,0,ND,0.0010,ND,49.82
6939.00,2,1.93,5.70,33.44,ND,1.5365,2.0469,2.01,0.3576,0.0433,0.0303,0.0198,3.4554,ND,0.0075,0.0037,0.0059,0.0017,0.0022,0.0098,0.0166,0.0010,0.0190,0.0019,0.0004,ND,ND,ND,ND,ND,ND,0,ND,ND,ND,49.35
6939.50,2,2.07,6.08,32.21,ND,1.3739,2.1896,1.35,0.3512,0.0324,0.0211,0.0206,3.7799,ND,0.0067,0.0049,0.0055,0.0015,0.0015,0.0109,0.0145,0.0012,0.0172,0.0023,0.0004,ND,ND,ND,ND,ND,0,0,ND,0,ND,50.45
6940.06,2,1.98,6.49,32.76,ND,0.9702,2.2837,1.38,0.3593,0.0366,0.0160,0.0241,3.5048,ND,0.0065,0.0031,0.0051,0.0009,0.0013,0.0116,0.0151,0.0018,0.0170,0.0024,0.0005,ND,ND,ND,ND,ND,ND,0,ND,ND,ND,50.12
6940.50,2,1.83,6.74,33.67,ND,1.2240,2.3863,0.31,0.3810,0.0424,0.0173,0.0221,3.8071,ND,0.0105,0.0043,0.0055,0.0011,0.0019,0.0122,0.0134,0.0014,0.0169,0.0025,0.0007,ND,ND,ND,ND,ND,0,0,ND,ND,ND,49.50
6941.00,2,1.74,5.98,32.60,0,1.7155,2.1009,2.10,0.3660,0.0489,0.0280,0.0191,3.7396,ND,0.0096,0.0047,0.0046,0.0019,0.0030,0.0104,0.0179,0.0013,0.0163,0.0019,0.0010,ND,ND,ND,ND,ND,ND,0,ND,0,ND,49.42
6941.50,2,2.02,5.87,33.05,ND,1.3937,2.0934,2.05,0.3594,0.0350,0.0200,0.0253,3.4439,ND,0.0057,0.0029,0.0038,0.0013,0.0015,0.0101,0.0177,0.0014,0.0172,0.0025,ND,ND,ND,ND,ND,ND,ND,0,ND,0,ND,49.59
6942.03,2,1.94,7.48,32.35,ND,0.9893,2.6060,1.32,0.4147,0.0397,0.0153,0.0393,3.6685,ND,0.0070,0.0052,0.0047,0.0010,0.0011,0.0135,0.0147,0.0017,0.0178,0.0026,ND,ND,ND,ND,ND,ND,0,0.0020,ND,ND,ND,49.06
6942.50,2,2.14,6.66,33.07,ND,1.0090,2.3348,1.35,0.3743,0.0336,0.0144,0.0239,3.6455,ND,0.0137,0.0046,0.0072,0.0009,0.0011,0.0121,0.0157,0.0021,0.0166,0.0022,0.0005,ND,ND,ND,ND,0,0,0,ND,0,ND,49.26
6943.02,2,1.72,6.50,34.07,0,1.2160,2.1859,0.79,0.3666,0.0374,0.0114,0.0236,3.5542,ND,0.0150,0.0041,0.0054,0.0007,0.0008,0.0114,0.0173,0.0025,0.0183,0.0025,0.0015,ND,ND,ND,ND,ND,ND,0,ND,0,ND,49.39
6943.62,2,2.09,5.77,33.70,0,1.5885,1.8915,1.95,0.3787,0.0333,0.0218,0.0264,3.6181,ND,0.0064,0.0044,0.0040,0.0015,0.0021,0.0102,0.0181,0.0013,0.0180,0.0022,ND,ND,ND,ND,ND,ND,ND,0,ND,0,ND,48.62
6944.03,2,1.84,5.57,32.57,0,1.8806,1.8517,2.34,0.3183,0.0487,0.0197,0.0213,3.4596,ND,0.0058,0.0032,0.0024,0.0019,0.0018,0.0090,0.0201,0.0014,0.0180,0.0020,0.0004,ND,ND,ND,ND,0,0,0,ND,0,ND,49.61
6944.48,2,1.86,5.76,32.85,ND,1.3150,1.9745,1.89,0.3482,0.0573,0.0200,0.0193,3.0705,ND,0.0055,0.0036,0.0025,0.0011,0.0018,0.0098,0.0178,0.0015,0.0190,0.0019,0.0004,ND,ND,ND,ND,0.0010,ND,0,ND,ND,ND,50.77
6945.00,2,1.80,5.67,34.00,ND,1.4040,1.8429,1.99,0.3673,0.0411,0.0178,0.0183,3.1638,ND,0.0057,0.0038,0.0029,0.0009,0.0016,0.0093,0.0190,0.0013,0.0190,0.0020,ND,ND,ND,ND,ND,ND,ND,0,ND,ND,ND,49.63
6945.50,2,2.07,5.81,33.02,ND,1.7880,1.9845,1.86,0.3457,0.0481,0.0174,0.0263,3.8069,ND,0.0082,0.0040,0.0060,0.0017,0.0017,0.0098,0.0168,0.0016,0.0170,0.0023,ND,ND,ND,ND,ND,ND,ND,0,ND,0.0010,ND,49.16
6946.03,2,2.13,7.01,31.01,ND,2.0079,2.3984,1.33,0.3738,0.0341,0.0089,0.0306,4.5856,ND,0.0112,0.0052,0.0062,0.0011,0.0010,0.0120,0.0152,0.0013,0.0176,0.0023,ND,ND,ND,ND,ND,0,0,0.0020,ND,0,ND,49.00
6946.50,2,2.48,7.20,30.77,ND,1.2863,2.5907,1.49,0.4102,0.0403,0.0129,0.0346,4.2109,ND,0.0084,0.0046,0.0055,0.0009,0.0009,0.0126,0.0157,0.0019,0.0179,0.0027,0.0004,ND,ND,ND,ND,ND,ND,0.0020,ND,0.0010,ND,49.40
6947.00,2,1.73,6.21,31.50,ND,1.7565,2.1265,2.00,0.3645,0.0476,0.0193,0.0239,3.7707,ND,0.0074,0.0042,0.0044,0.0019,0.0017,0.0108,0.0181,0.0015,0.0181,0.0026,ND,ND,ND,ND,ND,0,ND,0,ND,0,ND,50.38
6947.50,2,1.57,5.97,32.40,ND,1.6189,2.0372,2.10,0.3930,0.0489,0.0190,0.0199,3.3718,ND,0.0059,0.0035,0.0028,0.0010,0.0016,0.0098,0.0195,0.0015,0.0207,0.0024,0.0004,ND,ND,ND,ND,ND,ND,0,ND,ND,ND,50.37
6948.03,2,2.09,6.90,30.95,0,1.6684,2.4977,2.02,0.3877,0.0530,0.0304,0.0286,4.0223,ND,0.0072,0.0043,0.0042,0.0013,0.0021,0.0120,0.0167,0.0014,0.0188,0.0019,ND,ND,ND,ND,ND,ND,ND,0,ND,ND,ND,49.04
6948.50,2,2.29,7.02,31.77,ND,1.2024,2.5314,1.51,0.4106,0.0356,0.0160,0.0330,4.0381,ND,0.0074,0.0046,0.0070,0.0008,0.0010,0.0124,0.0150,0.0018,0.0180,0.0024,ND,ND,ND,ND,ND,ND,0,0,ND,ND,ND,49.07
6949.00,2,1.93,7.09,33.88,ND,1.4169,2.4301,0.25,0.3794,0.0380,0.0143,0.0263,3.7880,ND,0.0119,0.0042,0.0136,0.0011,0.0015,0.0123,0.0132,0.0017,0.0166,0.0023,0.0004,ND,ND,ND,ND,0,ND,0,ND,0,0,48.67
6949.50,2,2.29,7.61,31.17,ND,1.4364,2.7313,0.85,0.4382,0.0376,0.0118,0.0380,4.4399,ND,0.0120,0.0045,0.0141,0.0012,0.0011,0.0137,0.0188,0.0022,0.0179,0.0028,0.0005,ND,ND,ND,ND,0,ND,0,ND,0.0010,ND,48.86
6951.03,3,2.08,7.72,32.27,ND,1.5371,2.7065,0.31,0.4071,0.0396,0.0149,0.0256,4.1715,ND,0.0129,0.0049,0.0127,0.0012,0.0014,0.0135,0.0141,0.0021,0.0177,0.0025,0.0007,ND,ND,ND,ND,ND,0,0.0020,ND,0,ND,48.63
6951.50,3,1.67,5.93,31.32,0.6120,2.1379,2.0164,2.37,0.3774,0.0382,0.0191,0.0241,4.1369,ND,0.0075,0.0048,0.0056,0.0022,0.0019,0.0102,0.0190,0.0016,0.0179,0.0026,ND,ND,ND,ND,ND,ND,ND,0.0020,ND,0,ND,49.28
6952.02,3,1.86,6.82,32.77,ND,1.4669,2.3258,1.52,0.3776,0.0370,0.0207,0.0209,3.8255,ND,0.0071,0.0045,0.0047,0.0013,0.0017,0.0117,0.0178,0.0015,0.0158,0.0020,0.0006,ND,ND,ND,ND,ND,0,0,ND,0,ND,48.88
6952.50,3,1.76,6.96,32.73,ND,1.6254,2.3308,0.96,0.4195,0.0436,0.0229,0.0233,3.8941,ND,0.0084,0.0046,0.0043,0.0018,0.0030,0.0117,0.0173,0.0018,0.0186,0.0024,0.0026,ND,ND,ND,ND,ND,0,0,ND,ND,ND,49.17
6953.03,3,2.11,7.06,32.97,ND,1.6027,2.3641,1.21,0.4099,0.0382,0.0206,0.0239,3.9292,ND,0.0074,0.0046,0.0036,0.0012,0.0018,0.0123,0.0171,0.0017,0.0176,0.0026,0.0008,ND,ND,ND,ND,ND,ND,0,ND,ND,0,48.18
6953.50,3,1.77,6.10,31.80,ND,2.3382,2.0377,1.79,0.3590,0.0546,0.0211,0.0270,4.3438,ND,0.0076,0.0051,0.0032,0.0029,0.0023,0.0106,0.0197,0.0015,0.0171,0.0020,0.0004,ND,ND,ND,ND,ND,0,0.0020,ND,ND,ND,49.28
6954.03,3,1.89,6.23,32.54,ND,1.7831,2.0503,1.91,0.3761,0.0475,0.0159,0.0217,3.8057,ND,0.0049,0.0039,0.0034,0.0016,0.0020,0.0101,0.0196,0.0014,0.0190,0.0023,ND,ND,ND,ND,ND,ND,ND,0,ND,ND,ND,49.27
6954.50,3,1.83,5.56,32.64,ND,2.0689,1.8226,2.65,0.3342,0.0509,0.0196,0.0218,3.9748,ND,0.0070,0.0039,0.0027,0.0024,0.0018,0.0087,0.0224,0.0012,0.0174,0.0019,0.0005,ND,ND,ND,ND,ND,ND,0,ND,ND,ND,48.95
6955.04,3,2.13,6.56,31.46,ND,1.7573,2.2773,2.33,0.3874,0.0541,0.0292,0.0255,4.0460,ND,0.0076,0.0044,0.0032,0.0016,0.0023,0.0111,0.0189,0.0018,0.0170,0.0020,ND,ND,ND,ND,ND,ND,ND,0,ND,0,ND,48.87
6955.50,3,1.81,5.79,32.44,ND,2.2524,2.0488,2.02,0.3625,0.0326,0.0224,0.0258,4.2066,ND,0.0076,0.0046,0.0035,0.0026,0.0020,0.0099,0.0183,0.0015,0.0169,0.0021,ND,ND,ND,ND,ND,0,ND,0,ND,ND,ND,48.91
6956.00,3,1.82,6.35,27.71,ND,1.4092,2.3086,1.48,0.4046,0.0341,0.0151,0.0284,4.5257,ND,0.0097,0.0074,0.0044,0.0010,0.0011,0.0123,0.0207,0.0018,0.0170,0.0029,0.0007,ND,ND,ND,ND,ND,0,0,ND,0,ND,53.83
6956.50,3,1.77,7.02,32.84,ND,1.2797,2.3867,0.38,0.3981,0.0299,0.0158,0.0233,3.7156,ND,0.0078,0.0047,0.0054,0.0009,0.0010,0.0126,0.0140,0.0018,0.0189,0.0023,0.0006,ND,ND,ND,ND,ND,0,0,ND,ND,ND,50.07
6957.03,3,1.80,6.91,31.97,ND,1.7091,2.4450,1.29,0.3991,0.0488,0.0259,0.0271,4.3061,ND,0.0077,0.0047,0.0052,0.0016,0.0021,0.0127,0.0161,0.0015,0.0163,0.0027,0.0007,ND,ND,ND,ND,0,0,0,ND,0,ND,48.98
6957.51,3,1.89,5.80,34.25,ND,1.5283,1.9950,1.22,0.3267,0.0392,0.0303,0.0182,3.4762,ND,0.0074,0.0040,0.0066,0.0016,0.0020,0.0102,0.0158,0.0010,0.0155,0.0021,ND,ND,ND,ND,ND,0,ND,0,ND,ND,ND,49.36
6958.02,3,2.05,5.74,34.36,ND,1.6162,2.0073,0.93,0.3416,0.0310,0.0142,0.0224,4.0055,ND,0.0104,0.0048,0.0082,0.0007,0.0015,0.0099,0.0156,0.0012,0.0155,0.0021,0.0007,ND,ND,ND,ND,ND,0,0,ND,ND,ND,48.81
6958.50,3,2.03,6.82,31.82,0.0320,1.8912,2.3537,0.85,0.3548,0.0331,0.0233,0.0221,4.2775,ND,0.0143,0.0048,0.0099,0.0012,0.0017,0.0125,0.0157,0.0020,0.0157,0.0020,0.0012,ND,ND,ND,ND,ND,0,0,ND,0,0,49.40
6959.03,3,1.54,5.86,31.26,0.3790,1.5947,2.1642,1.40,0.3485,0.0456,0.0353,0.0227,3.6819,ND,0.0081,0.0051,0.0068,0.0014,0.0023,0.0118,0.0147,0.0010,0.0148,0.0022,0.0010,ND,ND,ND,ND,ND,ND,0.0020,ND,0,ND,51.59
6959.50,3,0.88,0.30,39.64,ND,0.9898,ND,5.01,0.0520,0.0109,ND,0.0066,0.5284,ND,ND,0.0012,ND,0.0003,0.0002,0.0003,0.0503,0.0005,0.0026,ND,ND,ND,ND,ND,ND,ND,ND,ND,ND,ND,ND,52.53
6960.03,3,1.73,7.49,33.47,ND,1.0594,2.7507,ND,0.3832,0.0306,0.0213,0.0190,3.6331,ND,0.0070,0.0048,0.0080,0.0010,0.0016,0.0139,0.0119,0.0011,0.0148,0.0018,ND,ND,ND,ND,ND,ND,ND,0,ND,0,ND,49.34
6960.52,3,1.62,7.08,33.54,ND,0.9261,2.6890,ND,0.3542,0.0386,0.0241,0.0187,3.4736,ND,0.0072,0.0041,0.0063,0.0009,0.0017,0.0135,0.0120,0.0010,0.0146,0.0022,ND,ND,ND,ND,ND,0,ND,0,ND,ND,ND,50.17
6961.04,3,0.91,1.35,21.66,ND,1.9324,0.1121,23.86,0.0909,0.0143,ND,0.0323,2.9799,ND,ND,0.0017,0.0013,0.0010,0.0016,0.0009,0.1455,0.0023,0.0056,0.0008,0.0004,ND,ND,ND,ND,0,ND,0,ND,0,ND,46.90
6961.50,3,1.97,6.78,33.65,ND,0.9118,2.4514,0.10,0.3378,0.0410,0.0349,0.0170,3.2979,ND,0.0079,0.0043,0.0068,0.0008,0.0020,0.0126,0.0123,0.0010,0.0157,0.0021,ND,ND,ND,ND,ND,ND,0,0,ND,0.0010,ND,50.33
6962.00,3,1.11,1.73,11.90,0.8270,0.6728,0.3593,31.02,0.1337,0.0348,0.0127,0.0572,2.2661,ND,0.0030,0.0018,0.0019,0.0008,0.0009,0.0025,0.0974,0.0040,0.0049,ND,ND,ND,ND,ND,ND,ND,ND,ND,ND,ND,ND,49.76
6962.50,3,2.04,5.58,27.64,0,1.1773,1.8800,8.30,0.3129,0.0482,0.0237,0.0204,3.1139,ND,0.0064,0.0051,0.0030,0.0009,0.0019,0.0101,0.0388,0.0019,0.0114,0.0014,ND,ND,ND,ND,ND,ND,ND,0,ND,0,ND,49.75
6963.03,3,2.07,7.73,32.60,ND,0.8996,2.6942,0.18,0.3968,0.0429,0.0144,0.0204,3.5966,ND,0.0075,0.0043,0.0040,0.0007,0.0013,0.0138,0.0127,0.0011,0.0162,0.0023,ND,ND,ND,ND,ND,ND,0,0,ND,0,ND,49.69
6963.50,3,1.87,7.38,32.09,ND,1.1988,2.7534,0.44,0.3623,0.0435,0.0283,0.0183,3.6904,ND,0.0073,0.0042,0.0070,0.0012,0.0022,0.0140,0.0158,0.0010,0.0155,0.0024,ND,ND,ND,ND,ND,ND,0,0,ND,0,ND,50.05
6964.04,3,1.56,7.40,32.63,ND,1.0882,2.5890,0.13,0.3959,0.0375,0.0176,0.0192,3.6430,ND,0.0087,0.0048,0.0057,0.0012,0.0017,0.0135,0.0147,0.0013,0.0181,0.0023,ND,ND,ND,ND,ND,ND,0,0,ND,0,ND,50.42
6964.50,3,1.90,7.02,32.69,ND,1.1897,2.6696,0.29,0.3454,0.0327,0.0226,0.0183,3.6948,ND,0.0068,0.0043,0.0071,0.0017,0.0020,0.0128,0.0143,0.0012,0.0165,0.0018,0.0003,ND,ND,ND,ND,ND,0,0,ND,0,ND,50.06
6965.03,3,2.14,8.15,31.76,ND,0.8076,3.0960,ND,0.4129,0.0332,0.0253,0.0187,3.6204,ND,0.0087,0.0042,0.0150,0.0007,0.0021,0.0150,0.0128,0.0014,0.0161,0.0024,ND,ND,ND,ND,ND,ND,ND,0,ND,ND,ND,49.85
6965.50,3,1.67,6.18,32.23,1,1.0027,2.1304,2.01,0.3815,0.0292,0.0161,0.0166,3.1023,ND,0.0052,0.0035,0.0050,0.0008,0.0010,0.0113,0.0232,0.0027,0.0182,0.0021,ND,ND,ND,ND,ND,ND,0,0,ND,ND,ND,50.11
6966.00,3,1.87,6.34,32.69,0,1.4308,2.2362,1.27,0.3681,0.0299,0.0141,0.0175,3.5213,ND,0.0064,0.0044,0.0024,0.0008,0.0013,0.0113,0.0178,0.0018,0.0189,0.0022,0.0009,ND,ND,ND,ND,0,ND,0.0020,ND,0,ND,50.10
6966.50,3,1.40,5.53,36.61,ND,0.7840,1.9319,0.54,0.3044,0.0247,0.0110,0.0159,2.1832,ND,0.0024,0.0024,0.0021,0.0004,0.0008,0.0090,0.0212,0.0011,0.0169,0.0016,ND,ND,ND,ND,ND,ND,ND,0,ND,0.0010,0,50.60
6967.03,3,1.42,5.19,36.43,ND,1.0631,1.7283,1.33,0.2899,0.0260,0.0077,0.0137,2.3996,ND,0.0019,0.0021,0.0018,0.0005,0.0005,0.0076,0.0221,0.0013,0.0169,0.0015,ND,ND,ND,ND,ND,0,ND,0,ND,ND,ND,50.04
6967.50,3,1.54,4.36,37.87,ND,1.0859,1.4658,1.32,0.2785,0.0311,0.0093,0.0184,2.4170,ND,0.0022,0.0027,0.0015,0.0005,0.0006,0.0069,0.0211,0.0010,0.0169,0.0015,ND,ND,ND,ND,ND,0.0010,ND,0,ND,ND,ND,49.54
6968.02,3,2.06,7.70,32.90,ND,1.1049,2.8220,0.14,0.4027,0.0308,0.0154,0.0162,3.4855,ND,0.0055,0.0038,0.0034,0.0008,0.0007,0.0137,0.0154,0.0015,0.0184,0.0025,0.0004,ND,ND,ND,ND,ND,ND,0,ND,ND,ND,49.25
6968.50,3,2.02,7.01,33.36,ND,1.0025,2.5228,0.49,0.3453,0.0282,0.0264,0.0195,3.3185,ND,0.0094,0.0052,0.0118,0.0011,0.0023,0.0126,0.0136,0.0013,0.0154,0.0020,ND,ND,ND,ND,ND,ND,ND,0,ND,ND,ND,49.77
6969.03,3,1.90,7.68,32.12,ND,1.1397,2.7950,0.04,0.4093,0.0335,0.0207,0.0210,3.8820,ND,0.0087,0.0055,0.0108,0.0011,0.0014,0.0144,0.0125,0.0015,0.0173,0.0024,0.0004,ND,ND,ND,ND,ND,0,0,ND,0,ND,49.88
6969.50,3,2.02,6.84,32.11,0,1.1208,2.6221,0.48,0.3505,0.0436,0.0290,0.0214,3.4559,ND,0.0092,0.0055,0.0092,0.0011,0.0030,0.0130,0.0135,0.0011,0.0155,0.0022,ND,ND,ND,ND,ND,ND,0,0,ND,ND,ND,50.57
6970.00,3,1.65,6.53,32.58,ND,1.5735,2.4051,0.08,0.3228,0.0325,0.0284,0.0151,4.1276,ND,0.0165,0.0054,0.0153,0.0017,0.0033,0.0122,0.0127,0.0012,0.0133,0.0018,0.0017,ND,ND,ND,ND,0,ND,0,ND,ND,0,50.56
6970.53,3,1.60,7.40,33.73,ND,1.4448,2.6944,ND,0.3622,0.0319,0.0136,0.0168,3.7434,ND,0.0073,0.0047,0.0256,0.0008,0.0010,0.0135,0.0135,0.0010,0.0150,0.0022,0.0010,ND,ND,ND,ND,ND,ND,0,ND,0.0010,ND,48.88
6971.05,3,1.37,2.85,19.93,0.1870,0.8167,0.7792,22.43,0.1760,0.0205,0.0135,0.0268,1.8859,ND,0.0043,0.0028,0.0026,0.0005,0.0009,0.0045,0.1101,0.0032,0.0075,0.0006,ND,ND,ND,ND,ND,0,ND,0.0010,ND,0,ND,49.38
6971.55,3,1.96,7.70,32.76,ND,1.0578,2.9040,ND,0.3839,0.0342,0.0219,0.0196,3.5689,ND,0.0086,0.0046,0.0060,0.0010,0.0014,0.0142,0.0129,0.0012,0.0169,0.0022,ND,ND,ND,ND,ND,ND,0,0,ND,ND,ND,49.51
6972.00,3,1.42,4.48,25.65,0,1.4780,1.4477,11.58,0.2507,0.0311,0.0196,0.0221,3.3022,ND,0.0114,0.0039,0.0045,0.0009,0.0019,0.0075,0.0649,0.0047,0.0114,0.0014,0.0009,ND,ND,ND,ND,ND,ND,0,ND,0,0,49.80
6972.50,3,1.78,6.77,33.31,ND,1.4405,2.4709,0.45,0.3905,0.0282,0.0149,0.0181,3.7299,ND,0.0094,0.0040,0.0025,0.0012,0.0010,0.0111,0.0154,0.0012,0.0216,0.0024,0.0008,ND,ND,ND,ND,0,ND,0,ND,0,0,49.52
6973.04,3,1.87,1.91,15.83,ND,0.5324,0.3718,25.63,0.1370,0.0164,0.0073,0.0666,3.8126,ND,ND,0.0014,0.0011,0.0005,0.0005,0.0024,0.1512,0.0017,0.0091,0.0008,ND,ND,ND,ND,ND,ND,ND,0,ND,0,ND,49.65
6973.50,3,2.06,1.58,6.71,0.0821,0.7658,0.2861,36.49,0.1370,0.0362,0.0064,0.0394,1.8257,ND,0.0022,0.0017,0.0011,0.0007,0.0005,0.0020,0.0825,0.0012,0.0042,0.0006,ND,ND,ND,ND,ND,0.0013,ND,0,ND,0.0020,ND,49.88
6974.00,3,2.75,1.20,5.95,0.0445,0.3882,0.2219,33.71,0.1161,0.0528,0.0082,0.0684,2.9297,ND,ND,ND,0.0013,ND,0.0005,0.0016,0.1023,0.0028,0.0038,ND,ND,ND,ND,ND,ND,ND,ND,0.0010,ND,0,ND,52.46
6974.50,3,1.64,6.07,35.44,ND,1.0975,2.1475,0.59,0.3213,0.0273,0.0109,0.0173,2.5056,ND,0.0022,0.0020,0.0019,0.0006,0.0006,0.0094,0.0228,0.0011,0.0196,0.0020,ND,ND,ND,ND,ND,0.0012,ND,0,ND,ND,ND,50.07
7010.04,4,1.48,1.60,15.24,0.0276,0.2898,0.2372,28.24,0.1497,0.0154,ND,0.0613,1.7470,ND,ND,0.0009,0.0018,0.0004,0.0003,0.0018,0.1038,0.0014,0.0095,0.0006,ND,ND,ND,ND,ND,ND,ND,0,ND,0,ND,50.80
7010.50,4,2.66,1.71,16.82,0.0260,0.2522,0.3220,21.78,0.1423,0.0154,ND,0.0939,4.6904,ND,ND,0.0010,0.0012,ND,0.0003,0.0019,0.0728,0.0011,0.0077,0.0010,ND,ND,ND,ND,ND,ND,ND,0,ND,ND,ND,51.40
7011.00,4,2.59,2.03,18.93,0.0343,0.3780,0.3786,21.52,0.1568,0.0136,0.0074,0.0796,4.0778,ND,ND,0.0012,0.0015,ND,0.0004,0.0023,0.0955,0.0015,0.0088,0.0008,ND,ND,ND,ND,ND,ND,ND,0,ND,ND,ND,49.69
7011.50,4,1.55,2.53,23.90,0.0864,0.5237,0.5886,16.72,0.2065,0.0196,0.0065,0.0407,2.2377,ND,0.0021,0.0013,0.0018,0.0006,0.0004,0.0033,0.1006,0.0017,0.0123,0.0006,ND,ND,ND,ND,ND,ND,0.0005,0.0006,ND,0.0019,ND,51.46
7012.07,4,1.76,6.88,32.35,0.0580,1.3145,2.4482,1.85,0.4214,0.0360,0.0217,0.0212,3.3082,ND,0.0054,0.0039,0.0029,0.0012,0.0014,0.0117,0.0194,0.0012,0.0206,0.0025,ND,ND,ND,ND,ND,ND,ND,0.0016,ND,ND,ND,49.46
7012.50,4,1.75,7.09,34.09,ND,1.4955,2.4387,0.34,0.4524,0.0340,0.0149,0.0188,3.4576,ND,0.0064,0.0036,0.0032,0.0010,0.0008,0.0119,0.0188,0.0012,0.0233,0.0020,0.0005,ND,ND,0.0031,ND,0.0011,ND,0.0016,ND,0.0011,ND,48.73
7013.00,4,1.40,4.73,32.06,0.3190,1.2475,1.5113,5.49,0.2889,0.0358,0.0087,0.0200,2.3512,ND,0.0039,0.0037,0.0023,0.0010,0.0010,0.0074,0.0391,0.0032,0.0163,0.0013,ND,ND,ND,ND,ND,ND,ND,0.0011,ND,ND,ND,50.45
7013.50,4,1.48,0.83,7.00,ND,0.2274,0.0697,37.37,0.0965,0.0168,ND,0.0686,1.6236,ND,ND,0.0014,0.0019,0.0003,0.0003,0.0006,0.1677,0.0023,0.0055,0.0006,ND,ND,ND,ND,ND,ND,ND,ND,ND,0.0020,ND,51.05
7014.03,4,1.67,1.19,14.77,ND,0.4698,0.1603,30.72,0.1182,0.0138,ND,0.0279,1.2997,ND,ND,0.0015,0.0010,0.0007,0.0003,0.0014,0.2065,0.0016,0.0071,0.0007,ND,ND,ND,ND,ND,ND,ND,ND,ND,0.0039,ND,49.34
7014.50,4,1.85,6.12,32.94,ND,1.3143,2.2408,1.27,0.4162,0.0300,0.0136,0.0166,3.2021,ND,0.0062,0.0036,0.0027,0.0012,0.0012,0.0108,0.0174,0.0012,0.0203,0.0022,ND,ND,ND,ND,ND,ND,ND,0.0013,ND,ND,ND,50.52
7015.00,4,2.08,7.05,27.21,2.1205,1.2107,2.8600,1.80,0.3907,0.0408,0.0241,0.0188,4.1201,ND,0.0090,0.0054,0.0035,0.0012,0.0018,0.0156,0.0126,0.0014,0.0170,0.0024,0.0008,ND,ND,ND,ND,ND,0.0009,0.0017,ND,ND,ND,51.00
7015.49,4,1.52,6.21,32.98,ND,1.4619,2.1740,1.31,0.3499,0.0261,0.0179,0.0184,3.4236,ND,0.0076,0.0042,0.0030,0.0014,0.0015,0.0108,0.0191,0.0016,0.0159,0.0022,0.0007,ND,ND,ND,ND,ND,ND,0.0014,ND,0.0012,ND,50.43
7016.03,4,2.27,8.13,30.03,ND,0.8854,3.0582,1.80,0.4287,0.0357,0.0163,0.0241,3.8355,ND,0.0071,0.0052,0.0048,0.0009,0.0011,0.0144,0.0150,0.0021,0.0187,0.0023,0.0004,ND,ND,ND,ND,0.0012,0.0005,0.0017,ND,0.0011,ND,49.41
7016.50,4,1.81,8.31,31.81,ND,1.1787,3.2727,0.05,0.4135,0.0326,0.0232,0.0203,4.0047,ND,0.0088,0.0059,0.0037,0.0010,0.0018,0.0155,0.0121,0.0013,0.0168,0.0021,0.0004,ND,ND,ND,ND,ND,0.0005,0.0017,ND,0.0012,0,49.01
7017.00,4,1.63,4.37,36.08,ND,1.2399,1.4099,2.93,0.2680,0.0217,0.0073,0.0164,2.2744,ND,0.0033,0.0023,0.0019,0.0006,0.0008,0.0065,0.0253,0.0017,0.0156,0.0014,ND,ND,ND,ND,ND,ND,ND,0.0012,ND,ND,ND,49.69
7017.50,4,1.49,4.34,35.43,ND,0.9625,1.4157,3.63,0.2726,0.0274,0.0072,0.0176,2.2333,ND,0.0033,0.0024,0.0017,0.0007,0.0007,0.0066,0.0281,0.0017,0.0154,0.0013,ND,ND,ND,ND,ND,ND,ND,0.0009,ND,ND,ND,50.12
7018.03,4,0.88,2.89,17.01,8.8821,0.8143,0.6179,24.17,0.1727,0.0724,0.0301,0.0307,1.1515,ND,0.0052,0.0035,0.0015,0.0006,0.0005,0.0025,0.1907,0.0653,0.0077,0.0009,ND,ND,ND,ND,ND,0.0015,0.0006,0.0005,ND,0.0035,0,42.99
7018.50,4,1.78,3.23,19.45,0.0331,0.7911,0.6516,22.09,0.2155,0.0193,0.0098,0.0276,2.4719,ND,0.0035,0.0022,0.0017,0.0009,0.0007,0.0039,0.1885,0.0023,0.0147,0.0011,0.0004,ND,ND,ND,ND,ND,ND,0.0006,ND,0.0031,ND,49.00
7019.00,4,1.52,1.50,12.78,ND,0.4846,0.2166,32.46,0.1549,0.0241,ND,0.0294,1.2828,ND,ND,0.0010,0.0018,0.0007,0.0005,0.0015,0.2035,0.0032,0.0088,0.0008,ND,ND,ND,ND,ND,ND,ND,ND,ND,0.0036,ND,49.32
7019.50,4,1.64,2.75,15.05,0.0781,0.6873,0.4187,29.95,0.2075,0.0368,ND,0.0210,1.7090,ND,0.0026,0.0017,0.0025,0.0006,0.0003,0.0023,0.2912,0.0030,0.0121,0.0007,ND,ND,ND,ND,ND,0.0013,ND,0.0008,ND,0.0033,ND,47.14
7020.03,4,1.27,4.57,29.99,0.0420,1.0052,1.3539,10.04,0.3165,0.0265,0.0120,0.0193,2.5329,ND,0.0040,0.0029,0.0021,0.0010,0.0006,0.0064,0.0870,0.0025,0.0157,0.0014,ND,ND,ND,ND,ND,ND,ND,0.0010,ND,0.0020,ND,48.69
7020.50,4,1.41,4.32,34.36,0.0210,0.9415,1.3675,4.42,0.2919,0.0251,0.0094,0.0186,2.2438,ND,0.0024,0.0024,0.0018,0.0005,0.0006,0.0064,0.0311,0.0017,0.0153,0.0019,ND,ND,ND,ND,ND,ND,ND,0.0010,ND,ND,ND,50.51
7021.04,4,1.48,3.94,34.92,ND,0.9100,1.2216,4.75,0.2553,0.0256,0.0104,0.0174,2.0337,ND,0.0021,0.0023,0.0016,0.0004,0.0004,0.0059,0.0330,0.0014,0.0146,0.0015,ND,ND,ND,ND,ND,ND,ND,0.0010,ND,ND,ND,50.37
7021.49,4,1.83,4.34,23.80,0.1689,1.5241,1.2966,14.10,0.2686,0.0360,0.0206,0.0246,3.0446,ND,0.0067,0.0030,0.0031,0.0012,0.0014,0.0069,0.0756,0.0037,0.0107,0.0016,ND,ND,ND,ND,ND,ND,ND,0.0011,ND,0.0014,ND,49.44
7022.06,4,2.33,7.01,31.16,ND,1.1844,2.5485,2.00,0.3789,0.0333,0.0153,0.0259,3.8080,ND,0.0063,0.0044,0.0087,0.0007,0.0009,0.0120,0.0169,0.0019,0.0183,0.0023,ND,ND,ND,0.0026,ND,ND,ND,0.0016,ND,ND,ND,49.43
7022.51,4,1.79,6.84,33.26,ND,1.4006,2.5455,0.65,0.3880,0.0317,0.0124,0.0237,3.8270,ND,0.0084,0.0049,0.0047,0.0008,0.0011,0.0129,0.0169,0.0017,0.0178,0.0024,0.0006,ND,ND,ND,ND,ND,0.0008,0.0016,ND,0.0015,ND,49.15
7023.04,4,1.82,6.45,34.31,ND,1.2107,2.4250,0.16,0.3929,0.0274,0.0190,0.0202,3.5048,ND,0.0077,0.0037,0.0041,0.0010,0.0014,0.0121,0.0127,0.0017,0.0165,0.0023,0.0006,ND,ND,ND,ND,ND,ND,0.0016,ND,ND,ND,49.59
7023.50,4,1.94,5.14,31.89,0.6337,1.8324,1.9241,2.05,0.3392,0.0303,0.0182,0.0189,3.5843,ND,0.0090,0.0040,0.0069,0.0016,0.0015,0.0100,0.0160,0.0018,0.0148,0.0019,0.0003,ND,ND,ND,ND,ND,ND,0.0015,ND,ND,0,50.53
7024.03,4,1.72,6.00,35.15,ND,1.1087,2.2584,0.39,0.3216,0.0305,0.0114,0.0186,3.1332,ND,0.0055,0.0044,0.0038,0.0006,0.0009,0.0114,0.0130,0.0016,0.0140,0.0019,0.0004,ND,ND,ND,ND,ND,0.0007,0.0015,ND,0.0013,ND,49.79
7024.50,4,1.60,5.89,35.39,ND,1.3544,2.1193,0.04,0.3013,0.0303,0.0182,0.0171,3.3575,ND,0.0094,0.0040,0.0064,0.0009,0.0016,0.0104,0.0116,0.0016,0.0132,0.0016,0.0006,ND,ND,ND,ND,0.0012,ND,0.0016,ND,ND,0,49.82
7025.00,4,1.48,5.65,31.73,ND,1.4796,2.1739,1.43,0.3326,0.0402,0.0385,0.0175,3.3973,ND,0.0142,0.0054,0.0199,0.0017,0.0024,0.0108,0.0140,0.0022,0.0146,0.0020,0.0006,ND,ND,ND,ND,ND,ND,0.0017,ND,ND,0,52.13
7025.52,4,1.53,5.21,35.47,ND,1.0610,1.9008,1.06,0.3086,0.0277,0.0121,0.0184,3.0255,ND,0.0072,0.0042,0.0046,0.0006,0.0011,0.0097,0.0145,0.0018,0.0140,0.0017,ND,ND,ND,ND,ND,0.0013,ND,0.0019,ND,ND,ND,50.30
7026.04,4,2.01,5.20,36.35,ND,1.2106,1.9565,0.78,0.3151,0.0254,0.0113,0.0197,2.9870,ND,0.0063,0.0043,0.0057,0.0008,0.0012,0.0096,0.0150,0.0015,0.0144,0.0018,0.0005,ND,ND,ND,ND,ND,ND,0.0015,ND,ND,0,49.07
7026.03,4,1.88,6.63,30.73,0.1256,1.5961,2.5017,0.99,0.3905,0.0399,0.0233,0.0191,3.8536,ND,0.0103,0.0064,0.0082,0.0018,0.0022,0.0122,0.0134,0.0021,0.0173,0.0021,0.0008,ND,ND,ND,ND,ND,ND,0.0017,ND,0.0012,ND,51.15
7027.02,4,1.71,5.14,35.62,ND,1.4031,1.8728,0.60,0.3362,0.0320,0.0139,0.0155,3.1437,ND,0.0068,0.0044,0.0027,0.0010,0.0010,0.0089,0.0142,0.0017,0.0185,0.0021,0.0007,ND,ND,ND,ND,ND,ND,0.0013,ND,ND,ND,50.05
7027.50,4,1.85,4.40,38.47,ND,0.8508,1.4399,1.05,0.2787,0.0250,0.0077,0.0188,2.3649,ND,0.0042,0.0025,0.0020,0.0006,0.0005,0.0072,0.0151,0.0015,0.0159,0.0013,ND,ND,ND,ND,ND,0.0013,ND,0.0010,ND,ND,ND,49.18
7028.03,4,2.02,6.15,32.30,ND,1.4025,2.1106,1.86,0.3525,0.0341,0.0126,0.0208,3.6329,ND,0.0072,0.0043,0.0044,0.0012,0.0008,0.0103,0.0158,0.0020,0.0183,0.0021,0.0004,ND,ND,ND,ND,0.0013,ND,0.0013,ND,ND,0,50.04
7028.50,4,1.72,6.26,34.27,ND,1.3478,2.2203,0.56,0.3693,0.0279,0.0119,0.0206,3.1328,ND,0.0074,0.0028,0.0041,0.0007,0.0008,0.0108,0.0175,0.0018,0.0175,0.0020,0.0009,ND,ND,ND,ND,ND,ND,0.0016,ND,0.0012,0,49.99
7029.00,4,1.97,6.64,31.21,0.4184,1.3843,2.4285,1.36,0.3891,0.0340,0.0287,0.0189,3.6298,ND,0.0111,0.0058,0.0067,0.0017,0.0025,0.0116,0.0134,0.0016,0.0173,0.0020,0.0014,ND,ND,ND,ND,0.0012,ND,0.0017,ND,ND,0,50.41
7029.50,4,1.98,0.74,3.48,0.1068,0.2831,0.0430,39.66,0.2873,0.1521,ND,0.0308,0.8270,ND,ND,0.0057,0.0030,0.0003,0.0004,0.0006,0.0841,0.0007,0.0032,ND,ND,ND,ND,ND,ND,ND,0.0006,0.0006,ND,0.0019,ND,52.31
7030.09,4,1.99,5.92,34.81,ND,1.0962,2.0919,0.62,0.3281,0.0318,0.0204,0.0191,3.1101,ND,0.0102,0.0041,0.0032,0.0009,0.0020,0.0107,0.0131,0.0012,0.0141,0.0019,0.0029,ND,ND,ND,ND,ND,ND,0.0012,ND,ND,ND,49.90
7030.50,4,1.86,6.56,31.50,ND,1.8105,2.3447,1.08,0.3761,0.0380,0.0368,0.0203,4.1247,ND,0.0143,0.0068,0.0083,0.0023,0.0026,0.0116,0.0135,0.0018,0.0180,0.0023,0.0008,ND,ND,ND,ND,ND,0.0006,0.0019,ND,0.0010,0,50.17
7031.00,4,1.99,6.46,33.31,ND,1.0074,2.2994,0.90,0.3901,0.0260,0.0147,0.0188,3.3009,ND,0.0078,0.0046,0.0061,0.0010,0.0014,0.0108,0.0130,0.0019,0.0213,0.0022,ND,ND,ND,ND,ND,ND,0.0005,0.0015,ND,ND,ND,50.21
7031.50,4,1.83,4.70,37.37,ND,1.4285,1.6313,0.28,0.2881,0.0266,0.0153,0.0112,2.7643,ND,0.0094,0.0043,0.0150,0.0010,0.0014,0.0080,0.0146,0.0016,0.0189,0.0015,0.0005,ND,ND,ND,ND,ND,ND,0.0012,ND,ND,ND,49.57
7032.04,4,1.95,6.24,34.06,ND,1.1436,2.2574,0.51,0.3659,0.0265,0.0157,0.0152,3.2951,ND,0.0075,0.0041,0.0302,0.0010,0.0010,0.0109,0.0134,0.0018,0.0182,0.0019,0.0003,ND,ND,ND,ND,ND,ND,0.0016,ND,ND,0,50.02
7032.50,4,1.59,5.05,36.26,ND,1.0525,1.7979,0.71,0.3254,0.0277,0.0094,0.0156,2.6477,ND,0.0057,0.0031,0.0090,0.0006,0.0004,0.0091,0.0188,0.0018,0.0176,0.0018,0.0006,ND,ND,ND,ND,ND,ND,0.0012,ND,ND,ND,50.44
7033.00,4,1.04,3.65,39.08,ND,0.7069,1.1992,0.98,0.2662,0.0218,0.0052,0.0128,1.8331,ND,0.0028,0.0015,0.0133,0.0006,0.0004,0.0059,0.0175,0.0017,0.0158,0.0016,ND,ND,ND,ND,ND,0.0011,ND,0.0010,ND,0.0012,ND,51.15
7033.53,4,1.48,4.02,38.81,ND,0.5367,1.3628,0.94,0.2825,0.0241,0.0061,0.0156,2.0212,ND,0.0044,0.0026,0.0032,0.0004,0.0004,0.0068,0.0175,0.0014,0.0155,0.0016,ND,ND,ND,ND,ND,ND,ND,0.0012,ND,0.0013,ND,50.45
7034.03,4,1.88,6.58,30.99,ND,1.1824,2.4101,0.78,0.3787,0.0413,0.0129,0.0223,3.8856,ND,0.0109,0.0064,0.0091,0.0011,0.0012,0.0127,0.0153,0.0020,0.0165,0.0023,0.0017,ND,ND,ND,ND,ND,ND,0.0014,ND,0.0010,0,51.76
7034.50,4,1.61,6.00,32.69,ND,1.3818,2.1473,1.44,0.3346,0.0377,0.0275,0.0204,3.4945,ND,0.0097,0.0050,0.0077,0.0012,0.0015,0.0105,0.0150,0.0020,0.0169,0.0019,0.0006,ND,ND,ND,ND,ND,ND,0.0018,ND,0.0009,ND,50.74
7035.04,4,1.79,6.43,32.09,ND,1.2002,2.3923,0.35,0.3962,0.0408,0.0178,0.0236,3.7237,ND,0.0099,0.0054,0.0082,0.0009,0.0017,0.0119,0.0145,0.0022,0.0200,0.0025,0.0010,ND,ND,ND,ND,0.0015,ND,0.0021,ND,0.0011,0,51.47
7035.50,4,1.86,6.10,35.92,ND,1.3704,2.1319,0.21,0.3537,0.0331,0.0107,0.0214,3.4508,ND,0.0115,0.0046,0.0054,0.0007,0.0016,0.0110,0.0217,0.0018,0.0168,0.0022,0.0018,ND,ND,ND,ND,ND,ND,0.0018,ND,ND,0,48.45
7036.03,4,1.57,5.18,35.33,ND,0.8081,1.8035,0.94,0.3405,0.0287,0.0176,0.0141,2.6171,ND,0.0073,0.0041,0.0048,0.0006,0.0011,0.0097,0.0142,0.0019,0.0175,0.0015,ND,ND,ND,ND,ND,0.0010,ND,0.0014,ND,0.0010,0,51.29
7036.50,4,1.81,5.56,33.93,ND,1.4989,1.8974,1.41,0.3422,0.0243,0.0085,0.0173,3.4768,ND,0.0072,0.0042,0.0043,0.0010,0.0006,0.0096,0.0207,0.0019,0.0153,0.0018,ND,ND,ND,ND,ND,ND,0.0005,0.0013,ND,ND,ND,49.96
7037.03,4,1.72,4.50,32.10,0.2668,0.8260,1.4043,5.41,0.2617,0.0341,0.0198,0.0212,2.5429,ND,0.0102,0.0034,0.0077,0.0006,0.0017,0.0077,0.0272,0.0037,0.0115,0.0016,0.0004,ND,ND,ND,ND,ND,ND,0.0014,ND,ND,0,50.81
7037.50,4,1.63,4.93,36.71,ND,0.9968,1.7191,0.80,0.3060,0.0244,0.0106,0.0178,2.7868,ND,0.0056,0.0039,0.0086,0.0008,0.0009,0.0087,0.0175,0.0018,0.0155,0.0015,0.0004,ND,ND,ND,ND,ND,0.0004,0.0012,ND,ND,ND,50.01
7038.03,4,2.50,5.77,31.74,ND,0.8978,2.0343,2.82,0.3171,0.0341,0.0136,0.0268,3.2741,ND,0.0064,0.0035,0.0034,0.0005,0.0009,0.0103,0.0180,0.0025,0.0147,0.0021,ND,ND,ND,ND,ND,ND,ND,0.0014,ND,ND,0,50.51
7038.50,4,1.58,5.38,34.70,ND,0.8898,1.8954,1.37,0.3128,0.0256,0.0177,0.0228,2.9009,ND,0.0084,0.0044,0.0046,0.0008,0.0016,0.0098,0.0170,0.0018,0.0134,0.0018,0.0007,ND,ND,ND,ND,ND,0.0005,0.0014,ND,ND,0,50.84
7039.02,4,1.57,4.83,32.70,0.2903,0.9112,1.6314,3.23,0.3278,0.0306,0.0197,0.0207,2.6924,ND,0.0072,0.0042,0.0034,0.0008,0.0016,0.0094,0.0240,0.0034,0.0148,0.0016,ND,ND,ND,ND,ND,ND,ND,0.0013,ND,ND,0,51.68
7039.47,4,1.78,6.02,34.78,ND,1.2744,2.1129,0.88,0.4060,0.0293,0.0128,0.0207,3.2842,ND,0.0083,0.0041,0.0041,0.0010,0.0011,0.0109,0.0254,0.0022,0.0195,0.0020,0.0010,ND,ND,ND,ND,ND,ND,0.0015,ND,0.0013,ND,49.32
7040.03,4,2.14,5.65,33.04,ND,1.2208,1.9334,2.22,0.3331,0.0170,0.0112,0.0211,3.4310,ND,0.0061,0.0038,0.0034,0.0011,0.0007,0.0099,0.0169,0.0021,0.0160,0.0020,ND,ND,ND,ND,ND,ND,ND,0.0013,ND,ND,ND,49.91
7040.50,4,1.81,5.94,35.05,ND,1.0022,2.1093,0.83,0.3572,0.0245,0.0114,0.0171,3.2905,ND,0.0070,0.0038,0.0035,0.0008,0.0008,0.0108,0.0177,0.0021,0.0175,0.0023,0.0005,ND,ND,ND,ND,ND,ND,0.0013,ND,ND,ND,49.49
7041.02,4,1.74,5.00,36.25,ND,1.5513,1.7243,0.32,0.2845,0.0273,0.0182,0.0173,3.3182,ND,0.0114,0.0042,0.0076,0.0013,0.0018,0.0089,0.0175,0.0023,0.0124,0.0018,0.0011,ND,ND,ND,ND,0.0011,0.0005,0.0013,ND,ND,0,49.67
7041.53,4,1.56,5.72,35.26,ND,0.9674,2.0301,0.43,0.3664,0.0275,0.0145,0.0199,3.1383,ND,0.0092,0.0047,0.0050,0.0012,0.0011,0.0107,0.0143,0.0020,0.0185,0.0019,ND,ND,ND,ND,ND,ND,ND,0.0016,ND,0.0009,0,50.39
7042.03,4,1.71,5.06,36.46,ND,1.0816,1.7698,0.43,0.3049,0.0332,0.0068,0.0175,2.8353,ND,0.0062,0.0040,0.0044,0.0006,0.0006,0.0090,0.0156,0.0015,0.0152,0.0020,0.0009,ND,ND,ND,ND,ND,ND,0.0016,ND,ND,ND,50.24
7042.52,4,1.65,5.98,35.54,ND,1.1866,2.1924,0.29,0.3618,0.0333,0.0190,0.0180,3.1995,ND,0.0105,0.0048,0.0123,0.0011,0.0014,0.0108,0.0144,0.0021,0.0166,0.0017,0.0011,ND,ND,ND,ND,0.0013,ND,0.0018,ND,0.0010,ND,49.46
7043.00,4,1.89,4.84,37.25,ND,0.6575,1.7068,0.95,0.3454,0.0231,0.0101,0.0159,2.4791,ND,0.0049,0.0030,0.0045,0.0004,0.0006,0.0084,0.0158,0.0018,0.0178,0.0016,0.0003,ND,ND,ND,ND,ND,ND,0.0014,ND,ND,0,49.76
7043.50,4,1.67,5.61,35.78,ND,0.8447,2.0024,1.39,0.3643,0.0185,0.0108,0.0202,2.9847,ND,0.0056,0.0033,0.0062,0.0006,0.0005,0.0096,0.0174,0.0020,0.0190,0.0021,ND,ND,ND,ND,ND,ND,ND,0.0014,ND,0.0011,ND,49.24
7044.03,4,1.90,6.16,30.90,0.9521,1.2750,2.0780,2.98,0.3705,0.0484,0.0234,0.0236,3.4696,ND,0.0137,0.0046,0.0292,0.0008,0.0019,0.0102,0.0272,0.0113,0.0182,0.0023,0.0012,ND,ND,ND,ND,ND,ND,0.0017,ND,ND,0,49.70
7044.50,4,1.98,6.31,34.74,ND,1.1885,2.2202,0.33,0.3859,0.0312,0.0172,0.0178,3.0712,ND,0.0085,0.0041,0.0069,0.0006,0.0011,0.0106,0.0163,0.0021,0.0198,0.0020,0.0004,ND,ND,ND,ND,ND,ND,0.0019,ND,ND,ND,49.63
7045.00,4,2.29,6.07,33.23,ND,0.8745,2.0404,1.86,0.3999,0.0269,0.0110,0.0217,2.9267,ND,0.0050,0.0033,0.0048,0.0008,0.0008,0.0096,0.0189,0.0025,0.0221,0.0021,ND,ND,ND,ND,ND,ND,ND,0.0012,ND,0.0013,ND,50.17
7045.50,4,2.04,5.25,36.75,ND,1.0567,1.7800,1.09,0.3426,0.0258,0.0127,0.0210,2.5944,ND,0.0049,0.0029,0.0256,0.0005,0.0003,0.0081,0.0214,0.0021,0.0217,0.0018,ND,ND,ND,ND,ND,0.0015,ND,0.0014,ND,ND,0,48.95
7046.03,4,1.90,5.22,35.24,ND,1.2207,1.8075,1.46,0.3570,0.0230,0.0110,0.0202,2.9616,ND,0.0059,0.0027,0.0164,0.0007,0.0005,0.0090,0.0205,0.0021,0.0212,0.0020,0.0005,ND,ND,ND,ND,ND,ND,0.0013,ND,0.0010,ND,49.70
7046.50,4,1.56,5.33,36.20,ND,0.9424,1.8129,0.62,0.3385,0.0299,0.0072,0.0160,2.4528,ND,0.0039,0.0022,0.0100,0.0005,0.0004,0.0082,0.0196,0.0019,0.0211,0.0018,ND,ND,ND,ND,ND,ND,0.0005,0.0011,ND,0.0011,ND,50.63
7047.00,4,1.66,5.52,35.73,ND,1.1153,1.8355,0.51,0.3639,0.0251,0.0150,0.0202,2.7228,ND,0.0062,0.0034,0.0448,0.0008,0.0010,0.0089,0.0192,0.0019,0.0209,0.0022,ND,ND,ND,ND,ND,ND,ND,0.0014,ND,ND,0,50.37
7047.50,4,1.97,6.25,34.52,ND,1.0077,2.2877,0.11,0.3606,0.0296,0.0174,0.0198,3.2041,ND,0.0081,0.0043,0.0363,0.0010,0.0010,0.0121,0.0150,0.0018,0.0163,0.0019,ND,ND,ND,ND,ND,ND,ND,0.0015,ND,0.0015,ND,50.13
7048.03,4,2.18,6.69,33.49,ND,1.6253,2.4147,0.22,0.3626,0.0219,0.0138,0.0156,3.4625,ND,0.0109,0.0053,0.0116,0.0010,0.0011,0.0123,0.0160,0.0020,0.0146,0.0023,0.0011,ND,ND,0.0029,ND,ND,0.0005,0.0019,ND,0.0012,0,49.42
7048.53,4,2.20,6.85,34.09,ND,1.3190,2.3374,0.19,0.3660,0.0308,0.0146,0.0204,3.3539,ND,0.0119,0.0042,0.0788,0.0011,0.0017,0.0119,0.0205,0.0016,0.0156,0.0022,0.0019,ND,ND,ND,ND,ND,ND,0.0016,ND,ND,0,49.07
7049.03,4,1.16,1.42,23.83,0.0489,0.7648,0.2577,20.23,0.1356,0.0300,0.0113,0.0275,1.1578,ND,0.0041,0.0015,0.0053,0.0003,0.0006,0.0022,0.0929,0.0031,0.0056,0.0007,ND,ND,ND,ND,ND,ND,ND,0.0005,ND,ND,ND,50.80
7049.50,4,2.26,6.35,32.37,ND,2.8340,2.2986,0.84,0.3945,0.0311,0.0230,0.0214,4.9222,ND,0.0162,0.0073,0.0795,0.0025,0.0033,0.0116,0.0164,0.0017,0.0192,0.0024,0.0034,ND,ND,ND,ND,0.0021,ND,0.0021,ND,ND,ND,47.49
7050.03,4,1.74,4.68,35.00,ND,2.3516,1.5966,0.51,0.2961,0.0219,0.0143,0.0155,2.8638,ND,0.0074,0.0035,0.0170,0.0011,0.0012,0.0085,0.0139,0.0015,0.0140,0.0015,0.0009,ND,ND,ND,ND,ND,ND,0.0011,ND,0.0009,ND,50.84
7050.50,4,1.82,6.47,33.84,ND,1.0328,2.3908,0.76,0.4297,0.0303,0.0165,0.0244,3.0055,ND,0.0071,0.0041,0.0211,0.0007,0.0011,0.0110,0.0164,0.0024,0.0237,0.0026,ND,ND,ND,ND,ND,ND,ND,0.0017,ND,0.0010,ND,50.09
7051.00,4,1.76,5.44,36.08,ND,0.8904,1.9152,0.47,0.3532,0.0281,0.0136,0.0194,2.8039,ND,0.0045,0.0034,0.0091,0.0009,0.0011,0.0092,0.0164,0.0019,0.0176,0.0019,ND,ND,ND,ND,ND,ND,ND,0.0013,ND,ND,ND,50.16
7051.50,4,1.81,5.30,33.61,ND,1.6364,1.7715,2.34,0.3224,0.0197,0.0176,0.0164,3.5504,ND,0.0092,0.0051,0.0093,0.0015,0.0014,0.0083,0.0186,0.0029,0.0152,0.0016,0.0005,ND,ND,ND,ND,ND,0.0005,0.0012,ND,0.0010,0,49.53
7052.03,4,2.07,6.06,34.96,ND,1.3023,2.1329,0.97,0.3631,0.0260,0.0154,0.0197,3.2846,ND,0.0067,0.0040,0.0053,0.0007,0.0008,0.0102,0.0173,0.0020,0.0178,0.0022,0.0006,ND,ND,ND,ND,ND,ND,0.0016,ND,ND,ND,48.73
7052.50,4,1.68,6.18,33.41,ND,1.2181,2.2174,0.94,0.3684,0.0297,0.0128,0.0207,3.4279,ND,0.0062,0.0037,0.0042,0.0010,0.0007,0.0107,0.0191,0.0022,0.0167,0.0022,0.0004,ND,ND,ND,ND,0.0012,ND,0.0012,ND,0.0014,ND,50.41
7053.00,4,1.81,5.94,34.57,ND,1.0712,2.0876,0.76,0.3567,0.0323,0.0126,0.0222,2.8445,ND,0.0055,0.0036,0.0057,0.0006,0.0010,0.0105,0.0191,0.0024,0.0182,0.0021,0.0005,ND,ND,ND,ND,ND,0.0004,0.0016,ND,0.0010,ND,50.42
7053.49,4,1.84,5.62,34.89,ND,0.6721,1.9911,0.53,0.3573,0.0234,0.0115,0.0225,2.5863,ND,0.0042,0.0036,0.0054,0.0007,0.0006,0.0101,0.0185,0.0020,0.0177,0.0022,0.0004,ND,ND,ND,ND,ND,ND,0.0012,ND,0.0011,ND,51.39
7054.03,4,1.77,5.66,34.65,ND,1.0855,2.0196,0.76,0.3256,0.0337,0.0121,0.0215,2.8881,ND,0.0055,0.0040,0.0045,0.0010,0.0009,0.0100,0.0174,0.0019,0.0165,0.0021,0.0005,ND,ND,ND,ND,0.0013,ND,0.0013,ND,0.0009,ND,50.71
7054.52,4,2.05,6.69,33.42,0.0511,0.8799,2.3249,0.59,0.4140,0.0350,0.0277,0.0195,3.0690,ND,0.0105,0.0046,0.0083,0.0010,0.0017,0.0120,0.0149,0.0025,0.0180,0.0022,0.0005,ND,ND,ND,ND,ND,0.0005,0.0017,ND,0.0010,0,50.35
7055.00,4,1.92,6.04,34.19,ND,1.3121,2.1567,0.69,0.3644,0.0321,0.0125,0.0183,3.2202,ND,0.0062,0.0041,0.0074,0.0009,0.0014,0.0100,0.0182,0.0021,0.0191,0.0023,0.0007,ND,ND,ND,ND,ND,ND,0.0016,ND,ND,ND,49.97
7055.50,4,1.48,4.79,34.37,0.4213,1.1964,1.5541,2.51,0.3024,0.0283,0.0174,0.0230,2.9250,ND,0.0076,0.0037,0.0043,0.0010,0.0011,0.0089,0.0246,0.0053,0.0133,0.0017,0.0004,ND,ND,ND,ND,0.0011,ND,0.0016,ND,0.0016,ND,50.31
7056.03,4,1.67,4.87,35.40,ND,1.3436,1.6292,1.05,0.3116,0.0345,0.0178,0.0169,2.9888,ND,0.0075,0.0040,0.0045,0.0011,0.0014,0.0086,0.0164,0.0019,0.0140,0.0020,0.0005,ND,ND,ND,ND,ND,ND,0.0011,ND,ND,0,50.60
7056.50,4,1.55,4.39,36.28,ND,0.8637,1.5381,0.44,0.2992,0.0229,0.0109,0.0155,2.3290,ND,0.0042,0.0026,0.0024,0.0006,0.0007,0.0079,0.0154,0.0017,0.0141,0.0018,ND,ND,ND,0.0026,ND,ND,ND,0.0013,ND,ND,ND,52.21
7057.00,4,1.62,5.92,34.70,ND,0.9204,2.1123,0.75,0.4004,0.0266,0.0136,0.0212,2.7163,ND,0.0052,0.0028,0.0033,0.0006,0.0009,0.0099,0.0186,0.0021,0.0224,0.0021,0.0004,ND,ND,ND,ND,ND,ND,0.0012,ND,ND,0,50.72
7057.51,4,2.25,6.09,33.97,ND,0.9611,2.1707,0.79,0.3769,0.0282,0.0162,0.0219,3.2581,ND,0.0084,0.0043,0.0030,0.0010,0.0010,0.0110,0.0164,0.0023,0.0170,0.0017,ND,ND,ND,ND,ND,ND,ND,0.0018,ND,0.0010,0,50.00
7058.03,4,1.88,6.42,32.87,ND,1.2385,2.3157,0.87,0.3990,0.0308,0.0095,0.0189,3.4633,ND,0.0072,0.0042,0.0027,0.0009,0.0011,0.0112,0.0170,0.0022,0.0170,0.0023,0.0009,ND,ND,ND,ND,0.0011,0.0005,0.0014,ND,0.0016,0,50.41
7058.50,4,1.52,5.88,34.54,ND,1.1665,2.0063,0.52,0.3573,0.0318,0.0100,0.0231,3.0224,ND,0.0064,0.0040,0.0027,0.0009,0.0009,0.0100,0.0194,0.0021,0.0190,0.0020,0.0006,ND,ND,ND,ND,ND,0.0005,0.0015,ND,0.0011,ND,50.85
7059.00,4,1.93,6.18,34.27,ND,1.3488,2.1428,0.99,0.3776,0.0343,0.0156,0.0244,3.2150,ND,0.0076,0.0040,0.0037,0.0008,0.0013,0.0106,0.0216,0.0026,0.0189,0.0023,0.0004,ND,ND,ND,ND,ND,ND,0.0018,ND,ND,0,49.40
7059.53,4,1.49,5.06,34.43,ND,1.2709,1.8042,1.72,0.2879,0.0235,0.0091,0.0255,3.0096,ND,0.0056,0.0033,0.0035,0.0009,0.0007,0.0091,0.0197,0.0016,0.0137,0.0016,0.0005,ND,ND,ND,ND,ND,ND,0.0013,ND,0.0014,ND,50.80
7060.03,4,1.76,6.07,33.57,ND,1.3466,2.0812,0.85,0.3450,0.0237,0.0134,0.0217,3.1720,ND,0.0076,0.0042,0.0036,0.0008,0.0009,0.0102,0.0159,0.0018,0.0160,0.0021,0.0008,ND,ND,ND,ND,ND,0.0004,0.0014,ND,ND,ND,50.69
7060.50,4,1.45,3.67,23.79,ND,1.1114,0.9423,16.40,0.2833,0.0227,0.0116,0.0246,2.3741,ND,0.0067,0.0024,0.0046,0.0005,0.0008,0.0060,0.0719,0.0038,0.0135,0.0014,0.0004,ND,ND,ND,ND,ND,ND,0.0013,ND,0.0015,0,49.79
7061.00,4,1.37,5.22,35.64,ND,1.4104,1.8543,0.91,0.3353,0.0271,0.0116,0.0222,3.1633,ND,0.0072,0.0043,0.0102,0.0009,0.0013,0.0091,0.0168,0.0013,0.0160,0.0020,0.0004,ND,ND,ND,ND,ND,ND,0.0014,ND,ND,ND,49.96
7061.50,4,1.57,0.56,3.45,0.1212,0.3422,0.0112,41.09,0.0929,0.0258,0.0056,0.0257,0.6886,ND,ND,0.0013,0.0010,ND,0.0003,0.0006,0.0547,0.0009,0.0030,ND,ND,ND,ND,ND,ND,ND,0.0006,ND,ND,0.0013,ND,51.95
7062.04,4,1.52,5.16,34.36,ND,1.1411,1.7205,2.57,0.3003,0.0248,0.0107,0.0182,2.6410,ND,0.0072,0.0033,0.0095,0.0007,0.0011,0.0091,0.0212,0.0015,0.0149,0.0020,0.0004,ND,ND,ND,ND,ND,ND,0.0015,ND,ND,ND,50.45
7062.52,4,1.73,5.26,35.08,ND,0.9364,1.7677,2.08,0.3178,0.0226,0.0160,0.0206,2.6363,ND,0.0064,0.0030,0.0041,0.0005,0.0012,0.0091,0.0237,0.0012,0.0173,0.0018,0.0004,ND,ND,ND,ND,0.0012,ND,0.0014,ND,ND,ND,50.07
7063.00,4,1.89,5.53,34.77,ND,1.0057,1.9703,0.55,0.3222,0.0299,0.0127,0.0203,2.8506,ND,0.0067,0.0032,0.0114,0.0008,0.0011,0.0097,0.0152,0.0015,0.0168,0.0018,0.0004,ND,ND,ND,ND,0.0012,ND,0.0012,ND,ND,ND,50.98
7063.50,4,2.00,6.72,33.05,ND,1.1338,2.4303,0.62,0.3644,0.0278,0.0131,0.0268,3.2033,ND,0.0066,0.0041,0.0125,0.0008,0.0012,0.0115,0.0161,0.0016,0.0188,0.0022,0.0005,ND,ND,ND,ND,ND,ND,0.0016,ND,ND,ND,50.33
7064.04,4,1.57,4.94,36.08,ND,1.5111,1.6932,0.95,0.3041,0.0241,0.0102,0.0236,2.7478,ND,0.0057,0.0027,0.0031,0.0007,0.0009,0.0081,0.0174,0.0012,0.0157,0.0018,ND,ND,ND,ND,ND,ND,0.0005,0.0013,ND,ND,ND,50.09
7064.50,4,1.47,4.67,37.26,ND,1.1499,1.6503,0.77,0.2775,0.0224,0.0143,0.0180,2.4343,ND,0.0045,0.0030,0.0037,0.0005,0.0009,0.0080,0.0160,0.0011,0.0144,0.0013,ND,ND,ND,ND,ND,ND,ND,0.0015,ND,ND,ND,50.20
7065.00,4,2.00,6.17,34.36,ND,1.4646,2.3079,0.92,0.3645,0.0299,0.0140,0.0206,3.0930,ND,0.0068,0.0038,0.0177,0.0010,0.0010,0.0105,0.0169,0.0013,0.0190,0.0020,0.0004,ND,ND,ND,ND,ND,ND,0.0013,ND,0.0013,ND,49.18
7065.50,4,1.44,2.74,23.73,0.0433,0.7601,0.7055,16.77,0.2017,0.0278,0.0119,0.0272,1.6896,ND,0.0054,0.0026,0.0017,0.0005,0.0010,0.0042,0.0702,0.0015,0.0099,0.0008,ND,ND,ND,ND,ND,ND,ND,0.0007,ND,ND,0,51.76
7066.03,4,0.97,0.99,24.90,0.6782,0.4718,0.0935,20.28,0.0900,0.0121,0.0087,0.0209,0.7053,ND,0.0025,0.0014,0.0010,0.0005,0.0005,0.0012,0.0679,0.0045,0.0044,ND,ND,ND,ND,ND,ND,ND,ND,ND,ND,0.0012,ND,50.70
7066.49,4,0.90,0.73,18.13,0.4221,0.3963,0.0509,28.66,0.1085,ND,0.0084,0.0292,0.8403,ND,ND,0.0014,0.0011,0.0003,0.0002,0.0011,0.0990,0.0031,0.0048,ND,ND,ND,ND,ND,ND,0.0013,ND,0.0005,ND,0.0018,ND,49.61
7067.00,4,1.62,1.62,12.88,0.0949,0.5272,0.3167,29.95,0.1666,0.0221,0.0125,0.0287,1.3564,ND,0.0045,0.0024,0.0033,0.0008,0.0012,0.0031,0.0691,0.0013,0.0068,0.0007,ND,ND,ND,ND,ND,0.0014,ND,0.0005,ND,0.0012,ND,51.30
7067.52,4,1.23,1.12,24.68,ND,0.4306,0.1846,19.85,0.1104,0.0147,0.0111,0.0237,0.9003,ND,0.0025,0.0013,0.0015,0.0004,0.0006,0.0017,0.0738,0.0010,0.0051,ND,ND,ND,ND,ND,ND,ND,0.0005,0.0005,ND,0.0013,ND,51.35
7068.05,4,0.96,0.89,28.64,ND,0.4699,0.0480,16.46,0.0950,0.0171,0.0066,0.0238,0.8387,ND,0.0018,0.0013,0.0013,ND,0.0005,0.0012,0.0474,0.0007,0.0036,ND,ND,ND,ND,ND,ND,ND,ND,0.0004,ND,0.0011,ND,51.50
7068.50,4,1.53,2.52,25.81,0.2612,0.8080,0.5578,17.55,0.1670,0.0134,0.0118,0.0257,1.5161,ND,0.0048,0.0015,0.0025,0.0007,0.0009,0.0031,0.0712,0.0015,0.0081,0.0007,ND,ND,ND,ND,ND,0.0014,ND,0.0005,ND,0.0017,ND,49.13
7069.00,4,1.54,2.09,18.24,0.5950,0.6672,0.3882,27.46,0.1377,0.0173,0.0098,0.0290,1.2183,ND,0.0038,0.0018,0.0032,0.0008,0.0008,0.0021,0.1062,0.0020,0.0065,0.0008,ND,ND,ND,ND,ND,ND,ND,ND,ND,0.0017,ND,47.47
7069.50,4,1.10,1.99,26.84,0.8170,1.1221,0.4517,15.16,0.1486,0.0229,0.0110,0.0216,1.3816,ND,0.0065,0.0022,0.0044,0.0009,0.0011,0.0030,0.0640,0.0030,0.0069,ND,0.0003,ND,ND,ND,ND,0.0015,ND,0.0006,ND,0.0018,0,50.83
7070.09,4,1.42,4.02,29.80,1.8650,1.0248,1.2604,7.07,0.2494,0.0350,0.0192,0.0178,1.9706,ND,0.0090,0.0034,0.0058,0.0009,0.0016,0.0063,0.0383,0.0060,0.0115,0.0014,ND,ND,ND,ND,ND,0.0014,ND,0.0010,ND,0.0011,0,51.16
7070.55,4,1.70,4.37,31.54,0.1100,1.1498,1.5097,4.90,0.2788,0.0255,0.0182,0.0197,2.3187,ND,0.0085,0.0039,0.0126,0.0011,0.0016,0.0077,0.0221,0.0011,0.0148,0.0016,ND,ND,ND,ND,ND,ND,ND,0.0011,ND,ND,ND,51.98
7071.00,4,1.45,1.65,26.45,0.1039,0.6323,0.3543,16.84,0.1590,0.0137,0.0090,0.0234,1.2885,ND,0.0032,0.0020,0.0024,0.0004,0.0007,0.0027,0.0655,0.0015,0.0074,ND,ND,ND,ND,ND,ND,0.0012,ND,0.0005,ND,ND,ND,50.93
7071.50,4,1.08,1.36,24.16,0.0476,0.5023,0.2316,19.88,0.1028,0.0196,0.0064,0.0257,0.9849,ND,0.0028,0.0012,0.0019,0.0003,0.0006,0.0020,0.0728,0.0012,0.0065,0.0006,ND,ND,ND,ND,ND,ND,ND,ND,ND,0.0011,ND,51.52
7072.03,4,1.61,2.18,19.57,0.9725,0.9434,0.5369,18.82,0.1845,0.0247,0.0164,0.0224,1.4931,ND,0.0058,0.0024,0.0038,0.0008,0.0013,0.0039,0.0895,0.0044,0.0081,0.0010,ND,ND,ND,ND,ND,ND,ND,0.0008,ND,0.0022,ND,53.51
7072.50,4,1.88,4.56,30.99,ND,0.9133,1.4962,6.05,0.3223,0.0305,0.0152,0.0214,2.0392,ND,0.0083,0.0042,0.0087,0.0005,0.0014,0.0075,0.0250,0.0014,0.0160,0.0014,ND,ND,ND,ND,ND,0.0012,ND,0.0012,ND,ND,0,51.60
7073.00,4,1.55,2.46,30.46,ND,0.4781,0.6542,14.03,0.1997,0.0248,0.0082,0.0270,1.3895,ND,0.0046,0.0014,0.0017,0.0006,0.0006,0.0030,0.0636,0.0017,0.0076,0.0007,ND,ND,ND,ND,ND,ND,ND,ND,ND,0.0011,ND,48.62
7073.49,4,1.66,2.75,26.26,0.0575,0.6072,0.7664,13.93,0.1893,0.0237,0.0115,0.0314,1.7410,ND,0.0054,0.0023,0.0087,0.0007,0.0009,0.0045,0.0523,0.0019,0.0102,0.0012,ND,ND,ND,ND,ND,ND,ND,0.0010,ND,0.0011,ND,51.88
7074.03,4,3.50,2.65,22.15,ND,0.5996,0.6510,14.45,0.1790,0.0200,0.0069,0.0738,3.6290,ND,0.0017,0.0056,0.0017,ND,0.0004,0.0036,0.0199,0.0010,0.0101,0.0007,ND,ND,ND,ND,ND,ND,ND,0.0007,ND,ND,ND,52.05
7074.50,4,1.82,4.39,31.74,ND,0.9042,1.3698,6.82,0.2831,0.0233,0.0082,0.0349,2.2542,ND,0.0028,0.0016,0.0014,0.0005,0.0005,0.0061,0.0260,0.0013,0.0150,0.0015,ND,ND,ND,ND,ND,ND,ND,0.0009,ND,ND,ND,50.29
7074.98,4,2.24,3.29,26.15,ND,0.7976,0.8897,11.85,0.2310,0.0172,0.0077,0.0494,2.5116,ND,0.0023,0.0018,0.0017,0.0006,0.0004,0.0047,0.0278,0.0016,0.0173,0.0014,ND,ND,ND,ND,ND,ND,ND,0.0009,ND,ND,ND,51.91
7075.49,4,3.25,2.84,22.47,ND,0.5786,0.7471,14.58,0.2287,0.0143,ND,0.0744,3.4068,ND,ND,0.0021,0.0013,0.0005,0.0002,0.0040,0.0253,0.0014,0.0124,0.0010,ND,ND,ND,ND,ND,ND,ND,0.0007,ND,0.0012,ND,51.75
7076.04,4,3.11,3.19,24.30,ND,0.8645,0.8688,12.96,0.2313,0.0152,0.0052,0.0708,3.1842,ND,ND,0.0016,0.0014,0.0004,ND,0.0042,0.0231,0.0013,0.0148,0.0011,ND,ND,ND,ND,ND,ND,ND,0.0007,ND,ND,ND,51.15
7076.50,4,3.38,2.92,21.67,ND,0.5465,0.7639,15.64,0.2100,0.0184,ND,0.0855,3.6696,ND,ND,0.0014,0.0014,0.0003,ND,0.0039,0.0239,0.0013,0.0141,0.0012,ND,ND,ND,ND,ND,ND,ND,0.0008,ND,0.0011,ND,51.05
7077.00,4,3.36,3.15,21.27,ND,0.6374,0.8189,15.80,0.2093,0.0166,ND,0.0766,3.5670,ND,ND,0.0018,0.0013,0.0005,0.0004,0.0040,0.0252,0.0013,0.0128,0.0009,ND,ND,ND,ND,ND,ND,ND,0.0006,ND,0.0010,ND,51.05
7077.50,4,3.17,3.14,22.24,ND,0.6446,0.8641,14.08,0.2087,0.0263,0.0047,0.0766,3.4095,ND,ND,0.0019,0.0017,0.0005,ND,0.0044,0.0229,0.0015,0.0162,0.0014,ND,ND,ND,ND,ND,ND,ND,0.0008,ND,ND,ND,52.07
7078.03,4,3.63,3.28,21.62,ND,0.5958,0.9003,14.61,0.2144,0.0150,0.0064,0.0786,3.6460,ND,ND,0.0013,0.0016,0.0004,0.0002,0.0045,0.0203,0.0012,0.0151,0.0011,ND,ND,ND,ND,ND,ND,ND,0.0007,ND,ND,ND,51.36
7078.50,4,3.16,3.83,24.78,ND,0.6968,1.0994,11.43,0.2602,ND,0.0080,0.0618,3.2772,ND,0.0022,0.0020,0.0017,0.0005,0.0005,0.0057,0.0204,0.0012,0.0147,0.0012,ND,ND,ND,ND,ND,ND,ND,0.0011,ND,0.0011,ND,51.34
7079.00,4,3.22,2.57,25.19,ND,0.6343,0.6392,13.59,0.1557,0.0170,ND,0.0622,3.2786,ND,ND,0.0009,0.0011,0.0004,0.0002,0.0033,0.0210,0.0013,0.0084,ND,ND,ND,ND,ND,ND,ND,ND,ND,ND,ND,ND,50.61
7079.50,4,1.46,1.34,18.45,0.0820,0.3062,0.1349,29.83,0.1366,0.0208,0.0079,0.0477,1.0359,ND,ND,0.0011,0.0026,0.0003,0.0003,0.0011,0.0452,0.0018,0.0103,ND,ND,ND,ND,ND,ND,ND,ND,ND,ND,0.0016,ND,47.09
7080.04,4,2.13,4.90,27.85,0.0828,0.9863,1.5185,7.69,0.3231,0.0399,0.0168,0.0251,2.1640,ND,0.0084,0.0036,0.0020,0.0008,0.0015,0.0075,0.0283,0.0016,0.0160,0.0016,ND,ND,ND,ND,ND,ND,ND,0.0014,ND,0.0010,0,52.20
7080.50,4,2.59,5.41,30.99,ND,1.2421,1.8294,4.18,0.3339,0.0348,0.0138,0.0236,2.6203,ND,0.0066,0.0036,0.0027,0.0009,0.0011,0.0090,0.0181,0.0009,0.0181,0.0018,ND,ND,ND,ND,ND,ND,ND,0.0014,ND,ND,ND,50.67
7081.00,4,1.43,0.72,8.78,0.0319,0.4087,0.0185,37.82,0.0798,0.0207,0.0076,0.0508,1.1194,ND,ND,0.0011,0.0038,0.0003,0.0004,0.0007,0.0605,0.0012,0.0030,ND,ND,ND,ND,ND,ND,ND,ND,0.0006,ND,ND,ND,49.43
7081.50,4,1.87,1.08,15.87,0.0609,1.2324,0.1528,26.21,0.1061,0.0178,0.0092,0.0482,2.9273,ND,0.0021,0.0021,0.0038,0.0006,0.0009,0.0019,0.0691,0.0013,0.0057,ND,ND,ND,ND,ND,ND,0.0013,ND,0.0008,ND,0.0017,ND,50.33
7082.05,4,1.50,2.51,20.90,0.3450,0.7297,0.5975,20.63,0.1993,0.0255,0.0166,0.0331,1.6064,ND,0.0073,0.0020,0.0023,0.0007,0.0013,0.0039,0.0637,0.0023,0.0098,0.0009,0.0004,ND,ND,ND,ND,ND,0.0007,0.0011,ND,0.0014,0,50.79
7082.50,4,1.37,2.68,27.77,0.2717,0.9511,0.6780,12.82,0.1874,0.0343,0.0128,0.0235,1.7042,ND,0.0074,0.0023,0.0011,0.0007,0.0012,0.0041,0.0472,0.0027,0.0088,0.0008,ND,ND,ND,ND,ND,0.0013,ND,0.0013,ND,0.0013,ND,51.42
7083.00,4,1.95,3.36,29.76,0.1898,1.0163,1.1178,8.70,0.2463,0.0171,0.0093,0.0304,2.3402,ND,0.0057,0.0021,0.0017,0.0006,0.0011,0.0060,0.0258,0.0015,0.0155,0.0013,ND,ND,ND,ND,ND,ND,ND,0.0014,ND,ND,ND,51.20
7083.50,4,2.09,3.27,28.81,0.1557,1.1687,1.0196,9.44,0.2454,0.0213,0.0113,0.0299,2.1796,ND,0.0039,0.0017,0.0015,0.0004,0.0008,0.0055,0.0302,0.0020,0.0199,0.0010,ND,ND,ND,ND,ND,ND,ND,0.0019,ND,ND,0,51.49
7084.04,4,1.54,1.49,28.10,ND,0.4454,0.3141,13.18,0.1440,0.0159,0.0073,0.0331,1.5593,ND,0.0038,0.0013,0.0012,0.0003,0.0007,0.0030,0.0229,0.0010,0.0059,0.0005,ND,ND,ND,ND,ND,ND,ND,0.0008,ND,0.0010,0,53.13
7084.50,4,3.81,2.38,18.63,ND,0.4062,0.6251,16.78,0.1795,0.0148,0.0066,0.1069,4.5042,ND,0.0024,0.0015,0.0011,0.0004,0.0003,0.0037,0.0179,0.0010,0.0118,0.0012,ND,ND,ND,ND,ND,ND,ND,0.0011,ND,ND,ND,52.52
7085.00,4,3.20,3.10,20.24,0.3311,0.7074,0.8060,15.35,0.1969,0.0205,0.0084,0.0873,4.2956,ND,0.0022,0.0023,0.0015,0.0005,0.0004,0.0046,0.0234,0.0024,0.0108,0.0008,ND,ND,ND,ND,ND,ND,ND,0.0012,ND,ND,ND,51.61
7085.50,4,3.76,3.73,21.58,ND,0.8035,1.1019,13.03,0.2581,0.0116,0.0066,0.0873,4.3141,ND,0.0015,0.0018,0.0016,0.0005,0.0003,0.0056,0.0206,0.0012,0.0151,0.0013,ND,ND,ND,ND,ND,ND,ND,0.0013,ND,0.0011,ND,51.26
7086.03,4,3.91,1.82,20.09,0.0381,0.2600,0.3704,17.12,0.1517,0.0269,ND,0.1052,4.1887,ND,ND,ND,0.0010,ND,0.0002,0.0023,0.0206,0.0017,0.0088,0.0007,ND,ND,ND,ND,ND,ND,ND,0.0006,ND,ND,ND,51.89
7086.50,4,2.13,6.39,33.25,ND,0.9913,2.2602,1.46,0.3878,0.0259,0.0090,0.0234,2.5637,ND,0.0040,0.0033,0.0029,0.0006,0.0006,0.0098,0.0193,0.0015,0.0252,0.0021,ND,ND,ND,ND,ND,ND,ND,0.0022,ND,ND,ND,50.43
7087.02,4,2.17,5.64,33.60,0.0208,1.2621,1.9975,1.73,0.3603,0.0261,0.0101,0.0208,2.4987,ND,0.0025,0.0026,0.0021,0.0009,0.0005,0.0088,0.0192,0.0017,0.0253,0.0021,ND,ND,ND,ND,ND,ND,0.0004,0.0016,ND,0.0011,ND,50.59
7087.50,4,1.86,5.75,32.68,0.0308,1.2545,1.9460,2.02,0.3874,0.0240,0.0081,0.0193,2.6034,ND,0.0035,0.0027,0.0020,0.0009,0.0006,0.0085,0.0187,0.0018,0.0280,0.0019,ND,ND,ND,ND,ND,ND,0.0005,0.0022,ND,0.0017,ND,51.34
7088.02,4,1.98,4.40,36.03,ND,0.6306,1.4928,1.98,0.3299,0.0450,0.0067,0.0139,1.5541,ND,0.0023,0.0023,0.0013,0.0006,0.0006,0.0063,0.0148,0.0019,0.0204,0.0014,ND,ND,ND,ND,ND,ND,ND,0.0012,ND,0.0012,ND,51.49
7088.50,4,2.32,7.40,32.05,ND,1.2090,2.6002,1.25,0.4448,0.0327,0.0113,0.0243,3.1982,ND,0.0049,0.0039,0.0032,0.0012,0.0011,0.0115,0.0153,0.0020,0.0246,0.0024,ND,ND,ND,ND,ND,ND,0.0007,0.0024,ND,0.0013,ND,49.40
7089.00,4,2.38,7.48,31.36,ND,1.1429,2.6939,1.24,0.4459,0.0421,0.0154,0.0233,3.0743,ND,0.0050,0.0038,0.0034,0.0008,0.0010,0.0118,0.0143,0.0019,0.0251,0.0026,ND,ND,ND,ND,ND,ND,0.0005,0.0025,ND,0.0011,ND,50.04
7089.50,4,2.05,6.78,32.27,ND,1.2521,2.4097,1.35,0.4877,0.0546,0.0111,0.0245,2.8764,ND,0.0041,0.0025,0.0026,0.0009,0.0008,0.0106,0.0194,0.0022,0.0227,0.0023,ND,ND,ND,ND,ND,ND,0.0005,0.0024,ND,0.0017,ND,50.36
7090.03,4,2.31,7.25,30.20,0.0175,1.3012,2.6653,1.44,0.4293,0.0342,0.0131,0.0239,3.2907,ND,0.0050,0.0031,0.0028,0.0011,0.0009,0.0120,0.0237,0.0027,0.0191,0.0020,ND,ND,ND,ND,ND,ND,ND,0.0030,ND,ND,ND,50.96
7090.48,4,2.01,6.80,32.27,ND,1.1990,2.4532,1.22,0.4398,0.0366,0.0125,0.0194,2.8294,ND,0.0035,0.0028,0.0024,0.0008,0.0009,0.0106,0.0195,0.0022,0.0295,0.0025,ND,ND,ND,ND,ND,ND,ND,0.0024,ND,0.0009,ND,50.63
7091.00,4,1.93,7.53,30.07,ND,1.4288,2.7871,1.18,0.4535,0.0317,0.0193,0.0243,3.6885,ND,0.0102,0.0045,0.0031,0.0017,0.0015,0.0130,0.0150,0.0025,0.0247,0.0029,ND,ND,ND,ND,ND,0.0014,ND,0.0035,ND,0.0010,ND,50.76
7091.50,4,2.11,6.00,33.59,ND,1.2264,2.0602,1.57,0.4201,0.0331,0.0111,0.0220,2.6596,ND,0.0045,0.0031,0.0021,0.0010,0.0007,0.0092,0.0240,0.0022,0.0267,0.0023,ND,ND,ND,ND,ND,ND,0.0005,0.0024,ND,ND,ND,50.22
7092.03,4,1.38,4.31,38.27,ND,1.4026,1.3595,1.23,0.2642,0.0264,0.0068,0.0139,1.6144,ND,0.0012,0.0009,0.2721,0.0003,ND,0.0050,0.0201,0.0031,0.0167,0.0013,ND,ND,ND,ND,ND,0.0055,ND,0.0015,ND,ND,ND,49.79
7092.52,4,1.81,5.89,35.10,ND,0.6355,1.9635,1.53,0.3903,0.0229,0.0070,0.0212,2.0532,ND,0.0022,0.0020,0.0213,0.0006,0.0003,0.0081,0.0204,0.0020,0.0250,0.0017,ND,ND,ND,ND,ND,ND,0.0006,0.0016,ND,ND,ND,50.49
7093.02,4,2.92,4.59,30.00,ND,0.5304,1.3128,4.95,0.3230,0.0237,0.0066,0.0461,2.6369,ND,ND,0.0019,0.0018,0.0005,0.0002,0.0066,0.0242,0.0025,0.0256,0.0016,ND,ND,ND,ND,ND,ND,ND,0.0011,ND,ND,ND,52.59
7093.50,4,4.82,3.69,21.47,0.0764,0.5853,0.8621,7.42,0.2593,0.0208,0.0047,0.0763,3.5249,ND,ND,0.0012,0.0016,0.0004,ND,0.0059,0.0262,0.0024,0.0227,0.0019,ND,ND,ND,0.0031,ND,ND,ND,0.0010,ND,ND,ND,57.13
7094.00,5,3.14,3.69,26.18,ND,0.4369,0.9577,9.00,0.2927,0.0257,0.0067,0.0785,3.6333,ND,ND,0.0043,0.0045,0.0003,0.0002,0.0050,0.0244,0.0021,0.0229,0.0013,ND,ND,ND,ND,ND,ND,ND,0.0010,ND,ND,ND,52.49
7094.50,5,2.83,4.24,27.90,ND,0.3988,1.1512,8.18,0.3124,0.0250,0.0047,0.0649,3.3685,ND,0.0018,0.0021,0.0023,0.0004,ND,0.0057,0.0216,0.0023,0.0213,0.0012,ND,ND,ND,ND,ND,ND,ND,0.0010,ND,ND,ND,51.47
7095.03,5,2.82,4.94,30.54,ND,0.5650,1.4011,5.66,0.2963,0.0282,0.0064,0.0495,2.7425,ND,0.0014,0.0018,0.0014,ND,ND,0.0059,0.0204,0.0019,0.0190,0.0015,ND,ND,ND,ND,ND,ND,ND,0.0008,ND,ND,ND,50.90
7095.50,5,1.64,4.20,31.05,ND,0.4235,1.1026,7.94,0.2955,0.0265,ND,0.0358,1.2724,ND,ND,0.0012,0.0011,0.0003,ND,0.0043,0.0343,0.0025,0.0181,0.0012,ND,ND,ND,ND,ND,0.0013,ND,0.0007,ND,ND,ND,51.95
7096.00,5,2.13,5.13,30.51,ND,0.4277,1.5555,4.94,0.3598,0.0230,0.0064,0.0443,2.7566,ND,0.0012,0.0027,0.0014,0.0005,ND,0.0072,0.0314,0.0027,0.0228,0.0019,ND,ND,ND,ND,ND,0.0012,ND,0.0010,ND,ND,ND,52.04
7096.50,5,1.90,5.70,33.22,ND,0.6607,1.8737,2.08,0.4120,0.0234,0.0077,0.0233,2.2337,ND,0.0022,0.0016,0.0021,0.0010,ND,0.0077,0.0322,0.0023,0.0274,0.0018,ND,ND,ND,ND,ND,ND,ND,0.0010,ND,0.0010,ND,51.79
7097.06,5,2.08,5.58,34.28,ND,0.3540,1.8475,1.99,0.3786,0.0236,0.0066,0.0211,1.9483,ND,0.0022,0.0018,0.0021,0.0005,ND,0.0078,0.0264,0.0022,0.0266,0.0018,ND,ND,ND,ND,ND,ND,ND,0.0013,ND,0.0009,ND,51.41
7097.50,5,1.85,5.75,33.57,ND,0.5124,1.9195,1.89,0.4117,0.0289,0.0074,0.0224,2.0544,ND,0.0018,0.0022,0.0019,0.0004,ND,0.0082,0.0343,0.0020,0.0268,0.0022,ND,ND,ND,ND,ND,ND,ND,0.0013,ND,ND,ND,51.90
7098.00,5,1.94,5.88,33.80,ND,0.4039,1.9037,1.86,0.4310,0.0313,0.0061,0.0223,1.9745,ND,0.0021,0.0018,0.0018,0.0006,ND,0.0079,0.0378,0.0020,0.0268,0.0020,ND,ND,ND,ND,ND,ND,ND,0.0010,ND,0.0011,ND,51.67
7098.50,5,1.85,5.71,34.01,ND,0.3292,1.8767,1.87,0.4291,0.0226,0.0045,0.0184,1.8002,ND,0.0013,0.0024,0.0022,0.0004,0.0002,0.0080,0.0381,0.0022,0.0288,0.0023,ND,ND,ND,ND,ND,ND,ND,0.0008,ND,0.0011,ND,51.99
7099.04,5,1.98,5.75,34.78,ND,0.3512,1.8380,1.96,0.3985,0.0303,0.0068,0.0212,1.8120,ND,0.0016,0.0031,0.0027,0.0004,ND,0.0075,0.0199,0.0022,0.0281,0.0019,ND,ND,ND,ND,ND,ND,ND,0.0009,ND,ND,ND,51.01
7099.50,5,1.85,5.99,33.11,ND,0.2528,1.9224,1.94,0.4023,0.0294,0.0071,0.0224,1.9327,ND,0.0022,0.0027,0.0021,0.0005,ND,0.0080,0.0308,0.0023,0.0268,0.0021,ND,ND,ND,ND,ND,ND,ND,0.0011,ND,ND,ND,52.46
7100.00,5,1.66,5.85,33.92,ND,0.3318,1.8906,1.85,0.4009,0.0280,0.0073,0.0195,1.8485,ND,0.0024,0.0024,0.0020,0.0005,ND,0.0078,0.0336,0.0021,0.0265,0.0017,ND,ND,ND,ND,ND,ND,ND,0.0010,ND,ND,ND,52.12
7100.50,5,1.64,5.71,33.60,ND,0.3552,1.8482,2.11,0.4010,0.0288,0.0060,0.0226,1.9230,ND,0.0018,0.0029,0.0071,0.0005,ND,0.0077,0.0370,0.0023,0.0290,0.0021,ND,ND,ND,ND,ND,ND,ND,0.0011,ND,ND,ND,52.27
7101.03,5,1.72,5.78,34.33,ND,0.3040,1.8494,1.99,0.3660,0.0290,0.0069,0.0188,1.8207,ND,0.0020,0.0024,0.0020,0.0004,ND,0.0076,0.0252,0.0021,0.0263,0.0022,ND,ND,ND,ND,ND,ND,ND,0.0012,ND,0.0011,ND,51.73
7101.50,5,1.91,5.58,33.96,ND,0.4087,1.8562,1.89,0.3968,0.0279,0.0059,0.0215,1.9962,ND,0.0022,0.0029,0.0023,0.0004,ND,0.0082,0.0326,0.0021,0.0282,0.0019,ND,ND,ND,ND,ND,ND,ND,0.0012,ND,0.0012,ND,51.86
7102.02,5,1.59,5.66,34.00,ND,0.2048,1.8613,1.82,0.4070,0.0173,0.0073,0.0236,1.7169,ND,0.0017,0.0027,0.0024,0.0006,ND,0.0081,0.0290,0.0023,0.0261,0.0023,ND,ND,ND,ND,ND,0.0011,ND,0.0006,ND,ND,ND,52.62
7102.50,5,1.77,5.82,33.16,ND,0.4839,1.9290,1.83,0.4106,0.0247,0.0102,0.0191,1.8869,ND,0.0020,0.0030,0.0023,0.0006,0.0002,0.0083,0.0366,0.0022,0.0283,0.0022,ND,ND,ND,ND,ND,ND,ND,0.0009,ND,ND,ND,52.57
7103.04,5,1.85,5.94,33.15,ND,0.2675,1.9243,2.03,0.4167,0.0349,0.0058,0.0212,1.8829,ND,0.0020,0.0029,0.0022,0.0005,ND,0.0081,0.0255,0.0025,0.0273,0.0022,ND,ND,ND,ND,ND,ND,ND,0.0010,ND,ND,ND,52.42
7103.50,5,2.23,6.52,32.62,ND,0.4696,2.1129,2.22,0.4147,0.0256,0.0073,0.0245,2.2396,ND,0.0024,0.0026,0.0019,0.0006,ND,0.0086,0.0317,0.0028,0.0266,0.0022,ND,ND,ND,ND,ND,ND,ND,0.0012,ND,ND,ND,51.03
7104.00,5,2.52,5.43,28.85,ND,0.3704,1.6121,6.16,0.3525,0.0255,0.0062,0.0518,3.2018,ND,0.0019,0.0024,0.0017,0.0005,ND,0.0071,0.0275,0.0030,0.0256,0.0019,ND,ND,ND,ND,ND,ND,ND,0.0007,ND,ND,ND,51.35
7104.50,5,3.59,4.79,26.25,ND,0.1457,1.3366,7.84,0.3409,0.0225,0.0053,0.0689,3.4676,ND,0.0016,0.0021,0.0014,0.0005,ND,0.0065,0.0247,0.0027,0.0239,0.0018,ND,ND,ND,ND,ND,ND,0.0005,0.0007,ND,0.0011,ND,52.08
7105.03,5,2.79,5.11,27.35,ND,0.1923,1.4566,6.34,0.3625,0.0258,0.0054,0.0614,3.1534,ND,0.0024,0.0028,0.0021,ND,ND,0.0069,0.0264,0.0030,0.0241,0.0019,ND,ND,ND,ND,ND,ND,0.0005,0.0008,ND,ND,ND,53.08
7105.50,5,2.38,5.37,29.40,ND,0.3184,1.5996,4.86,0.3683,0.0226,0.0078,0.0495,2.8161,ND,ND,0.0028,0.0017,0.0003,ND,0.0073,0.0308,0.0026,0.0270,0.0020,ND,ND,ND,ND,ND,ND,ND,0.0011,ND,0.0010,ND,52.74
7105.99,5,2.06,5.78,33.74,ND,0.2703,1.8986,2.14,0.4146,0.0157,0.0091,0.0223,1.8615,ND,0.0018,0.0026,0.0020,0.0004,ND,0.0082,0.0351,0.0022,0.0277,0.0023,ND,ND,ND,ND,ND,ND,0.0004,0.0010,ND,ND,ND,51.70
7106.50,5,2.07,5.79,32.33,ND,0.5921,1.9547,1.70,0.4127,0.0225,0.0079,0.0197,2.1762,ND,0.0029,0.0039,0.0029,0.0005,ND,0.0091,0.0428,0.0025,0.0291,0.0021,ND,ND,ND,ND,ND,ND,ND,0.0014,ND,ND,ND,52.83
7107.03,5,2.10,6.01,33.05,ND,0.3670,1.9393,1.60,0.4128,0.0308,0.0054,0.0189,1.9774,ND,0.0032,0.0032,0.0025,0.0005,ND,0.0090,0.0295,0.0023,0.0298,0.0022,ND,ND,ND,ND,ND,ND,0.0004,0.0011,ND,ND,ND,52.41
7107.50,5,2.66,5.49,29.71,ND,0.3448,1.6374,5.12,0.3743,0.0236,0.0059,0.0484,2.9196,ND,0.0025,0.0029,0.0040,0.0005,0.0002,0.0080,0.0326,0.0027,0.0265,0.0020,ND,ND,ND,ND,ND,ND,ND,0.0009,ND,ND,ND,51.58
7108.07,5,2.30,3.71,28.25,0.0406,0.3030,0.9372,10.52,0.2438,0.0250,0.0083,0.0581,2.2934,ND,0.0016,0.0021,0.0014,0.0009,0.0002,0.0053,0.0272,0.0026,0.0120,0.0014,ND,ND,ND,ND,ND,ND,ND,0.0010,ND,ND,ND,51.25
7108.50,5,2.31,2.80,33.27,ND,0.2052,0.6017,6.58,0.3208,0.0262,0.0056,0.0639,2.5146,ND,ND,0.0013,0.0013,0.0003,ND,0.0033,0.0237,0.0029,0.0399,0.0017,ND,ND,ND,ND,ND,ND,ND,0.0008,ND,ND,ND,51.23
7109.07,5,2.32,6.05,29.54,ND,0.3118,1.8640,4.03,0.3821,0.0268,0.0076,0.0440,2.7791,ND,0.0024,0.0024,0.0024,0.0006,ND,0.0094,0.0319,0.0029,0.0270,0.0025,ND,ND,ND,ND,ND,0.0012,0.0006,0.0008,ND,ND,ND,52.57
7109.50,5,2.52,5.79,31.97,ND,0.7020,1.8521,1.59,0.3979,0.0184,0.0061,0.0180,2.0399,ND,0.0028,0.0038,0.0020,0.0007,ND,0.0093,0.0384,0.0022,0.0285,0.0023,ND,ND,ND,ND,ND,0.0012,ND,0.0011,ND,ND,ND,53.01
7110.03,5,2.09,5.48,32.32,ND,0.6172,1.7836,1.50,0.3947,0.0267,0.0065,0.0214,1.9732,ND,0.0024,0.0029,0.0028,0.0004,0.0002,0.0087,0.0431,0.0021,0.0295,0.0022,ND,ND,ND,ND,ND,ND,ND,0.0010,0.0008,ND,ND,53.69
7110.50,5,1.91,5.58,33.11,ND,0.6878,1.7846,1.38,0.4099,0.0247,0.0083,0.0174,2.0177,ND,0.0018,0.0031,0.1179,0.0006,ND,0.0086,0.0500,0.0022,0.0307,0.0023,ND,ND,ND,ND,ND,0.0020,ND,0.0011,ND,0.0012,ND,52.84
7111.05,5,2.46,6.26,33.46,ND,0.2538,2.0262,1.51,0.4021,0.0302,0.0069,0.0175,1.8352,ND,0.0018,0.0030,0.0023,0.0005,ND,0.0097,0.0315,0.0023,0.0287,0.0023,ND,ND,ND,ND,ND,ND,ND,0.0008,ND,0.0010,ND,51.64
7111.53,5,3.66,4.68,26.38,0.0270,0.2377,1.2407,5.24,0.3104,0.0277,0.0065,0.0520,2.9091,ND,0.0031,0.0036,0.0021,ND,ND,0.0080,0.0284,0.0028,0.0264,0.0020,ND,ND,ND,ND,ND,ND,ND,0.0008,ND,ND,ND,55.15
7112.00,5,2.51,4.79,28.29,ND,0.1532,1.4053,5.76,0.3459,0.0220,0.0072,0.0569,3.0283,ND,0.0020,0.0032,0.0016,0.0003,ND,0.0072,0.0271,0.0027,0.0273,0.0020,ND,ND,ND,ND,ND,ND,ND,0.0006,ND,ND,ND,53.55
7112.50,5,2.39,4.84,27.93,ND,0.4243,1.3610,5.98,0.3054,0.0260,0.0086,0.0546,3.0254,ND,0.0015,0.0076,0.5960,0.0004,0.0004,0.0073,0.0306,0.0026,0.0258,0.0020,ND,ND,ND,0.0031,ND,ND,ND,0.0011,ND,ND,ND,52.98
7113.03,5,2.83,4.35,27.23,ND,0.0624,1.1938,7.31,0.3307,0.0206,0.0051,0.0676,3.5415,ND,0.0020,0.0033,0.0014,0.0005,ND,0.0062,0.0236,0.0025,0.0256,0.0013,ND,ND,ND,ND,ND,ND,ND,ND,ND,0.0013,ND,52.99
7113.50,5,2.93,4.53,27.30,ND,0.1662,1.2447,6.98,0.3280,0.0187,0.0061,0.0652,3.3140,ND,0.0016,0.0025,0.0016,0.0004,ND,0.0065,0.0296,0.0026,0.0238,0.0015,ND,ND,ND,ND,ND,ND,ND,ND,ND,ND,ND,53.04
7114.00,5,3.15,5.21,30.44,0.0302,0.6322,1.4589,1.30,0.3650,0.0197,0.0078,0.0153,1.7029,ND,0.0023,0.0025,0.0025,0.0004,0.0002,0.0082,0.0416,0.0024,0.0295,0.0024,ND,ND,ND,ND,ND,ND,ND,0.0007,ND,ND,ND,55.56
7114.50,5,2.02,5.08,33.19,ND,0.3083,1.5745,1.54,0.3778,0.0231,0.0071,0.0162,1.5903,ND,0.0017,0.0023,0.0020,0.0003,ND,0.0075,0.0306,0.0025,0.0297,0.0022,ND,ND,ND,ND,ND,ND,ND,0.0007,ND,ND,ND,54.19
7115.04,5,2.31,5.55,34.09,ND,0.3059,1.6067,1.50,0.3801,0.0174,0.0090,0.0182,1.6459,ND,0.0019,0.0031,0.0019,0.0004,ND,0.0080,0.0311,0.0022,0.0302,0.0023,ND,ND,ND,ND,ND,ND,0.0004,0.0008,ND,ND,ND,52.49
7115.51,5,2.78,4.76,30.25,0.0289,0.6235,1.3251,1.30,0.3540,0.0229,0.0051,0.0178,1.4917,ND,0.0014,0.0028,0.0017,ND,ND,0.0071,0.0375,0.0019,0.0308,0.0023,ND,ND,ND,ND,ND,ND,ND,0.0008,ND,ND,ND,56.96
7116.00,5,3.73,4.81,27.46,0.0536,0.6678,1.3045,1.21,0.3376,0.0236,0.0073,0.0142,1.5258,ND,0.0026,0.0025,0.0016,0.0004,0.0002,0.0078,0.0437,0.0021,0.0281,0.0023,ND,ND,ND,ND,ND,ND,ND,0.0006,ND,ND,ND,58.77
7116.50,5,3.14,4.33,29.41,0.0329,0.5965,1.3153,1.17,0.3775,0.0266,0.0062,0.0160,1.6301,ND,0.0013,0.0021,0.0019,0.0006,ND,0.0085,0.0319,0.0020,0.0311,0.0021,ND,ND,ND,ND,ND,0.0010,ND,0.0006,ND,ND,ND,57.85
7117.04,5,3.61,4.53,26.86,0.0692,0.5464,1.2315,1.02,0.3723,0.0162,0.0102,0.0148,1.5077,ND,0.0020,0.0035,0.0021,0.0005,ND,0.0084,0.0312,0.0025,0.0374,0.0021,ND,ND,ND,ND,ND,ND,0.0005,0.0005,ND,ND,ND,60.12
7117.49,5,6.49,3.62,19.95,0.1527,0.7121,0.7036,0.92,0.2557,0.0178,0.0062,0.0124,1.2494,ND,0.0019,0.0025,0.0024,ND,ND,0.0073,0.0331,0.0018,0.0287,0.0020,ND,ND,ND,ND,ND,ND,ND,0.0006,ND,ND,ND,65.82
7118.00,5,4.05,4.60,27.48,0.0627,0.6918,1.2089,1.07,0.3530,0.0253,0.0050,0.0157,1.4573,ND,0.0022,0.0031,0.0018,0.0003,ND,0.0076,0.0425,0.0024,0.0313,0.0023,ND,ND,ND,ND,ND,ND,ND,0.0008,ND,ND,ND,58.89
7118.50,5,3.79,4.41,26.25,0.0793,0.7839,1.1321,1.11,0.3474,0.0147,0.0076,0.0154,1.4438,ND,ND,0.0028,0.0052,0.0003,ND,0.0077,0.0441,0.0020,0.0302,0.0019,ND,ND,ND,ND,ND,ND,ND,0.0007,ND,ND,ND,60.54
7119.03,5,2.09,4.97,32.59,ND,0.4107,1.5338,1.18,0.3534,0.0248,0.0072,0.0171,1.5703,ND,ND,0.0026,0.0322,0.0004,ND,0.0073,0.0343,0.0020,0.0264,0.0022,0.0004,ND,ND,ND,ND,ND,ND,0.0006,ND,0.0010,ND,55.14
7119.50,5,2.26,5.13,33.12,ND,0.4190,1.5019,1.23,0.3985,0.0211,0.0077,0.0149,1.6101,ND,0.0025,0.0024,0.0017,0.0003,ND,0.0078,0.0326,0.0021,0.0305,0.0021,ND,ND,ND,ND,ND,0.0012,ND,0.0007,ND,ND,ND,54.20
7120.00,5,4.35,4.68,25.95,0.0756,0.6782,1.1319,0.91,0.3242,0.0259,0.0057,0.0155,1.4950,ND,0.0019,0.0031,0.0023,0.0005,0.0002,0.0086,0.0493,0.0021,0.0302,0.0023,ND,ND,ND,ND,ND,ND,ND,0.0006,ND,0.0010,ND,60.26
7120.52,5,3.80,3.95,22.05,ND,0.1972,0.8620,8.63,0.2559,0.0173,ND,0.0852,3.8801,ND,ND,0.0023,0.0014,0.0005,ND,0.0051,0.0296,0.0029,0.0241,0.0016,ND,ND,ND,ND,ND,ND,ND,0.0005,ND,ND,ND,56.20
7121.03,5,1.73,4.90,36.64,ND,0.0716,1.4115,0.58,0.2676,0.0210,0.0061,0.0168,1.2648,ND,ND,0.0016,0.0014,0.0004,ND,0.0053,0.0230,0.0019,0.0128,0.0010,ND,ND,ND,ND,ND,ND,ND,0.0007,ND,0.0009,ND,53.04
7121.50,5,3.35,2.83,22.58,ND,0.0184,0.6114,12.77,0.2863,0.0128,0.0061,0.1270,4.6564,ND,ND,0.0019,0.0013,ND,ND,0.0033,0.0214,0.0028,0.0326,0.0013,ND,ND,ND,ND,ND,ND,ND,0.0005,ND,ND,ND,52.69
7122.04,5,3.89,3.45,23.18,ND,0.2238,0.6725,9.44,0.1729,0.0190,ND,0.0893,3.8967,ND,ND,0.0023,0.0011,0.0004,ND,0.0042,0.0332,0.0024,0.0089,0.0009,ND,ND,ND,ND,ND,0.0011,0.0006,0.0007,ND,ND,ND,54.91
7122.50,5,2.17,5.57,31.57,ND,0.4841,1.5989,1.48,0.3723,0.0275,0.0085,0.0159,1.7651,ND,0.0017,0.0032,0.0323,0.0005,ND,0.0076,0.0505,0.0022,0.0312,0.0021,ND,ND,ND,ND,ND,0.0028,ND,0.0009,ND,ND,ND,54.80
7123.03,5,2.71,4.75,32.49,ND,0.3770,1.2720,1.16,0.3168,0.0203,0.0056,0.0169,1.5136,ND,0.0019,0.0031,0.0024,0.0004,ND,0.0073,0.0270,0.0021,0.0307,0.0020,ND,ND,ND,ND,ND,ND,0.0005,0.0009,ND,ND,ND,55.28
7123.50,5,4.65,5.35,28.49,0.0841,0.5355,0.9897,0.76,0.2715,0.0196,0.0067,0.0121,1.1343,ND,ND,0.0033,0.0021,0.0003,ND,0.0079,0.0425,0.0020,0.0319,0.0022,ND,ND,ND,ND,ND,0.0012,ND,0.0007,ND,0.0009,ND,57.60
7124.00,5,3.43,4.35,28.89,0.0411,0.4017,1.1148,1.06,0.3273,0.0178,0.0085,0.0154,1.3496,ND,0.0023,0.0028,0.0018,0.0004,ND,0.0079,0.0311,0.0018,0.0308,0.0021,ND,ND,ND,ND,ND,0.0011,ND,0.0008,ND,0.0011,ND,58.91
7124.50,5,2.33,5.63,32.43,ND,0.4230,1.4721,0.99,0.3264,0.0218,0.0089,0.0159,1.4171,ND,0.0026,0.0047,0.0047,0.0003,ND,0.0072,0.0541,0.0021,0.0319,0.0021,ND,ND,ND,ND,ND,ND,ND,0.0006,ND,ND,ND,54.81
7125.03,5,2.01,7.09,31.01,ND,0.5055,2.4440,0.81,0.4949,0.0238,0.0068,0.0179,2.5152,ND,0.0037,0.0031,0.0027,0.0008,0.0003,0.0106,0.0283,0.0028,0.0312,0.0027,ND,ND,ND,ND,ND,0.0011,0.0005,0.0014,ND,ND,ND,52.98
7125.50,5,2.28,5.18,33.15,ND,0.5299,1.5414,1.29,0.3064,0.0211,0.0065,0.0153,1.7784,ND,0.0022,0.0017,0.0024,0.0007,0.0003,0.0079,0.0341,0.0020,0.0161,0.0020,ND,ND,ND,ND,ND,ND,ND,0.0016,ND,ND,ND,53.83
7126.00,5,1.84,4.90,33.83,ND,0.3736,1.4580,1.24,0.3983,0.0194,0.0070,0.0155,1.5997,ND,0.0017,0.0034,0.0032,0.0005,ND,0.0075,0.0313,0.0020,0.0329,0.0020,ND,ND,ND,ND,ND,ND,ND,ND,ND,0.0011,ND,54.23
7126.50,5,2.02,4.68,31.87,ND,0.5413,1.3335,1.25,0.3569,0.0221,0.0075,0.0153,1.5214,ND,0.0016,0.0028,0.0038,ND,ND,0.0077,0.0339,0.0022,0.0294,0.0019,ND,ND,ND,ND,ND,ND,ND,0.0009,ND,ND,ND,56.31
7127.03,5,4.20,4.05,26.77,0.0613,0.5297,0.9821,0.96,0.3141,0.0180,0.0083,0.0150,1.4973,ND,0.0014,0.0033,0.0563,0.0003,ND,0.0080,0.0289,0.0022,0.0284,0.0024,ND,ND,ND,ND,ND,ND,ND,0.0008,ND,ND,ND,60.46
7127.50,5,4.26,3.80,26.33,0.0605,0.4369,0.8923,1.04,0.3323,0.0247,ND,0.0146,1.4926,ND,0.0028,0.0033,0.0022,ND,ND,0.0075,0.0253,0.0020,0.0300,0.0024,ND,ND,ND,ND,ND,ND,ND,0.0008,ND,ND,ND,61.24
7128.00,5,3.31,4.41,28.30,0.0406,0.5163,1.0521,1.45,0.3190,0.0280,0.0067,0.0188,1.6719,ND,ND,0.0017,0.0018,ND,ND,0.0070,0.0393,0.0022,0.0291,0.0020,ND,ND,ND,ND,ND,ND,ND,0.0008,ND,ND,ND,58.79
7128.50,5,3.22,3.22,30.60,0.0396,0.1640,0.5026,4.11,0.3493,0.0203,0.0058,0.0328,1.6869,ND,ND,0.0022,0.0012,ND,ND,0.0038,0.0439,0.0026,0.0452,0.0019,ND,ND,ND,ND,ND,ND,ND,0.0007,ND,ND,ND,55.95
7129.03,5,1.98,4.93,33.79,ND,0.3867,1.3400,1.18,0.3792,0.0175,0.0052,0.0153,1.5945,ND,0.0015,0.0031,0.0021,0.0005,0.0002,0.0073,0.0338,0.0018,0.0323,0.0022,ND,ND,ND,ND,ND,ND,0.0004,0.0008,ND,0.0009,ND,54.30
7129.50,5,2.49,4.42,31.09,ND,0.3756,1.1370,1.24,0.3163,0.0243,0.0049,0.0137,1.5854,ND,0.0014,0.0028,0.0038,0.0005,0.0002,0.0067,0.0300,0.0022,0.0287,0.0018,ND,ND,ND,ND,ND,ND,ND,0.0005,ND,ND,ND,57.22
7130.00,5,2.99,4.26,31.82,ND,0.3157,1.0281,1.53,0.3448,0.0216,0.0056,0.0159,1.3459,ND,ND,0.0021,0.0215,0.0003,ND,0.0067,0.0317,0.0022,0.0290,0.0019,ND,ND,ND,ND,ND,0.0017,ND,0.0008,ND,ND,ND,56.21
7130.50,5,1.90,4.33,34.73,ND,0.1304,1.1652,1.73,0.3435,0.0183,0.0091,0.0174,1.4204,ND,0.0017,0.0023,0.0068,0.0003,ND,0.0060,0.0357,0.0018,0.0317,0.0020,ND,ND,ND,ND,ND,ND,ND,0.0007,ND,0.0011,ND,54.11
7131.03,5,1.63,4.31,35.54,ND,ND,1.1050,2.82,0.3583,0.0234,0.0051,0.0251,1.5448,ND,ND,0.0015,0.0021,0.0003,ND,0.0050,0.0328,0.0017,0.0262,0.0015,ND,ND,ND,ND,ND,ND,ND,0.0005,ND,0.0010,ND,52.57
7131.50,5,1.85,3.77,33.07,ND,0.1699,0.8806,2.95,0.3475,0.0225,0.0049,0.0243,1.5507,ND,ND,0.0018,0.0020,0.0004,ND,0.0048,0.0458,0.0019,0.0272,0.0013,ND,ND,ND,ND,ND,ND,ND,0.0007,ND,0.0016,ND,55.26
7132.01,5,2.23,4.07,32.92,ND,0.2601,0.9645,2.10,0.3136,0.0253,0.0053,0.0227,1.4886,ND,0.0016,0.0011,0.0029,ND,ND,0.0054,0.0286,0.0018,0.0270,0.0015,ND,ND,ND,ND,ND,ND,ND,0.0009,ND,ND,ND,55.52
7132.50,5,1.75,4.42,34.99,ND,0.3403,1.1925,1.56,0.3111,0.0201,0.0052,0.0166,1.4667,ND,0.0017,0.0013,0.0021,0.0004,0.0002,0.0056,0.0335,0.0016,0.0215,0.0019,ND,ND,ND,ND,ND,ND,ND,0.0008,ND,ND,ND,53.86
7133.03,5,1.59,4.60,35.92,ND,0.4806,1.2448,1.54,0.3551,0.0228,0.0081,0.0157,1.6970,ND,0.0015,0.0015,0.0049,0.0004,0.0002,0.0056,0.0185,0.0017,0.0252,0.0019,ND,ND,ND,ND,ND,ND,ND,0.0010,ND,ND,ND,52.46
7133.50,5,1.70,4.60,35.05,ND,0.6380,1.2971,1.09,0.3345,0.0253,0.0045,0.0185,1.8336,ND,0.0030,0.0023,0.0106,0.0005,0.0003,0.0056,0.0214,0.0017,0.0225,0.0018,ND,ND,ND,ND,ND,ND,ND,0.0017,ND,0.0009,ND,53.33
7134.00,5,1.79,5.37,34.34,ND,0.7922,1.6122,0.76,0.3487,0.0253,0.0113,0.0164,2.3520,ND,0.0049,0.0025,0.0518,0.0008,0.0006,0.0073,0.0240,0.0019,0.0242,0.0021,ND,ND,ND,ND,ND,ND,ND,0.0027,ND,ND,ND,52.46
7134.49,5,1.91,7.19,30.96,0.0669,1.5582,2.4972,0.62,0.4468,0.0358,0.0191,0.0197,3.6460,ND,0.0085,0.0041,0.0046,0.0017,0.0018,0.0114,0.0206,0.0024,0.0284,0.0024,ND,ND,ND,ND,ND,ND,ND,0.0041,ND,0.0017,ND,50.94
7135.03,5,2.15,6.81,33.31,ND,0.9011,2.3248,0.68,0.4428,0.0296,0.0085,0.0194,2.7318,ND,0.0051,0.0030,0.0095,0.0010,0.0007,0.0103,0.0171,0.0025,0.0291,0.0023,ND,ND,ND,ND,ND,ND,ND,0.0022,ND,ND,ND,50.51
7135.52,5,1.19,2.64,42.02,ND,0.6185,0.8478,0.40,0.2154,0.0128,0.0050,0.0099,0.9983,ND,ND,0.0017,0.0221,0.0004,0.0002,0.0037,0.0109,0.0013,0.0106,0.0010,ND,ND,ND,ND,ND,ND,ND,0.0012,ND,ND,ND,50.99
7136.00,5,2.16,6.69,33.21,ND,0.9514,2.3225,0.83,0.4592,0.0273,0.0127,0.0202,2.9663,ND,0.0064,0.0035,0.0047,0.0009,0.0008,0.0110,0.0212,0.0025,0.0299,0.0026,ND,ND,ND,ND,ND,ND,ND,0.0026,ND,0.0012,ND,50.26
7136.50,5,1.85,5.82,34.50,ND,0.6157,2.0618,0.84,0.4046,0.0307,0.0094,0.0220,2.4640,ND,0.0034,0.0028,0.0049,0.0008,0.0003,0.0100,0.0304,0.0024,0.0289,0.0022,ND,ND,ND,ND,ND,ND,ND,0.0016,ND,0.0011,ND,51.29
7137.04,5,2.24,7.05,31.55,ND,0.7525,2.4987,0.77,0.4491,0.0282,0.0113,0.0256,2.7096,ND,0.0041,0.0032,0.0032,0.0010,0.0007,0.0114,0.0186,0.0022,0.0281,0.0022,ND,ND,ND,ND,ND,ND,0.0005,0.0021,ND,ND,ND,51.83
7137.50,5,1.67,5.41,34.46,0.0592,1.0813,1.8480,1.01,0.3680,0.0223,0.0164,0.0113,2.5208,ND,0.0043,0.0027,0.0020,0.0011,0.0010,0.0083,0.0190,0.0028,0.0249,0.0021,ND,ND,ND,ND,ND,ND,ND,0.0025,ND,0.0014,ND,51.45
7138.00,5,1.95,5.53,34.96,0.0731,1.4026,1.8999,1.11,0.3885,0.0321,0.0110,0.0159,2.8506,ND,0.0042,0.0036,0.0024,0.0014,0.0008,0.0086,0.0201,0.0028,0.0217,0.0019,ND,ND,ND,ND,ND,ND,ND,0.0028,ND,ND,ND,49.70
7138.50,5,1.81,5.98,34.23,ND,0.9301,1.9429,0.77,0.4063,0.0270,0.0109,0.0166,2.3042,ND,0.0023,0.0025,0.0021,0.0007,0.0005,0.0084,0.0228,0.0022,0.0288,0.0022,ND,ND,ND,ND,ND,ND,ND,0.0019,ND,ND,ND,51.49
7139.03,5,1.84,4.76,35.21,ND,0.7052,1.4601,0.95,0.3230,0.0220,0.0075,0.0145,1.9233,ND,0.0014,0.0022,0.0014,0.0007,0.0003,0.0070,0.0298,0.0014,0.0257,0.0017,ND,ND,ND,0.0028,ND,0.0012,ND,0.0019,ND,ND,ND,52.71
7139.50,5,1.52,4.38,36.24,ND,0.5605,1.3219,1.00,0.3621,0.0143,0.0071,0.0158,1.6201,ND,ND,0.0023,0.0015,0.0004,0.0002,0.0062,0.0308,0.0016,0.0307,0.0020,ND,ND,ND,ND,ND,ND,ND,0.0011,ND,ND,ND,52.89
7139.99,5,3.42,3.40,22.63,ND,0.4316,0.8298,9.09,0.2685,0.0247,0.0054,0.0918,4.4239,ND,ND,0.0015,0.0016,0.0004,0.0003,0.0054,0.0274,0.0018,0.0226,0.0018,ND,ND,ND,ND,ND,ND,ND,0.0010,ND,ND,ND,55.33
7140.50,5,3.93,3.29,20.79,ND,0.3960,0.7756,11.43,0.2470,0.0148,ND,0.1098,4.9451,ND,ND,0.0014,0.0012,0.0005,0.0002,0.0044,0.0277,0.0018,0.0235,0.0016,ND,ND,ND,ND,ND,ND,ND,0.0006,ND,ND,ND,54.00
7141.04,5,3.20,3.77,22.32,ND,0.3358,0.9307,9.35,0.2793,0.0141,0.0075,0.0862,4.4725,ND,ND,0.0014,0.0014,0.0005,0.0002,0.0052,0.0253,0.0018,0.0253,0.0016,ND,ND,ND,ND,ND,ND,ND,0.0009,ND,0.0011,ND,55.17
7141.50,5,6.68,2.29,10.38,0.3216,0.3403,0.5580,20.38,0.3350,0.1847,0.0113,0.1765,4.9884,ND,ND,0.0023,0.0015,0.0008,0.0003,0.0028,0.1193,0.0037,0.0086,0.0010,ND,ND,ND,ND,ND,ND,0.0006,ND,ND,0.0017,ND,53.21
7142.02,5,2.04,4.42,33.65,ND,0.4296,1.2801,1.63,0.3593,0.0166,0.0062,0.0178,1.7105,ND,ND,0.0014,0.0017,0.0003,ND,0.0067,0.0258,0.0019,0.0288,0.0024,ND,ND,ND,ND,ND,ND,ND,0.0010,ND,ND,ND,54.37
7142.50,5,2.94,4.25,31.41,0.0306,0.6759,1.0034,1.68,0.3178,0.0267,0.0048,0.0166,1.6162,ND,ND,0.0014,0.0020,0.0003,ND,0.0063,0.0285,0.0021,0.0277,0.0019,ND,ND,ND,ND,ND,0.0012,ND,0.0010,ND,ND,ND,55.96
7143.03,5,1.38,3.46,26.58,ND,0.4713,0.7875,13.81,0.2262,0.0153,ND,0.0365,1.5684,ND,ND,0.0021,0.0012,0.0008,0.0002,0.0042,0.0704,0.0032,0.0117,0.0009,ND,ND,ND,ND,ND,ND,ND,0.0011,ND,0.0017,ND,51.56
7143.50,5,2.80,2.56,31.46,0.0209,0.5978,0.4606,3.91,0.3503,0.0177,ND,0.0347,1.9617,ND,ND,0.0009,0.0035,0.0004,ND,0.0035,0.0308,0.0027,0.0406,0.0019,ND,ND,ND,ND,ND,ND,ND,0.0010,ND,0.0013,ND,55.75
7144.00,5,2.41,4.28,33.63,ND,1.0275,1.0103,1.44,0.3052,0.0257,ND,0.0150,1.5818,ND,ND,0.0018,0.0021,0.0005,ND,0.0056,0.0556,0.0019,0.0294,0.0015,ND,ND,ND,ND,ND,ND,ND,0.0008,ND,ND,ND,54.17
7144.50,5,2.91,4.03,31.57,0.0388,0.8410,0.9018,1.48,0.2989,0.0234,0.0048,0.0197,1.4828,ND,ND,0.0023,0.0018,0.0004,ND,0.0057,0.0429,0.0022,0.0320,0.0018,ND,ND,ND,ND,ND,0.0012,ND,0.0010,ND,ND,ND,56.31
7145.03,5,2.13,4.95,33.77,ND,0.5745,1.3033,1.41,0.3441,0.0192,0.0076,0.0172,1.4884,ND,ND,0.0030,0.0019,0.0003,ND,0.0062,0.0490,0.0017,0.0318,0.0019,ND,ND,ND,ND,ND,ND,ND,0.0009,ND,0.0010,ND,53.88
7145.50,5,2.67,4.80,31.09,ND,0.6132,1.1703,1.05,0.3212,0.0179,0.0102,0.0151,1.4454,ND,0.0013,0.0024,0.0020,ND,ND,0.0070,0.0507,0.0020,0.0326,0.0023,ND,ND,ND,ND,ND,ND,ND,0.0009,ND,ND,ND,56.71
7146.00,5,3.10,4.24,31.33,0.0328,0.7296,0.8584,1.21,0.2474,0.0243,0.0069,0.0126,1.2091,ND,ND,0.0023,0.0025,ND,ND,0.0060,0.0481,0.0020,0.0303,0.0018,ND,ND,ND,ND,ND,ND,ND,0.0009,ND,ND,ND,56.90
7146.48,5,2.15,4.17,32.32,0.0188,0.4905,1.0686,1.49,0.3078,0.0285,0.0059,0.0122,1.2344,ND,ND,0.0038,0.0019,0.0004,ND,0.0061,0.0455,0.0024,0.0308,0.0020,ND,ND,ND,ND,ND,ND,ND,0.0005,ND,ND,ND,56.61
7147.03,5,1.64,5.06,34.72,ND,0.7599,1.5377,0.93,0.4011,0.0255,0.0106,0.0142,1.5602,ND,0.0013,0.0032,0.0032,0.0004,0.0002,0.0076,0.0391,0.0022,0.0292,0.0023,ND,ND,ND,ND,ND,ND,ND,0.0009,ND,ND,ND,53.26
7147.50,5,2.33,5.50,33.49,ND,0.6081,1.7132,0.72,0.3820,0.0286,0.0074,0.0150,1.6648,ND,0.0024,0.0046,0.0026,ND,ND,0.0087,0.0387,0.0022,0.0249,0.0022,ND,ND,ND,ND,ND,ND,ND,0.0009,ND,ND,ND,53.47
7148.01,5,1.95,6.12,32.64,0.6263,1.4811,2.0501,2.19,0.4348,0.0388,0.0186,0.0261,3.0119,ND,0.0084,0.0036,0.0034,0.0012,0.0011,0.0096,0.0374,0.0094,0.0216,0.0024,ND,ND,ND,ND,ND,ND,ND,0.0024,ND,0.0011,ND,49.31
7148.50,5,1.77,5.26,34.55,ND,0.9666,1.6335,0.73,0.3699,0.0278,0.0068,0.0194,2.0236,ND,0.0025,0.0021,0.0086,0.0005,0.0002,0.0079,0.0389,0.0021,0.0269,0.0023,ND,ND,ND,ND,ND,ND,0.0005,0.0015,ND,ND,ND,52.56
7149.03,5,1.74,6.58,32.90,ND,0.8854,2.2526,0.77,0.4432,0.0235,0.0148,0.0173,2.5966,ND,0.0047,0.0037,0.0049,0.0005,0.0008,0.0105,0.0175,0.0026,0.0280,0.0022,ND,ND,ND,ND,ND,ND,ND,0.0017,ND,ND,ND,51.70
7149.51,5,1.93,6.09,33.85,ND,0.6263,2.0796,0.77,0.4480,0.0278,0.0090,0.0175,2.3999,ND,0.0038,0.0032,0.0099,0.0006,0.0006,0.0097,0.0255,0.0025,0.0287,0.0025,ND,ND,ND,ND,ND,ND,0.0005,0.0014,ND,0.0017,ND,51.66
7150.00,5,1.81,6.43,33.48,ND,0.7125,2.2937,0.84,0.4501,0.0283,0.0118,0.0208,2.6093,ND,0.0038,0.0030,0.0038,0.0006,0.0005,0.0107,0.0292,0.0026,0.0283,0.0027,ND,ND,ND,ND,ND,ND,ND,0.0016,ND,ND,ND,51.22
7150.50,5,2.31,5.07,33.77,ND,0.8024,1.5602,0.81,0.3530,0.0220,0.0054,0.0175,1.9139,ND,0.0019,0.0025,0.0036,0.0004,0.0002,0.0085,0.0393,0.0024,0.0308,0.0023,ND,ND,ND,ND,ND,ND,ND,0.0013,ND,ND,ND,53.27
7151.04,5,1.03,3.23,41.32,ND,0.2934,0.9200,0.08,0.3252,0.0113,0.0060,0.0081,1.0041,ND,ND,0.0012,0.0046,0.0005,0.0002,0.0040,0.0148,0.0018,0.0290,0.0015,ND,ND,ND,ND,ND,ND,ND,0.0007,ND,ND,ND,51.71
7151.53,5,1.89,7.11,32.64,ND,0.7793,2.4349,0.67,0.4652,0.0317,0.0095,0.0187,2.7017,ND,0.0043,0.0033,0.0030,0.0008,0.0004,0.0108,0.0255,0.0028,0.0317,0.0025,ND,ND,ND,ND,ND,ND,ND,0.0015,ND,0.0011,ND,51.17
7152.00,5,1.65,4.97,33.81,ND,1.0299,1.6198,0.35,0.4153,0.0265,0.0068,0.0159,1.8814,ND,0.0016,0.0019,0.0030,ND,0.0003,0.0078,0.0487,0.0022,0.0337,0.0021,ND,ND,ND,ND,ND,ND,ND,0.0015,ND,ND,ND,54.12
7152.50,5,2.33,4.95,32.50,0.0199,1.4608,1.3460,0.69,0.3590,0.0237,0.0046,0.0129,1.8422,ND,0.0016,0.0018,0.0029,0.0005,0.0003,0.0075,0.0513,0.0022,0.0330,0.0023,ND,ND,ND,ND,ND,ND,0.0005,0.0013,ND,ND,ND,54.36
7153.05,5,2.15,6.99,31.62,0.0794,1.4307,2.3785,2.04,0.4781,0.0319,0.0100,0.0316,3.5363,ND,0.0044,0.0040,0.0053,0.0012,0.0006,0.0108,0.0329,0.0036,0.0258,0.0028,ND,ND,ND,ND,ND,0.0011,ND,0.0023,ND,0.0013,ND,49.12
7153.50,5,1.98,4.85,33.16,ND,1.1328,1.4045,1.05,0.3477,0.0209,0.0062,0.0180,1.9120,ND,0.0017,0.0018,0.0024,0.0003,ND,0.0075,0.0313,0.0021,0.0278,0.0020,ND,ND,ND,ND,ND,ND,ND,0,ND,ND,ND,54.03
7154.00,5,3.09,5.03,31.02,0.0280,0.8610,1.2267,1.29,0.3312,0.0230,0.0085,0.0160,1.6813,ND,0.0015,0.0015,0.0023,0.0004,ND,0.0072,0.0217,0.0024,0.0289,0.0019,ND,ND,ND,ND,ND,ND,ND,0.0010,ND,ND,ND,55.33
7394.07,6,1.66,4.59,34.46,ND,0.2856,1.1731,3.71,0.3915,0.0344,0.0068,0.0283,1.5478,ND,ND,0.0021,0.0021,0.0003,ND,0.0058,0.0278,0.0021,0.0283,0.0017,ND,ND,ND,ND,ND,ND,ND,0.0006,ND,ND,ND,52.04
7394.50,6,3.66,3.82,23.51,ND,0.3581,0.7501,9.87,0.3057,0.0562,0.0057,0.1028,4.3340,ND,ND,0.0053,0.0018,0.0004,ND,0.0042,0.0275,0.0025,0.0214,0.0016,ND,ND,ND,ND,ND,ND,ND,0.0005,ND,ND,ND,53.17
7395.00,6,3.83,3.17,19.28,0.0656,0.6308,0.5995,12.54,0.2736,0.0563,ND,0.1296,5.8299,ND,ND,0.0049,0.0017,0.0005,ND,0.0037,0.0269,0.0029,0.0178,0.0012,ND,ND,ND,ND,ND,ND,ND,0.0008,ND,ND,ND,53.52
7395.50,6,1.66,4.40,33.79,0.0436,1.0630,1.3025,4.14,0.3462,0.0383,0.0077,0.0224,1.8911,ND,0.0022,0.0031,0.0020,0.0007,0.0003,0.0058,0.0285,0.0022,0.0209,0.0017,ND,ND,ND,ND,ND,ND,ND,0.0014,ND,0.0011,ND,51.23
7396.06,6,2.33,4.84,32.87,ND,0.9652,1.3530,2.07,0.4104,0.0520,0.0105,0.0227,2.1405,ND,0.0021,0.0025,0.0048,0.0006,0.0003,0.0069,0.0242,0.0018,0.0257,0.0020,ND,ND,ND,ND,ND,0.0013,ND,0.0017,ND,ND,ND,52.86
7396.47,6,1.83,5.77,33.04,ND,1.1315,1.8395,1.50,0.4000,0.0315,0.0101,0.0226,2.7283,ND,0.0025,0.0040,0.0040,0.0009,0.0006,0.0083,0.0232,0.0017,0.0264,0.0025,ND,ND,ND,ND,ND,ND,ND,0.0021,ND,ND,ND,51.63
7397.00,6,2.12,7.15,30.16,ND,1.2600,2.4618,1.42,0.4964,0.0385,0.0198,0.0239,3.4853,ND,0.0062,0.0036,0.0053,0.0010,0.0011,0.0115,0.0162,0.0024,0.0288,0.0028,ND,ND,ND,ND,ND,ND,0.0006,0.0019,ND,0.0012,ND,51.28
7397.54,6,2.21,6.28,32.81,ND,1.0609,2.0228,1.70,0.4662,0.0397,0.0103,0.0276,3.0159,ND,0.0044,0.0029,0.0068,0.0006,0.0005,0.0096,0.0226,0.0024,0.0270,0.0024,ND,ND,ND,ND,ND,ND,0.0005,0.0017,ND,ND,0.0005,50.27
7398.05,6,1.79,5.99,33.90,ND,0.9939,1.8467,1.76,0.3980,0.0313,0.0071,0.0348,2.6347,ND,0.0033,0.0027,0.0206,0.0006,0.0002,0.0084,0.0222,0.0019,0.0233,0.0022,ND,ND,ND,ND,ND,ND,ND,0.0017,ND,ND,ND,50.54
7398.50,6,1.81,5.28,34.64,ND,1.1393,1.7433,1.79,0.4013,0.0357,0.0089,0.0289,2.7200,ND,0.0020,0.0033,0.0080,0.0007,0.0003,0.0082,0.0204,0.0021,0.0242,0.0022,ND,ND,ND,ND,ND,ND,0.0005,0.0016,ND,0.0009,ND,50.33
7399.00,6,1.88,5.77,33.60,ND,1.2151,1.8805,1.75,0.4478,0.0429,0.0126,0.0238,2.9715,ND,0.0028,0.0036,0.0029,0.0005,0.0006,0.0090,0.0255,0.0023,0.0270,0.0024,ND,ND,ND,ND,ND,ND,ND,0.0022,ND,ND,ND,50.33
7399.50,6,1.54,6.17,32.14,0.1583,1.4932,1.9598,2.70,0.4552,0.0391,0.0156,0.0216,3.2788,ND,0.0054,0.0030,0.0026,0.0009,0.0013,0.0090,0.0213,0.0040,0.0251,0.0022,0.0003,ND,ND,ND,ND,0.0014,ND,0.0021,ND,0.0014,ND,49.94
7400.06,6,1.67,5.64,32.29,ND,1.7703,1.8802,1.76,0.4191,0.0305,0.0148,0.0204,3.3958,ND,0.0056,0.0035,0.0033,0.0013,0.0011,0.0090,0.0198,0.0020,0.0214,0.0023,ND,ND,ND,ND,ND,ND,ND,0.0018,ND,0.0010,ND,51.03
7400.50,6,1.88,5.31,34.49,0.1652,1.2800,1.7627,1.91,0.3519,0.0362,0.0130,0.0208,2.7269,ND,0.0040,0.0026,0.0028,0.0010,0.0009,0.0078,0.0179,0.0017,0.0193,0.0019,0.0004,ND,ND,ND,ND,ND,ND,0.0016,ND,ND,ND,49.99
7401.00,6,2.08,6.59,30.94,ND,1.7573,2.2600,1.54,0.4175,0.0397,0.0161,0.0240,3.5919,ND,0.0073,0.0042,0.0056,0.0012,0.0018,0.0102,0.0162,0.0023,0.0227,0.0024,ND,ND,ND,ND,ND,0.0013,0.0005,0.0018,ND,ND,ND,50.67
7401.50,6,2.14,6.74,31.14,ND,1.5090,2.4782,1.25,0.4085,0.0356,0.0111,0.0276,3.5870,ND,0.0062,0.0039,0.0053,0.0010,0.0007,0.0121,0.0194,0.0024,0.0210,0.0025,ND,ND,ND,ND,ND,0.0013,ND,0.0019,ND,0.0012,ND,50.60
7402.07,6,2.28,8.19,31.56,ND,1.2409,2.8593,0.89,0.4452,0.0318,0.0076,0.0293,3.6701,ND,0.0040,0.0034,0.0040,0.0008,0.0003,0.0141,0.0146,0.0024,0.0216,0.0027,ND,ND,ND,ND,ND,ND,ND,0.0012,ND,ND,ND,48.72
7402.48,6,1.99,6.27,33.04,ND,1.2081,2.1016,1.53,0.4101,0.0287,0.0103,0.0249,3.0553,ND,0.0037,0.0030,0.0029,0.0007,0.0007,0.0099,0.0245,0.0021,0.0216,0.0023,ND,ND,ND,ND,ND,ND,0.0005,0.0016,ND,0.0013,ND,50.25
7403.02,6,1.65,4.91,34.77,ND,1.1420,1.5641,1.95,0.3712,0.0285,0.0082,0.0232,2.6891,ND,0.0024,0.0024,0.0027,0.0007,0.0006,0.0072,0.0155,0.0016,0.0196,0.0017,ND,ND,ND,ND,ND,ND,ND,0.0015,ND,ND,ND,50.84
7403.50,6,1.55,4.88,35.33,ND,1.3314,1.5836,1.92,0.3397,0.0211,0.0104,0.0216,2.8197,ND,0.0030,0.0023,0.0027,0.0012,0.0010,0.0074,0.0167,0.0016,0.0189,0.0015,ND,ND,ND,ND,ND,ND,ND,0.0013,ND,ND,ND,50.13
7404.04,6,2.05,6.26,31.09,0.2016,1.6566,2.0268,2.53,0.4059,0.0373,0.0209,0.0231,3.6699,ND,0.0076,0.0036,0.0032,0.0014,0.0019,0.0099,0.0176,0.0040,0.0219,0.0021,ND,ND,ND,ND,ND,0.0012,0.0006,0.0017,ND,ND,0.0006,49.95
7404.47,6,1.76,6.64,30.40,ND,1.8463,2.3908,1.35,0.4214,0.0393,0.0223,0.0198,4.1914,ND,0.0096,0.0058,0.0035,0.0013,0.0021,0.0119,0.0154,0.0025,0.0200,0.0024,ND,ND,ND,ND,ND,ND,0.0007,0.0015,ND,ND,ND,50.85
7405.00,6,1.91,7.41,31.56,ND,1.3655,2.6019,1.25,0.4388,0.0404,0.0109,0.0316,3.7926,ND,0.0082,0.0051,0.0034,0.0011,0.0010,0.0130,0.0142,0.0023,0.0207,0.0023,ND,ND,ND,ND,ND,0.0014,ND,0.0019,ND,0.0012,ND,49.50
7405.50,6,2.16,8.19,31.60,ND,1.2794,2.9964,0.99,0.4504,0.0339,0.0091,0.0393,3.9789,ND,0.0043,0.0045,0.0029,0.0011,0.0003,0.0150,0.0144,0.0023,0.0200,0.0028,0.0006,ND,ND,ND,ND,ND,ND,0.0022,ND,0.0011,ND,48.20
7406.08,6,1.62,5.82,33.86,ND,1.2393,1.9466,1.47,0.3724,0.0334,0.0090,0.0262,3.0530,ND,0.0043,0.0028,0.0057,0.0008,0.0007,0.0096,0.0159,0.0019,0.0201,0.0021,ND,ND,ND,ND,ND,ND,ND,0.0016,ND,0.0013,ND,50.47
7406.50,6,1.46,4.75,34.81,ND,0.8182,1.6074,2.26,0.3381,0.0297,0.0115,0.0273,2.5331,ND,0.0036,0.0034,0.0065,0.0009,0.0009,0.0076,0.0149,0.0015,0.0180,0.0017,ND,ND,ND,ND,ND,ND,ND,0.0010,ND,ND,ND,51.31
7407.00,6,1.81,5.28,33.32,ND,1.3855,1.7792,2.32,0.3459,0.0350,0.0143,0.0241,3.0541,ND,0.0066,0.0032,0.0053,0.0012,0.0014,0.0088,0.0148,0.0016,0.0184,0.0018,ND,ND,ND,ND,ND,ND,ND,0.0012,ND,ND,ND,50.57
7407.47,6,1.43,4.44,33.91,0.1249,1.0802,1.4605,3.29,0.3375,0.0316,0.0110,0.0228,2.6122,ND,0.0056,0.0028,0.0074,0.0009,0.0013,0.0073,0.0208,0.0034,0.0173,0.0018,0.0005,ND,ND,ND,ND,ND,ND,0.0013,ND,0.0014,ND,51.17
7408.06,6,1.98,6.28,32.89,ND,1.5005,2.2412,1.07,0.3924,0.0317,0.0121,0.0253,3.6057,ND,0.0097,0.0051,0.0064,0.0012,0.0010,0.0109,0.0124,0.0020,0.0190,0.0022,0.0005,ND,ND,ND,ND,ND,ND,0.0018,ND,ND,ND,49.91
7408.50,6,2.15,6.68,33.01,ND,1.1982,2.4037,1.21,0.3956,0.0380,0.0139,0.0267,3.5121,ND,0.0061,0.0047,0.0057,0.0008,0.0007,0.0120,0.0149,0.0021,0.0194,0.0025,0.0006,ND,ND,ND,ND,ND,0.0006,0.0017,ND,0.0010,ND,49.28
7409.03,6,1.99,6.34,31.95,ND,1.3174,2.1713,2.33,0.4285,0.0469,0.0159,0.0271,3.3092,ND,0.0048,0.0043,0.0056,0.0010,0.0016,0.0109,0.0204,0.0021,0.0200,0.0022,ND,ND,ND,ND,ND,ND,ND,0.0017,ND,0.0010,ND,50.01
7409.50,6,1.78,4.77,32.26,ND,1.2943,1.5937,3.80,0.3394,0.0451,0.0108,0.0287,2.9785,ND,0.0054,0.0042,0.0048,0.0012,0.0013,0.0080,0.0207,0.0023,0.0185,0.0017,ND,ND,ND,ND,ND,ND,ND,0.0013,ND,0.0012,ND,51.03
7410.06,6,1.78,6.05,31.98,ND,1.7396,2.0916,2.05,0.4042,0.0548,0.0204,0.0205,3.7148,ND,0.0071,0.0077,0.0081,0.0020,0.0018,0.0102,0.0151,0.0023,0.0205,0.0021,0.0004,ND,ND,ND,ND,ND,ND,0.0014,ND,ND,0.0007,50.01
7410.50,6,1.84,6.37,26.86,ND,3.6522,2.2947,2.35,0.4266,0.0369,0.0159,0.0226,3.7243,ND,0.0092,0.0053,0.0099,0.0014,0.0016,0.0123,0.0183,0.0023,0.0206,0.0028,0.0005,ND,ND,ND,ND,ND,ND,0.0019,ND,ND,0.0008,52.31
7411.00,6,1.13,2.86,36.42,ND,0.5784,0.7895,4.84,0.2697,0.0252,0.0071,0.0249,1.3836,ND,0.0014,0.0019,0.0034,0.0004,0.0003,0.0039,0.0253,0.0023,0.0203,0.0013,ND,ND,ND,ND,ND,0.0012,ND,0.0007,ND,0.0011,ND,51.61
7411.50,6,2.12,5.08,33.67,ND,1.1007,1.6585,2.00,0.3943,0.0418,0.0083,0.0268,2.7211,ND,0.0033,0.0047,0.0086,0.0008,0.0006,0.0078,0.0169,0.0019,0.0212,0.0019,ND,ND,ND,ND,ND,ND,ND,0.0013,ND,0.0012,ND,51.11
7412.05,6,2.17,7.56,31.42,ND,0.8394,2.6826,1.38,0.4648,0.0421,0.0096,0.0368,3.2486,ND,0.0034,0.0038,0.0042,0.0006,0.0005,0.0137,0.0178,0.0024,0.0231,0.0027,ND,ND,ND,ND,ND,ND,ND,0.0017,ND,0.0009,ND,50.07
7412.50,6,2.13,6.97,32.30,ND,0.8187,2.3515,1.28,0.4231,0.0338,0.0073,0.0340,3.0098,ND,0.0032,0.0035,0.0043,0.0007,0.0004,0.0115,0.0267,0.0023,0.0238,0.0023,ND,ND,ND,ND,ND,ND,0.0007,0.0016,ND,0.0011,ND,50.56
7413.00,6,1.93,6.32,33.63,ND,1.2879,2.0851,1.40,0.4140,0.0371,0.0087,0.0239,3.2621,ND,0.0042,0.0027,0.0051,0.0010,0.0008,0.0097,0.0198,0.0021,0.0240,0.0023,ND,ND,ND,ND,ND,ND,ND,0.0017,ND,0.0013,ND,49.52
7413.50,6,1.93,5.33,32.99,0.0243,1.1023,1.6427,3.98,0.3493,0.0268,0.0098,0.0264,2.6962,ND,0.0041,0.0026,0.0034,0.0008,0.0008,0.0078,0.0280,0.0026,0.0214,0.0018,ND,ND,ND,ND,ND,ND,ND,0.0013,ND,ND,ND,49.82
7414.05,6,1.59,6.03,32.30,ND,1.2669,1.9745,2.12,0.3800,0.0369,0.0130,0.0212,3.1062,ND,0.0039,0.0030,0.0053,0.0011,0.0011,0.0095,0.0211,0.0015,0.0230,0.0024,ND,ND,ND,ND,ND,ND,ND,0.0015,ND,0.0010,ND,51.08
7414.50,6,1.59,6.25,30.07,0.2287,1.4005,2.0459,3.65,0.4301,0.0432,0.0162,0.0236,3.1433,ND,0.0055,0.0028,0.0036,0.0008,0.0012,0.0096,0.0264,0.0037,0.0223,0.0026,0.0004,ND,ND,ND,ND,0.0014,ND,0.0022,ND,0.0011,ND,51.02
7415.01,6,1.36,5.44,34.08,0.0264,0.9447,1.7152,2.20,0.3537,0.0259,0.0082,0.0188,2.3552,ND,0.0024,0.0028,0.0060,0.0007,0.0006,0.0078,0.0198,0.0017,0.0205,0.0021,ND,ND,ND,ND,ND,0.0010,ND,0.0012,ND,ND,ND,51.40
7415.50,6,1.56,4.19,35.41,ND,0.7842,1.2018,4.26,0.3001,0.0211,0.0063,0.0185,1.7221,ND,0.0017,0.0012,0.0041,0.0007,0.0004,0.0054,0.0242,0.0020,0.0188,0.0016,ND,ND,ND,ND,ND,0.0012,ND,0.0008,ND,ND,ND,50.47
7416.04,6,1.49,4.49,33.94,ND,0.8007,1.3103,3.67,0.2983,0.0216,0.0048,0.0221,1.9298,ND,0.0013,0.0018,0.0045,0.0008,0.0004,0.0062,0.0267,0.0019,0.0188,0.0014,ND,ND,ND,ND,ND,ND,ND,0.0011,ND,0.0012,ND,51.95
7416.50,6,1.29,4.21,34.38,0.0533,0.6317,1.3039,3.88,0.3117,0.0176,0.0107,0.0222,1.7966,ND,0.0016,0.0012,0.0039,0.0006,0.0003,0.0056,0.0258,0.0021,0.0189,0.0017,ND,ND,ND,ND,ND,ND,ND,0.0011,ND,0.0012,ND,52.03
7417.00,6,1.76,4.05,32.86,ND,0.6458,1.1553,5.51,0.3159,0.0265,0.0091,0.0335,2.0518,ND,0.0015,0.0013,0.0028,0.0006,0.0004,0.0054,0.0296,0.0022,0.0161,0.0012,ND,ND,ND,ND,ND,ND,ND,0.0008,ND,ND,ND,51.51
7417.50,6,1.50,4.37,30.54,ND,2.5443,1.2606,4.72,0.3069,0.0228,0.0085,0.0257,2.0881,ND,0.0019,0.0014,0.0033,0.0006,0.0005,0.0059,0.0242,0.0019,0.0225,0.0013,ND,ND,ND,ND,ND,ND,ND,0.0013,ND,ND,ND,52.54
7418.05,6,1.95,5.22,33.64,ND,0.9496,1.5706,2.46,0.3428,0.0310,0.0088,0.0216,2.2905,ND,0.0020,0.0029,0.0049,0.0008,0.0005,0.0073,0.0218,0.0019,0.0229,0.0020,ND,ND,ND,ND,ND,ND,ND,0.0013,ND,ND,ND,51.45
7418.50,6,1.33,4.30,35.50,ND,0.7168,1.2961,3.44,0.2853,0.0243,0.0054,0.0217,1.7830,ND,0.0013,0.0021,0.0030,0.0004,0.0002,0.0059,0.0281,0.0016,0.0162,0.0017,ND,ND,ND,ND,ND,ND,ND,0.0013,ND,0.0010,ND,51.23
7419.00,6,1.34,4.10,33.92,ND,0.6978,1.1828,4.68,0.3070,0.0275,0.0045,0.0215,1.6723,ND,0.0015,0.0021,0.0042,0.0005,0.0003,0.0058,0.0323,0.0021,0.0210,0.0013,ND,ND,ND,ND,ND,ND,ND,0.0012,ND,ND,ND,51.98
7419.50,6,1.76,4.66,34.56,ND,0.8328,1.4011,3.06,0.3103,0.0300,0.0058,0.0199,1.8987,ND,0.0016,0.0017,0.0032,0.0006,0.0004,0.0063,0.0259,0.0020,0.0187,0.0015,ND,ND,ND,ND,ND,ND,ND,0.0012,ND,0.0010,ND,51.40
7420.05,6,1.85,5.40,33.37,ND,1.3718,1.6519,1.66,0.3369,0.0281,0.0097,0.0196,2.3005,ND,0.0027,0.0024,0.0043,0.0009,0.0007,0.0074,0.0232,0.0017,0.0211,0.0019,ND,ND,ND,ND,ND,ND,ND,0.0012,ND,ND,ND,51.93
7420.52,6,2.19,7.64,29.56,ND,2.1743,2.7116,1.23,0.4633,0.0383,0.0180,0.0202,4.3121,ND,0.0104,0.0056,0.0156,0.0023,0.0021,0.0124,0.0203,0.0027,0.0246,0.0024,ND,ND,ND,ND,ND,ND,0.0005,0.0022,ND,0.0011,ND,49.54
7421.00,6,2.44,8.23,30.82,ND,0.9927,2.9129,1.08,0.4675,0.0349,0.0079,0.0327,3.2263,ND,0.0049,0.0039,0.0129,0.0011,0.0005,0.0132,0.0178,0.0026,0.0250,0.0024,ND,ND,ND,ND,ND,ND,ND,0.0017,ND,0.0012,ND,49.67
7421.50,6,1.04,2.60,37.61,ND,0.3875,0.6223,5.04,0.2110,0.0250,0.0047,0.0216,1.0922,ND,ND,0.0011,0.0038,0.0003,0.0002,0.0032,0.0281,0.0018,0.0138,0.0007,ND,ND,ND,ND,ND,ND,ND,0.0007,ND,ND,ND,51.30
7422.06,6,2.12,7.54,32.24,ND,0.8759,2.5771,1.07,0.4642,0.0333,0.0075,0.0298,2.9066,ND,0.0051,0.0031,0.0056,0.0008,0.0005,0.0121,0.0200,0.0023,0.0252,0.0027,ND,ND,ND,ND,ND,0.0011,ND,0.0018,ND,0.0011,ND,50.06
7422.50,6,1.52,4.13,35.24,0.0205,0.6681,1.1522,3.83,0.2750,0.0287,0.0046,0.0195,1.6082,ND,0.0014,0.0014,0.0023,0.0005,0.0003,0.0052,0.0277,0.0028,0.0195,0.0012,ND,ND,ND,ND,ND,ND,ND,0.0008,ND,ND,0.0005,51.45
7423.00,6,1.67,5.91,33.67,ND,1.1062,1.8457,1.74,0.3968,0.0325,0.0083,0.0231,2.6177,ND,0.0022,0.0027,0.0051,0.0009,0.0006,0.0085,0.0280,0.0023,0.0236,0.0023,ND,ND,ND,ND,ND,ND,ND,0.0014,ND,0.0013,ND,50.90
7423.50,6,1.98,5.73,33.20,ND,1.2660,1.8040,1.81,0.3977,0.0387,0.0073,0.0218,2.6947,ND,0.0036,0.0035,0.0039,0.0010,0.0005,0.0081,0.0269,0.0022,0.0232,0.0022,ND,ND,ND,ND,ND,ND,0.0004,0.0015,ND,0.0010,ND,50.97
7424.04,6,4.11,3.98,26.21,0.0491,0.9907,1.0875,1.60,0.3296,0.0302,0.0069,0.0208,2.3267,ND,0.0026,0.0022,0.0029,0.0009,0.0005,0.0079,0.0221,0.0021,0.0225,0.0020,ND,ND,ND,ND,ND,ND,ND,0.0017,ND,ND,ND,59.19
7424.50,6,2.21,4.87,31.69,ND,0.9082,1.4809,1.95,0.3460,0.0330,0.0074,0.0224,2.2992,ND,0.0026,0.0015,0.0025,0.0010,0.0005,0.0079,0.0233,0.0022,0.0235,0.0020,ND,ND,ND,ND,ND,ND,ND,0.0015,ND,ND,0.0006,54.11
7425.04,6,2.55,4.88,31.48,ND,1.2013,1.4696,1.77,0.3704,0.0271,0.0078,0.0179,2.5314,ND,0.0026,0.0026,0.0040,0.0010,0.0007,0.0078,0.0233,0.0020,0.0240,0.0023,ND,ND,ND,ND,ND,ND,0.0005,0.0016,ND,0.0012,ND,53.63
7425.55,6,1.75,5.22,32.74,ND,1.0923,1.6478,1.85,0.3871,0.0259,0.0087,0.0176,2.3862,ND,0.0034,0.0029,0.0034,0.0009,0.0007,0.0082,0.0230,0.0021,0.0234,0.0022,ND,ND,ND,ND,ND,ND,ND,0.0017,ND,ND,ND,52.80
7426.06,6,2.02,6.86,32.55,0.0666,1.2867,2.3015,1.58,0.4431,0.0298,0.0139,0.0200,2.6774,ND,0.0047,0.0036,0.0035,0.0010,0.0009,0.0098,0.0213,0.0033,0.0257,0.0021,ND,ND,ND,ND,ND,ND,ND,0.0021,ND,0.0012,ND,50.06
7426.50,6,1.65,5.65,33.40,ND,1.0571,1.8582,1.40,0.4021,0.0327,0.0095,0.0217,2.4727,ND,0.0025,0.0030,0.0074,0.0011,0.0007,0.0087,0.0219,0.0019,0.0248,0.0021,ND,ND,ND,ND,ND,ND,ND,0.0018,ND,ND,ND,51.98
7427.00,6,1.51,5.95,32.25,ND,1.1053,2.0795,1.35,0.4200,0.0328,0.0083,0.0184,2.6747,ND,0.0033,0.0027,0.0036,0.0013,0.0008,0.0100,0.0198,0.0022,0.0250,0.0023,ND,ND,ND,ND,ND,ND,ND,0.0018,ND,0.0010,ND,52.53
7427.50,6,2.68,3.93,25.90,ND,0.4867,0.9792,8.54,0.2515,0.0215,ND,0.0801,3.8759,ND,0.0013,0.0012,0.0015,0.0006,0.0004,0.0055,0.0204,0.0018,0.0156,0.0015,ND,ND,ND,ND,ND,ND,ND,0.0010,ND,ND,ND,53.20
7428.04,6,2.13,2.99,30.19,ND,0.3853,0.6974,7.67,0.3209,0.0203,0.0064,0.0662,2.8176,ND,ND,0.0017,0.0011,0.0005,ND,0.0036,0.0172,0.0023,0.0506,0.0016,ND,ND,ND,ND,ND,ND,ND,0.0008,ND,ND,ND,52.63
7428.50,6,2.69,4.99,23.91,ND,0.5161,1.2909,10.03,0.3277,0.0179,0.0058,0.1010,4.8777,ND,ND,0.0029,0.0015,0.0006,0.0003,0.0066,0.0224,0.0017,0.0200,0.0018,ND,ND,ND,ND,ND,ND,0.0008,0.0011,ND,0.0012,ND,51.19
7429.00,6,1.30,2.34,23.69,ND,0.1654,0.3266,19.33,0.1896,0.0242,ND,0.0687,1.1126,ND,ND,0.0012,0.0010,ND,ND,0.0021,0.0597,0.0022,0.0094,0.0012,ND,ND,ND,ND,ND,ND,ND,0.0008,ND,0.0013,ND,51.38
7429.50,6,3.29,2.88,22.26,ND,0.2371,0.5052,14.09,0.1973,0.0177,ND,0.1392,4.9968,ND,ND,0.0010,0.0009,0.0004,ND,0.0027,0.0195,0.0017,0.0127,0.0010,ND,ND,ND,ND,ND,0.0013,ND,0.0008,ND,0.0010,ND,51.33
7430.05,6,2.78,2.51,26.75,ND,0.2441,0.4610,10.29,0.2383,0.0187,ND,0.1139,3.6540,ND,ND,0.0009,0.0005,0.0003,0.0002,0.0028,0.0257,0.0019,0.0218,0.0012,ND,ND,ND,ND,ND,ND,ND,0.0008,ND,ND,ND,52.88
7430.50,6,2.50,2.67,28.92,ND,0.3237,0.5127,8.54,0.2711,0.0160,ND,0.0916,3.0276,ND,ND,0.0017,0.0005,0.0004,ND,0.0030,0.0298,0.0019,0.0303,0.0010,ND,ND,ND,ND,ND,ND,ND,0.0009,ND,ND,ND,53.05
7431.00,6,1.46,3.16,31.43,ND,0.4389,0.7203,6.45,0.2922,0.0171,0.0049,0.0628,2.5374,ND,ND,0.0017,0.0011,ND,ND,0.0038,0.0218,0.0022,0.0347,0.0015,ND,ND,ND,ND,ND,ND,ND,0.0013,ND,ND,ND,53.35
7431.50,6,2.20,5.34,31.81,ND,0.8408,1.6228,1.26,0.4365,0.0248,0.0098,0.0176,1.9688,ND,ND,0.0030,0.0042,0.0008,0.0004,0.0081,0.0235,0.0019,0.0330,0.0024,ND,ND,ND,ND,ND,ND,0.0004,0.0015,ND,0.0012,ND,54.38
7432.06,6,3.12,5.17,29.32,0.0364,1.0663,1.3897,0.96,0.3359,0.0272,0.0096,0.0151,2.0644,ND,0.0037,0.0026,0.0019,0.0009,0.0008,0.0086,0.0217,0.0018,0.0233,0.0020,ND,ND,ND,ND,ND,ND,ND,0.0021,ND,ND,ND,56.41
7432.50,6,1.38,4.51,35.20,ND,0.6062,1.2352,1.60,0.3129,0.0252,0.0044,0.0149,1.2530,ND,ND,0.0013,0.0015,0.0006,0.0002,0.0055,0.0231,0.0015,0.0214,0.0015,ND,ND,ND,ND,ND,ND,ND,0.0011,ND,0.0012,ND,53.80
7433.00,6,1.75,4.72,34.73,ND,0.7895,1.2823,1.71,0.3201,0.0240,0.0075,0.0141,1.6333,ND,0.0019,0.0024,0.0017,0.0005,0.0003,0.0061,0.0239,0.0019,0.0223,0.0015,ND,ND,ND,ND,ND,ND,ND,0.0016,ND,ND,ND,52.96
7433.50,6,1.89,4.60,32.90,ND,0.7261,1.1819,3.98,0.3314,0.0297,0.0059,0.0367,2.2652,ND,0.0022,0.0013,0.0024,0.0005,0.0003,0.0057,0.0259,0.0022,0.0219,0.0012,ND,ND,ND,ND,ND,0.0012,ND,0.0015,ND,ND,ND,51.99
7434.05,6,4.54,3.69,27.01,0.0766,0.8779,0.8112,1.12,0.2645,0.0228,0.0056,0.0115,1.2845,ND,0.0019,0.0017,0.0021,0.0004,0.0002,0.0068,0.0287,0.0018,0.0254,0.0021,ND,ND,ND,ND,ND,ND,ND,0.0014,ND,ND,ND,60.21
7434.50,6,1.79,6.35,33.73,ND,1.0611,1.9962,1.08,0.4112,0.0307,0.0127,0.0148,2.1171,ND,0.0021,0.0024,0.0019,0.0008,0.0004,0.0083,0.0257,0.0022,0.0232,0.0023,ND,ND,ND,ND,ND,ND,0.0004,0.0014,ND,ND,ND,51.32
7435.00,6,2.09,6.38,32.47,ND,0.7879,2.0235,0.82,0.4311,0.0426,0.0088,0.0137,2.0821,ND,0.0021,0.0020,0.0027,0.0009,0.0003,0.0096,0.0261,0.0025,0.0348,0.0023,ND,ND,ND,ND,ND,ND,ND,0.0009,ND,0.0009,ND,52.77
7435.50,6,1.38,3.93,36.17,ND,0.4376,0.9451,2.40,0.2827,0.0337,ND,0.0202,1.2386,ND,ND,0.0025,0.0318,0.0004,ND,0.0043,0.0302,0.0016,0.0182,0.0013,ND,ND,ND,ND,ND,ND,ND,0.0007,ND,0.0012,ND,53.07
7436.05,6,2.76,2.69,34.35,ND,0.5162,0.4480,2.12,0.2549,0.0242,ND,0.0239,1.1624,ND,ND,0.0008,0.0021,0.0003,ND,0.0037,0.0372,0.0018,0.0268,0.0014,ND,ND,ND,ND,ND,0.0011,ND,0.0008,ND,0.0014,ND,55.56
7436.50,6,1.44,2.90,37.70,ND,0.4881,0.5611,2.70,0.4694,0.0263,0.0047,0.0259,1.5185,ND,ND,0.0023,0.0037,0.0004,ND,0.0033,0.0286,0.0025,0.0584,0.0026,ND,ND,ND,ND,ND,ND,ND,0.0007,ND,0.0014,ND,52.06
7437.01,6,1.69,6.84,32.88,ND,0.5811,2.3193,0.84,0.5681,0.0424,0.0123,0.0165,2.0908,ND,0.0033,0.0026,0.0023,0.0007,ND,0.0115,0.0320,0.0027,0.0386,0.0031,ND,ND,ND,ND,ND,0.0011,ND,0.0009,ND,0.0010,ND,52.01
7437.50,6,2.37,6.69,31.42,ND,0.8828,1.9810,0.84,0.4291,0.0334,0.0083,0.0132,2.1603,ND,0.0020,0.0025,0.0033,0.0005,ND,0.0105,0.0347,0.0024,0.0281,0.0025,ND,ND,ND,ND,ND,0.0013,ND,0.0011,ND,0.0013,ND,53.08
7438.04,6,2.67,6.00,30.89,ND,0.4482,1.6977,0.74,0.4321,0.0268,0.0086,0.0136,1.5562,ND,0.0027,0.0060,0.0021,0.0003,ND,0.0098,0.0308,0.0024,0.0333,0.0025,ND,ND,ND,ND,ND,0.0010,ND,0.0006,ND,ND,ND,55.43
7438.50,6,2.02,6.51,32.05,ND,0.5860,1.9363,1.08,0.4550,0.0289,0.0091,0.0155,1.6357,ND,0.0020,0.0047,0.0020,0.0004,ND,0.0093,0.0347,0.0025,0.0297,0.0023,ND,ND,ND,ND,ND,ND,0.0005,0.0008,ND,ND,ND,53.58
7439.96,6,2.21,6.50,32.08,ND,0.4502,1.9159,1.19,0.4312,0.0329,0.0083,0.0143,1.6564,ND,0.0015,0.0039,0.0021,ND,ND,0.0096,0.0332,0.0023,0.0314,0.0023,ND,ND,ND,ND,ND,0.0011,ND,0.0008,ND,ND,ND,53.42
7439.51,6,2.25,3.24,32.27,ND,0.1610,0.6773,7.06,0.2709,0.0184,0.0058,0.0646,2.6809,ND,0.0014,0.0018,0.0013,0.0004,ND,0.0033,0.0240,0.0025,0.0172,0.0011,ND,ND,ND,ND,ND,0.0010,ND,0.0007,ND,0.0011,ND,51.24
7440.04,6,3.21,5.21,28.89,0.0208,0.3895,1.2281,2.77,0.3578,0.0331,ND,0.0328,2.0368,ND,ND,0.0045,0.0017,0.0004,ND,0.0071,0.0257,0.0022,0.0298,0.0021,ND,ND,ND,ND,ND,ND,ND,0.0008,ND,ND,ND,55.74
7440.50,6,2.77,5.63,29.79,0.0291,0.6107,1.4643,1.56,0.3634,0.0233,0.0050,0.0184,1.5004,ND,0.0014,0.0029,0.0035,0.0006,0.0002,0.0072,0.0340,0.0021,0.0281,0.0021,ND,ND,ND,ND,ND,ND,ND,0.0010,ND,ND,ND,56.15
7441.00,6,2.90,4.90,30.61,0.0244,0.4011,1.1872,1.80,0.3222,0.0215,0.0057,0.0177,1.1497,ND,ND,0.0032,0.0022,0.0003,ND,0.0062,0.0292,0.0018,0.0255,0.0019,ND,ND,ND,ND,ND,ND,ND,0.0009,ND,ND,ND,56.59
7441.52,6,2.17,5.21,31.83,ND,0.1838,1.3811,1.51,0.4015,0.0232,ND,0.0152,1.2847,ND,0.0017,0.0035,0.0018,0.0004,0.0002,0.0072,0.0278,0.0021,0.0318,0.0020,ND,ND,ND,ND,ND,ND,ND,0.0006,ND,0.0010,ND,55.91
7442.05,6,2.97,4.95,29.53,0.0278,0.3005,1.2201,1.56,0.3392,0.0275,0.0056,0.0173,1.2314,ND,0.0015,0.0039,0.0014,0.0004,ND,0.0072,0.0224,0.0022,0.0308,0.0019,ND,ND,ND,ND,ND,0.0010,ND,0.0007,ND,ND,ND,57.75
7442.50,6,2.85,4.26,30.82,ND,0.1979,1.0343,2.49,0.3259,0.0287,0.0057,0.0247,1.3317,ND,ND,0.0030,0.0016,ND,ND,0.0060,0.0257,0.0024,0.0271,0.0019,ND,ND,ND,ND,ND,0.0012,ND,0.0006,ND,ND,ND,56.57
7443.02,6,2.58,4.88,31.44,0.0183,0.1911,1.2860,1.45,0.3500,0.0290,0.0083,0.0158,1.1910,ND,ND,0.0029,0.0016,0.0003,ND,0.0071,0.0212,0.0022,0.0275,0.0018,ND,ND,ND,ND,ND,ND,ND,0.0006,ND,ND,ND,56.50
7443.50,6,2.47,4.84,30.97,ND,0.1716,1.3540,1.19,0.3989,0.0256,0.0077,0.0122,1.3027,ND,0.0013,0.0030,0.0015,0.0003,ND,0.0079,0.0189,0.0024,0.0321,0.0021,ND,ND,ND,ND,ND,0.0012,ND,0.0009,ND,0.0010,ND,57.19
7444.03,6,2.96,5.53,30.35,ND,0,1.4940,1.49,0.3596,0.0279,0.0075,0.0176,1.5308,ND,0.0020,0.0027,0.0017,0.0004,0.0002,0.0078,0.0295,0.0022,0.0298,0.0018,ND,ND,ND,ND,ND,ND,ND,0,ND,ND,ND,55.85
7444.49,6,3.43,4.47,26.55,0.0257,0.3024,1.0655,3.19,0.3543,0.0420,0.0063,0.0341,1.9613,ND,ND,0.0027,0.0016,ND,ND,0.0068,0.0233,0.0024,0.0279,0.0020,ND,ND,ND,ND,ND,ND,ND,0,ND,ND,ND,58.50
7445.00,6,4.05,4.65,23.10,0.0645,0.4112,0.9879,3.51,0.3474,0.0158,0.0071,0.0366,2.1279,ND,0.0023,0.0036,0.0019,ND,0.0002,0.0062,0.0269,0.0023,0.0279,0.0019,ND,ND,ND,ND,ND,ND,ND,0,ND,ND,ND,60.61
7445.50,6,3.26,5.25,27.31,ND,0.3418,1.2834,4.39,0.3582,0.0221,ND,0.0433,2.2067,ND,0.0019,0.0027,0.0022,0.0005,ND,0.0060,0.0342,0.0024,0.0313,0.0016,ND,ND,ND,ND,ND,ND,ND,0,ND,ND,ND,55.44
7446.03,6,2.69,5.85,30.86,ND,0.2343,1.6113,1.85,0.4346,0.0294,0.0094,0.0177,1.3784,ND,0.0022,0.0049,0.0018,ND,ND,0.0072,0.0273,0.0020,0.0311,0.0022,ND,ND,ND,ND,ND,ND,ND,0,ND,ND,ND,54.96
7446.52,6,3.75,4.69,24.98,0.0277,0.2972,1.0303,5.54,0.3120,0.0304,ND,0.0558,2.6071,ND,ND,0.0032,0.0013,ND,ND,0.0055,0.0281,0.0023,0.0257,0.0016,ND,ND,ND,ND,ND,ND,ND,0,ND,ND,ND,56.60
7447.00,6,2.23,4.25,29.04,ND,0.1333,1.0309,5.98,0.2996,0.0269,0.0048,0.0582,2.5508,ND,ND,0.0019,0.0015,0.0004,0.0002,0.0051,0.0256,0.0021,0.0180,0.0014,0,ND,ND,ND,ND,0,ND,0,ND,ND,ND,54.34
7447.50,6,2.88,3.64,27.57,ND,0.0984,0.8168,7.30,0.3010,0.0309,0.0047,0.0666,2.7905,ND,ND,0.0027,0.0014,0.0004,ND,0.0045,0.0221,0.0020,0.0221,0.0013,ND,ND,ND,ND,ND,ND,ND,0,ND,ND,ND,54.45
7448.07,6,3.20,4.51,26.36,ND,0.1430,1.0530,7.41,0.3217,0.0212,0.0063,0.0699,3.1268,ND,0.0020,0.0030,0.0010,0.0004,ND,0.0051,0.0271,0.0020,0.0246,0.0017,ND,ND,ND,ND,ND,ND,ND,0,ND,0,ND,53.70
7448.50,6,3.57,4.00,25.91,0.0252,0.2291,0.9199,7.12,0.3232,0.0236,0.0084,0.0558,2.8685,ND,0.0019,0.0028,0.0013,0.0004,0.0002,0.0055,0.0242,0.0023,0.0270,0.0018,ND,ND,ND,ND,ND,ND,ND,0,ND,ND,ND,54.88
7448.98,6,1.75,5.29,29.26,0.1575,0.2394,1.4323,3.72,0.4104,0.0338,0.0107,0.0251,1.4552,ND,0.0015,0.0030,0.0021,0.0003,ND,0.0064,0.0338,0.0038,0.0323,0.0021,ND,ND,ND,ND,ND,ND,ND,0,ND,ND,ND,56.13
7449.50,6,1.31,3.93,35.46,ND,0.0552,1.0537,3.47,0.2662,0.0386,ND,0.0210,1.0319,ND,ND,0.0025,0.0040,0.0003,ND,0.0046,0.0218,0.0018,0.0173,0.0016,ND,ND,ND,ND,ND,ND,ND,0,ND,ND,ND,53.30
7450.03,6,1.59,3.16,30.61,ND,ND,0.6306,10.92,0.3400,0.0266,0.0057,0.0365,1.0075,ND,0.0015,0.0026,0.0010,ND,ND,0.0037,0.0369,0.0028,0.0311,0.0017,ND,ND,ND,ND,ND,ND,ND,0,ND,ND,ND,51.58
7450.50,6,1.45,3.05,38.14,ND,0.1170,0.6996,4.21,0.3666,0.0321,0.0062,0.0329,1.4266,ND,0.0012,0.0013,0.0014,0.0005,ND,0.0034,0.0497,0.0022,0.0395,0.0019,ND,ND,ND,ND,ND,ND,ND,0,ND,0,ND,50.37
7450.96,6,1.35,3.29,37.33,ND,0.1382,0.7969,3.41,0.4180,0.0324,ND,0.0267,1.2518,ND,ND,0.0016,0.0010,0.0005,0.0002,0.0037,0.0378,0.0020,0.0469,0.0016,ND,ND,ND,ND,ND,ND,ND,0,ND,ND,ND,51.86
7451.50,6,2.54,5.04,28.89,ND,0.1751,1.4141,5.44,0.3993,0.0307,0.0046,0.0541,2.9761,ND,0.0026,0.0039,0.0019,0.0005,ND,0.0080,0.0294,0.0029,0.0337,0.0023,ND,ND,ND,ND,ND,ND,ND,0,ND,0,ND,52.95
7452.04,6,2.61,3.08,29.01,ND,0.0115,0.6739,9.52,0.2531,0.0214,0.0051,0.0880,3.2993,ND,ND,0.0019,0.0013,0.0003,ND,0.0037,0.0265,0.0020,0.0183,0.0009,ND,ND,ND,ND,ND,ND,ND,0,ND,ND,ND,51.37
7452.50,6,1.77,3.59,34.63,ND,0.0221,0.8795,4.18,0.3357,0.0311,0.0056,0.0366,1.5190,ND,ND,0.0016,0.0012,0.0003,ND,0.0041,0.0247,0.0020,0.0269,0.0016,ND,ND,ND,ND,ND,ND,ND,0,ND,ND,ND,52.94
7453.00,6,1.59,4.09,34.04,ND,0.1874,0.9488,3.92,0.6312,0.0220,0.0089,0.0356,1.5695,ND,ND,0.0023,0.0015,0.0004,ND,0.0044,0.0203,0.0037,0.0811,0.0025,ND,ND,ND,ND,ND,ND,ND,0,ND,ND,ND,52.85
7453.50,6,1.42,3.63,36.71,ND,0.0853,0.8833,3.77,0.3684,0.0233,0.0069,0.0324,1.4118,ND,ND,0.0010,0.0015,0.0003,ND,0.0041,0.0255,0.0018,0.0256,0.0017,ND,ND,ND,ND,ND,ND,ND,0,ND,ND,ND,51.60
7454.08,6,1.54,4.65,33.89,ND,0.0677,1.3426,3.10,0.3574,0.0269,0.0072,0.0267,1.4800,ND,0.0015,0.0024,0.0017,ND,ND,0.0057,0.0313,0.0019,0.0192,0.0017,ND,ND,ND,ND,ND,ND,ND,0,ND,ND,ND,53.44
7454.52,6,2.10,4.80,32.59,ND,0.1405,1.2106,3.39,0.3974,0.0414,ND,0.0311,1.7347,ND,0.0026,0.0024,0.0015,0.0003,ND,0.0061,0.0253,0.0024,0.0298,0.0022,ND,ND,ND,ND,ND,0,ND,0,ND,ND,ND,53.49
7455.00,6,1.50,3.73,35.75,ND,0.1611,0.9454,2.97,0.3261,0.0235,0.0052,0.0241,1.3313,ND,ND,0.0015,0.0204,0.0003,ND,0.0044,0.0234,0.0018,0.0232,0.0014,ND,ND,ND,ND,ND,ND,ND,0,ND,0,ND,53.15
7455.50,6,1.93,3.89,32.47,ND,0.0963,0.9794,5.20,0.3633,0.0288,0.0059,0.0438,2.0626,ND,ND,0.0024,0.0019,0.0003,ND,0.0047,0.0273,0.0022,0.0267,0.0014,ND,ND,ND,ND,ND,ND,ND,0,ND,0,ND,52.85
7456.05,6,1.98,6.17,31.83,ND,0.2814,1.6977,2.24,0.4186,0.0393,0.0074,0.0261,1.9713,ND,0.0015,0.0042,0.0020,0.0004,0.0002,0.0080,0.0293,0.0024,0.0302,0.0021,ND,ND,ND,ND,ND,0,ND,0,ND,ND,ND,53.25
7456.50,6,2.86,4.53,30.86,ND,0.2922,1.1645,1.28,0.3728,0.0454,0.0072,0.0146,1.3335,ND,0.0019,0.0026,0.0020,0.0004,0.0002,0.0075,0.0215,0.0018,0.0242,0.0022,ND,ND,ND,ND,ND,ND,ND,0,ND,ND,ND,57.18
7457.00,6,1.31,3.65,36.61,ND,0.0974,0.9217,3.11,0.2749,0.0320,ND,0.0221,1.1067,ND,ND,0.0014,0.0020,ND,ND,0.0046,0.0304,0.0017,0.0166,0.0014,ND,ND,ND,ND,ND,ND,ND,0,ND,ND,ND,52.81
7457.50,6,1.34,4.00,34.62,ND,0.1612,1.0239,3.33,0.3110,0.0350,0.0071,0.0262,1.2832,ND,0.0014,0.0024,0.0073,0.0004,ND,0.0050,0.0257,0.0016,0.0190,0.0014,ND,ND,ND,ND,ND,ND,ND,0,ND,ND,ND,53.80
7458.03,6,1.26,3.62,36.43,ND,0.0329,0.8901,3.19,0.3477,0.0322,0.0063,0.0209,1.1131,ND,0.0015,0.0021,0.0016,0.0003,ND,0.0043,0.0258,0.0024,0.0348,0.0018,ND,ND,ND,ND,ND,ND,ND,0,ND,ND,ND,52.99
7548.52,6,1.77,5.39,32.70,ND,0.2632,1.5783,1.96,0.4423,0.0289,0.0072,0.0237,1.8187,ND,0.0023,0.0046,0.0028,0.0004,ND,0.0079,0.0240,0.0023,0.0385,0.0022,ND,ND,ND,ND,ND,ND,ND,0,ND,0,ND,53.93
7459.03,6,1.34,3.67,35.39,ND,0.0238,0.8511,3.35,0.6141,0.0293,0.0091,0.0241,1.1900,ND,ND,0.0034,0.0016,0.0004,ND,0.0040,0.0226,0.0039,0.0860,0.0027,ND,ND,ND,ND,ND,ND,ND,0,ND,ND,0,53.38
7459.50,6,1.40,4.74,33.71,ND,0.0519,1.3598,3.02,0.4021,0.0281,0.0072,0.0236,1.6131,ND,0.0016,0.0028,0.0023,ND,ND,0.0062,0.0237,0.0024,0.0332,0.0021,ND,ND,ND,ND,ND,0,ND,0,ND,ND,ND,53.56
7460.05,6,1.74,4.06,35.45,ND,0.0658,1.0306,3.05,0.3649,0.0213,ND,0.0214,1.1137,ND,ND,0.0025,0.0018,0.0004,ND,0.0047,0.0258,0.0021,0.0371,0.0017,ND,ND,ND,ND,ND,ND,ND,0,ND,0,ND,53.01
7460.50,6,1.45,4.84,35.75,ND,0.0225,1.3193,2.62,0.3552,0.0287,0.0067,0.0218,1.1940,ND,0.0017,0.0031,0.0018,ND,ND,0.0059,0.0289,0.0018,0.0279,0.0018,ND,ND,ND,ND,ND,ND,ND,0,ND,0.0010,ND,52.32
7461.00,6,1.86,5.43,34.21,ND,0.2436,1.4738,2.19,0.3797,0.0247,0.0077,0.0175,1.4215,ND,ND,0.0022,0.0022,0.0005,ND,0.0062,0.0288,0.0020,0.0280,0.0018,ND,ND,ND,ND,ND,ND,ND,0,ND,ND,ND,52.67
7461.50,6,2.32,4.90,32.20,ND,0.2856,1.3237,1.74,0.3908,0.0272,0.0118,0.0169,1.4605,ND,0.0012,0.0022,0.0024,0.0005,ND,0.0070,0.0271,0.0023,0.0293,0.0024,ND,ND,ND,ND,ND,ND,ND,0,ND,ND,ND,55.25
7462.04,6,3.43,4.50,28.56,0.0507,0.6044,1.0556,1.42,0.3113,0.0151,0.0077,0.0121,1.4860,ND,0.0019,0.0019,0.0033,0.0005,0.0002,0.0070,0.0212,0.0020,0.0231,0.0022,ND,ND,ND,ND,ND,ND,ND,0,ND,ND,ND,58.48
7462.50,6,1.38,4.37,35.44,ND,0.3924,1.2191,2.46,0.2840,0.0235,0.0047,0.0157,1.3308,ND,0.0018,0.0017,0.0038,0.0003,ND,0.0053,0.0230,0.0017,0.0157,0.0011,ND,ND,ND,ND,ND,ND,ND,0,ND,0.0009,ND,53.03
7463.00,6,1.51,3.90,34.88,ND,0.2695,1.1354,2.53,0.2757,0.0296,0.0061,0.0188,1.2999,ND,0.0016,0.0016,0.0030,0.0005,0.0002,0.0055,0.0237,0.0018,0.0183,0.0018,ND,ND,ND,ND,ND,ND,ND,0,ND,0.0016,ND,54.09
7463.50,6,2.18,4.62,33.14,ND,0.2542,1.2747,2.77,0.3705,0.0208,0.0078,0.0212,1.6540,ND,0.0024,0.0015,0.0021,ND,ND,0.0064,0.0231,0.0021,0.0258,0.0021,ND,ND,ND,ND,ND,ND,0,0,ND,ND,ND,53.62
7464.04,6,3.18,3.18,28.30,ND,0.2085,0.6574,7.68,0.2625,0.0208,0.0050,0.0660,2.8251,ND,ND,0.0019,0.0011,ND,ND,0.0040,0.0223,0.0023,0.0258,0.0014,ND,ND,ND,ND,ND,0,ND,0,ND,ND,ND,53.56
7464.50,6,4.29,3.27,22.60,0.0725,0.2990,0.6988,5.97,0.2779,0.0368,0.0053,0.0591,2.9473,ND,ND,0.0021,0.0015,0.0004,0.0002,0.0056,0.0241,0.0022,0.0159,0.0016,ND,ND,ND,ND,ND,ND,ND,0,ND,ND,ND,59.41
7465.00,6,3.77,3.27,23.36,0.0409,0.2701,0.6707,7.36,0.2804,0.0205,0.0078,0.0695,3.1190,ND,0.0017,0.0012,0.0017,ND,0.0002,0.0051,0.0280,0.0023,0.0234,0.0019,ND,ND,ND,ND,ND,ND,ND,0,ND,ND,ND,57.69
7465.50,6,2.55,3.77,26.04,ND,0.1958,0.8951,7.46,0.3089,0.0244,0.0083,0.0670,3.0925,ND,ND,0.0011,0.0016,0.0005,0.0002,0.0054,0.0273,0.0023,0.0228,0.0015,ND,ND,ND,ND,ND,ND,ND,ND,ND,ND,ND,55.52
7466.04,6,3.94,3.41,21.02,0.0299,0.5152,0.6660,9.76,0.2546,0.0215,ND,0.0908,4.3494,ND,ND,0.0015,0.0012,0.0006,0.0002,0.0047,0.0269,0.0019,0.0173,0.0015,ND,ND,ND,ND,ND,ND,ND,0,ND,ND,ND,55.90
7466.49,6,3.07,3.80,23.56,ND,0.3970,0.8972,10.63,0.2612,0.0238,0.0078,0.1004,4.6852,ND,0.0022,0.0021,0.0020,0.0004,0.0002,0.0046,0.0216,0.0020,0.0175,0.0013,ND,ND,ND,ND,ND,ND,ND,0,ND,ND,ND,52.51
7467.00,6,1.86,4.37,34.57,ND,0.7639,1.2874,2.25,0.3247,0.0259,0.0096,0.0195,1.8682,ND,0.0017,0.0021,0.0017,0.0006,0.0004,0.0062,0.0227,0.0019,0.0205,0.0018,ND,ND,ND,ND,ND,ND,ND,0,ND,ND,ND,52.57
7467.51,6,1.96,5.91,32.70,ND,0.9749,1.8956,1.67,0.4322,0.0248,0.0083,0.0210,2.7465,ND,0.0027,0.0032,0.0027,0.0011,0.0006,0.0089,0.0252,0.0024,0.0283,0.0022,ND,ND,ND,ND,ND,ND,ND,0,ND,0.0012,ND,51.57
7468.04,6,2.37,4.96,31.98,0.0300,0.9535,1.4494,1.71,0.3416,0.0383,0.0085,0.0172,2.2460,ND,0.0024,0.0025,0.0019,0.0008,0.0005,0.0073,0.0230,0.0022,0.0224,0.0022,0,ND,ND,ND,ND,0,ND,0,ND,ND,ND,53.82
7468.50,6,1.75,4.32,33.78,ND,0.7186,1.3103,1.95,0.3477,0.0295,0.0062,0.0190,1.9790,ND,0.0023,0.0023,0.0018,0.0008,0.0004,0.0066,0.0232,0.0019,0.0227,0.0019,ND,ND,ND,ND,ND,ND,ND,0,ND,0.0010,ND,53.72
7469.00,6,2.22,5.28,33.21,ND,0.9669,1.5878,1.69,0.3868,0.0229,0.0093,0.0148,2.4074,ND,0.0022,0.0026,0.0049,0.0009,0.0006,0.0079,0.0182,0.0023,0.0236,0.0020,ND,ND,ND,ND,ND,ND,ND,0.0020,ND,ND,ND,52.14
7469.50,6,1.56,4.45,36.05,ND,0.5004,1.3562,1.88,0.4450,0.0229,0.0102,0.0178,1.7693,ND,0.0015,0.0022,0.0022,0.0007,0.0004,0.0060,0.0148,0.0031,0.0442,0.0021,ND,ND,ND,ND,ND,ND,ND,0,ND,ND,ND,51.86
7470.04,6,1.88,5.99,33.02,ND,1.1964,1.8994,1.25,0.4343,0.0514,0.0116,0.0193,2.6352,ND,0.0036,0.0026,0.0035,0.0011,0.0009,0.0091,0.0184,0.0023,0.0257,0.0026,ND,ND,ND,ND,ND,ND,ND,0,ND,0.0009,ND,51.54
7470.50,6,1.92,5.54,33.15,ND,1.0628,1.7635,1.32,0.4253,0.0294,0.0113,0.0196,2.4642,ND,0.0036,0.0028,0.0037,0.0009,0.0008,0.0082,0.0172,0.0023,0.0239,0.0018,ND,ND,ND,ND,ND,ND,ND,0,ND,0.0012,ND,52.23
7471.00,6,1.86,6.23,32.22,ND,1.2763,2.0341,0.98,0.4388,0.0276,0.0137,0.0184,2.8748,ND,0.0042,0.0031,0.0044,0.0017,0.0009,0.0100,0.0206,0.0023,0.0290,0.0024,ND,ND,ND,ND,ND,ND,ND,0,ND,0.0012,ND,51.95
7471.48,6,1.19,3.09,39.57,ND,0.2794,0.8388,1.98,0.3005,ND,0.0055,0.0188,1.2870,ND,ND,0.0010,0.0011,0.0004,ND,0.0039,0.0153,0.0015,0.0274,0.0014,ND,ND,ND,ND,ND,ND,ND,0,ND,ND,ND,51.39
7472.04,6,1.60,5.17,34.89,ND,0.8760,1.5284,1.41,0.3568,0.0328,0.0113,0.0170,2.0486,ND,0.0017,0.0022,0.0030,0.0007,0.0004,0.0069,0.0143,0.0023,0.0243,0.0021,ND,ND,ND,ND,ND,ND,ND,0,ND,ND,ND,52.00
7472.50,6,2.04,6.29,33.03,ND,1.1356,2.1273,1.08,0.4363,0.0434,0.0091,0.0215,2.7647,ND,0.0039,0.0029,0.0058,0.0010,0.0009,0.0098,0.0166,0.0024,0.0296,0.0026,ND,ND,ND,ND,ND,0,ND,0,ND,ND,ND,50.94
7473.01,6,1.91,6.88,31.36,ND,1.4875,2.4894,1.06,0.4261,0.0418,0.0164,0.0186,3.4788,ND,0.0066,0.0042,0.0059,0.0016,0.0015,0.0113,0.0154,0.0025,0.0258,0.0024,ND,ND,ND,ND,ND,ND,ND,0,ND,ND,0,50.75
7473.50,6,2.08,5.49,34.29,ND,0.9721,1.7395,1.04,0.3720,0.0283,0.0071,0.0170,2.3212,ND,0.0016,0.0032,0.0057,0.0010,0.0005,0.0084,0.0208,0.0020,0.0253,0.0025,ND,ND,ND,ND,ND,ND,ND,0.0015,ND,0.0011,ND,51.57
7474.04,6,1.57,4.39,37.73,ND,0.6309,1.4358,1.19,0.3553,0.0425,0.0078,0.0178,1.7630,ND,ND,0.0025,0.0049,0.0005,0.0003,0.0065,0.0163,0.0016,0.0259,0.0018,ND,ND,ND,ND,ND,ND,0,0.0010,ND,ND,ND,50.80
7474.50,6,1.75,7.03,30.41,ND,1.2570,2.5257,0.94,0.4967,0.0505,0.0129,0.0206,3.2581,ND,0.0059,0.0035,0.0083,0.0013,0.0013,0.0121,0.0169,0.0025,0.0273,0.0027,ND,ND,ND,ND,ND,ND,0,0.0018,ND,0.0016,ND,52.17
7475.00,6,1.65,6.56,30.04,0.8413,1.4800,2.4245,2.82,0.4354,0.0513,0.0182,0.0228,3.3386,ND,0.0080,0.0043,0.0058,0.0011,0.0014,0.0116,0.0261,0.0073,0.0222,0.0025,ND,ND,ND,ND,ND,ND,0,0.0023,ND,ND,ND,50.22
7475.50,6,2.21,4.89,35.04,ND,0.8218,1.5641,0.77,0.3531,0.0284,0.0096,0.0163,2.0669,ND,0.0023,0.0023,0.0033,0.0005,0.0004,0.0080,0.0236,0.0021,0.0234,0.0021,ND,ND,ND,ND,ND,0,ND,0.0014,ND,ND,ND,52.16
7476.09,6,1.49,2.56,38.12,ND,0.4780,0.6257,1.40,0.3270,0.0694,ND,0.0143,1.0310,ND,ND,0.0021,0.0010,0.0004,0.0002,0.0036,0.0175,0.0012,0.0203,0.0011,ND,ND,ND,ND,ND,ND,ND,0.0009,ND,0.0009,ND,53.83
7476.50,6,1.43,4.89,34.95,ND,0.7854,1.5371,0.91,0.3810,0.0358,0.0055,0.0165,2.0493,ND,0.0013,0.0023,0.0022,0.0007,0.0005,0.0074,0.0169,0.0020,0.0265,0.0018,ND,ND,ND,ND,ND,ND,ND,0.0013,ND,0.0010,ND,52.94
7477.03,6,1.29,4.93,34.31,ND,0.8523,1.5356,0.82,0.3835,0.0560,0.0085,0.0167,2.1608,ND,0.0020,0.0032,0.0044,0.0008,0.0005,0.0079,0.0187,0.0021,0.0251,0.0023,ND,ND,ND,ND,ND,ND,ND,0.0012,ND,0.0014,ND,53.57
7477.50,6,1.97,7.64,31.73,ND,0.9769,2.7873,0.64,0.4730,0.0396,0.0183,0.0187,3.1369,ND,0.0079,0.0048,0.0085,0.0008,0.0015,0.0137,0.0194,0.0025,0.0250,0.0025,ND,ND,ND,ND,ND,ND,ND,0.0022,ND,0.0013,ND,50.48
7478.04,6,1.33,4.11,38.06,ND,0.3753,1.2424,1.63,0.2528,0.0263,0.0071,0.0189,1.6453,ND,0.0018,0.0011,0.0101,0.0004,ND,0.0055,0.0152,0.0017,0.0142,0.0012,ND,ND,ND,ND,ND,0,ND,0.0009,ND,ND,ND,51.26
7478.49,6,1.36,2.68,39.03,ND,0.3397,0.7034,1.86,0.2973,0.0222,0.0065,0.0138,1.0587,ND,ND,0.0009,0.0020,ND,ND,0.0037,0.0163,0.0016,0.0289,0.0016,ND,ND,ND,ND,ND,0.0010,ND,0.0008,ND,ND,ND,52.57
7479.00,6,1.85,6.64,31.91,ND,1.0737,2.3288,0.90,0.5488,0.0641,0.0122,0.0226,3.0026,ND,0.0049,0.0042,0.0116,0.0007,0.0011,0.0112,0.0206,0.0023,0.0261,0.0027,ND,ND,ND,ND,ND,ND,ND,0.0020,ND,0.0009,ND,51.56
7479.50,6,2.01,6.63,30.92,0.5247,1.6595,2.3016,2.56,0.4875,0.0420,0.0165,0.0213,3.4287,ND,0.0072,0.0039,0.0043,0.0011,0.0010,0.0110,0.0246,0.0054,0.0224,0.0026,ND,ND,ND,ND,ND,0,ND,0.0027,ND,0.0014,ND,49.30
7480.04,6,2.26,5.06,33.95,ND,1.0631,1.4497,1.23,0.3607,0.0363,0.0061,0.0192,2.3308,ND,0.0030,0.0022,0.0042,0.0008,0.0005,0.0078,0.0208,0.0017,0.0222,0.0019,ND,ND,ND,ND,ND,ND,ND,0.0013,ND,0.0011,ND,52.17
7480.48,6,1.40,5.25,34.53,ND,0.9339,1.6493,1.51,0.3769,0.0354,0.0118,0.0178,2.4501,ND,0.0016,0.0022,0.0040,0.0005,0.0006,0.0082,0.0202,0.0017,0.0228,0.0016,ND,ND,ND,ND,ND,ND,0,0.0016,ND,ND,ND,51.77
7481.00,6,1.18,2.59,21.90,0.0663,0.4019,0.4024,21.11,0.2093,0.0345,0.0056,0.0841,1.6893,ND,ND,0.0014,0.0015,ND,0.0002,0.0024,0.0961,0.0022,0.0111,0.0010,ND,ND,ND,ND,ND,ND,ND,0.0008,ND,0.0015,ND,50.21
7481.50,6,2.70,3.72,21.01,0.0744,0.7883,0.9476,11.82,0.2651,0.0382,0.0097,0.1095,5.2447,ND,0.0027,0.0020,0.0019,0.0006,0.0004,0.0053,0.0315,0.0029,0.0149,0.0013,ND,ND,ND,ND,ND,ND,ND,0.0012,ND,ND,ND,53.20
7482.07,6,2.51,5.42,33.60,ND,0.7341,1.6078,1.28,0.4011,0.0392,0.0094,0.0199,2.1795,ND,0.0028,0.0025,0.0030,0.0006,0.0004,0.0083,0.0191,0.0019,0.0241,0.0021,ND,ND,ND,ND,ND,ND,ND,0.0012,ND,ND,ND,52.13
7482.50,6,1.88,4.85,32.71,0.0501,0.9639,1.3986,2.13,0.3395,0.0439,0.0073,0.0182,2.0988,ND,0.0038,0.0023,0.0026,0.0008,0.0005,0.0071,0.0245,0.0023,0.0177,0.0017,ND,ND,ND,ND,ND,ND,0,0.0014,ND,0.0014,ND,53.44
7483.00,6,1.49,5.06,32.48,ND,0.9501,1.4909,1.65,0.5167,0.1175,0.0085,0.0192,2.2527,ND,0.0028,0.0021,0.0030,0.0006,0.0004,0.0077,0.0277,0.0022,0.0246,0.0024,ND,ND,ND,ND,ND,0,ND,0.0013,ND,0.0010,ND,53.88
7483.50,6,2.19,5.28,34.96,ND,0.6427,1.5039,1.47,0.3889,0.0431,0.0063,0.0186,1.9701,ND,0.0019,0.0015,0.0023,0.0006,0.0002,0.0075,0.0220,0.0018,0.0239,0.0018,ND,ND,ND,ND,ND,ND,ND,0.0011,ND,ND,ND,51.46
7484.12,6,1.32,3.09,36.77,ND,0.4104,0.8252,3.02,0.3792,0.1048,ND,0.0241,1.1248,ND,ND,0.0016,0.0018,ND,0.0002,0.0040,0.0334,0.0018,0.0158,0.0015,ND,ND,ND,ND,ND,ND,ND,0.0009,ND,ND,ND,52.87
7484.50,6,2.04,5.10,33.08,ND,0.8394,1.4807,1.42,0.4015,0.0519,ND,0.0212,2.1760,ND,0.0017,0.0032,0.0028,0.0005,0.0003,0.0080,0.0285,0.0021,0.0230,0.0018,ND,ND,ND,ND,ND,ND,ND,0.0015,ND,ND,ND,53.32
7485.01,6,1.74,5.33,34.44,ND,0.9061,1.6224,1.18,0.3777,0.0265,0.0077,0.0148,2.0177,ND,0.0020,0.0019,0.0022,0.0006,0.0003,0.0080,0.0348,0.0019,0.0249,0.0018,ND,ND,ND,ND,ND,0,ND,0.0010,ND,0.0014,ND,52.24
7485.50,6,1.89,5.50,33.48,ND,1.0069,1.7225,0.77,0.3752,0.0315,0.0107,0.0171,2.1963,ND,0.0020,0.0027,0.0027,0.0007,0.0004,0.0087,0.0359,0.0021,0.0233,0.0020,ND,ND,ND,ND,ND,ND,ND,0.0012,ND,0.0010,ND,52.91
7486.03,6,1.74,6.02,33.19,ND,1.0489,1.9932,0.66,0.4493,0.0472,0.0106,0.0172,2.4726,ND,0.0041,0.0031,0.0055,0.0007,0.0004,0.0096,0.0301,0.0022,0.0262,0.0025,ND,ND,ND,ND,ND,ND,ND,0.0015,ND,ND,ND,52.25
7486.50,6,1.89,2.71,34.04,ND,0.1853,0.5757,5.88,0.2935,0.0409,0.0054,0.0562,2.0840,ND,ND,0.0016,0.0013,0.0003,ND,0.0032,0.0608,0.0023,0.0252,0.0012,ND,ND,ND,ND,ND,ND,ND,0.0005,ND,0.0012,ND,52.14
7487.00,6,0.99,3.29,38.66,ND,0.2966,0.9344,1.90,0.2440,0.0446,ND,0.0150,0.8713,ND,ND,0.0013,0.0021,ND,0.0002,0.0039,0.0208,0.0013,0.0130,0.0010,ND,ND,ND,ND,ND,ND,ND,0.0008,ND,0.0009,ND,52.70
7487.50,6,1.99,6.93,32.69,ND,0.9150,2.4113,0.75,0.4703,0.0411,0.0104,0.0194,2.7298,ND,0.0062,0.0030,0.0051,0.0006,0.0007,0.0107,0.0217,0.0025,0.0286,0.0026,ND,ND,ND,ND,ND,ND,ND,0.0019,ND,ND,ND,50.95
7488.04,6,1.82,4.99,34.90,ND,0.7914,1.5503,1.51,0.3272,0.0192,0.0062,0.0211,1.9360,ND,0.0018,0.0024,0.0043,0.0007,0.0002,0.0074,0.0200,0.0018,0.0221,0.0018,ND,ND,ND,ND,ND,ND,ND,0.0012,ND,0.0017,ND,52.07
7488.50,6,1.30,4.94,34.67,ND,0.5167,1.5524,1.32,0.3854,0.0596,0.0058,0.0271,1.7240,ND,0.0020,0.0021,0.0307,0.0004,ND,0.0070,0.0188,0.0019,0.0230,0.0018,ND,ND,ND,ND,ND,ND,ND,0.0012,ND,0.0010,ND,53.41
7489.00,6,1.64,5.06,35.50,ND,0.6601,1.5893,0.83,0.4215,0.0466,0.0064,0.0234,1.8858,ND,0.0019,0.0030,0.0038,0.0006,0.0002,0.0077,0.0215,0.0021,0.0316,0.0019,ND,ND,ND,ND,ND,ND,ND,0.0013,ND,ND,ND,52.26
7489.50,6,1.62,5.27,33.69,ND,0.6180,1.7669,0.85,0.4655,0.0316,0.0057,0.0217,2.0233,ND,0.0026,0.0025,0.0037,0.0005,0.0004,0.0092,0.0220,0.0022,0.0327,0.0024,ND,ND,ND,ND,ND,ND,ND,0,ND,0.0012,ND,53.56
7490.05,6,2.36,5.20,33.01,ND,0.8505,1.5648,0.77,0.3640,0.0255,0.0063,0.0181,1.9139,ND,0.0021,0.0026,0.0030,0.0004,0.0002,0.0084,0.0293,0.0022,0.0276,0.0020,ND,ND,ND,ND,ND,ND,ND,0,ND,ND,ND,53.83
7490.50,6,1.75,5.78,33.35,ND,0.7571,1.8013,0.91,0.4768,0.0408,0.0087,0.0193,2.0071,ND,0.0027,0.0024,0.0035,0.0005,0.0004,0.0086,0.0244,0.0024,0.0295,0.0027,ND,ND,ND,ND,ND,ND,ND,0,ND,ND,ND,53.03
7491.00,6,1.69,6.10,32.96,ND,0.8476,1.9193,1.21,0.4515,0.0479,0.0092,0.0207,2.4212,ND,0.0035,0.0027,0.0036,0.0008,0.0006,0.0092,0.0224,0.0025,0.0284,0.0026,ND,ND,ND,ND,ND,0,ND,0,ND,0.0013,ND,52.24
7491.50,6,1.94,5.40,32.92,ND,1.3143,1.6851,1.29,0.3900,0.0267,0.0088,0.0168,2.5488,ND,0.0034,0.0026,0.0032,0.0010,0.0006,0.0088,0.0278,0.0026,0.0241,0.0026,ND,ND,ND,ND,ND,ND,ND,0,ND,0.0012,ND,52.38
7492.03,6,2.07,4.47,31.64,ND,0.5212,1.2283,4.80,0.3614,0.0249,0.0096,0.0488,2.7072,ND,0.0014,0.0013,0.0022,0.0005,0.0003,0.0055,0.0243,0.0023,0.0265,0.0016,ND,ND,ND,ND,ND,ND,ND,0,ND,ND,ND,52.06
7492.50,6,1.64,3.61,36.30,ND,0.3792,0.9839,3.55,0.3225,0.0216,ND,0.0322,1.6752,ND,ND,0.0011,0.0013,0.0004,ND,0.0045,0.0205,0.0023,0.0212,0.0014,ND,ND,ND,ND,ND,0,ND,0,ND,0.0009,ND,51.44
7493.00,6,2.58,4.13,27.27,ND,0.6651,1.0889,8.05,0.2828,0.0275,0.0080,0.0832,3.8427,ND,ND,0.0019,0.0018,0.0003,0.0003,0.0054,0.0216,0.0023,0.0199,0.0013,ND,ND,ND,ND,ND,ND,ND,0,ND,ND,ND,51.91
7493.50,6,3.62,3.86,22.57,ND,0.3737,0.8992,11.28,0.2867,0.0212,0.0046,0.1105,4.8042,ND,ND,0.0014,0.0031,0.0004,0.0002,0.0047,0.0221,0.0022,0.0179,0.0013,ND,ND,ND,ND,ND,ND,ND,0,ND,ND,ND,52.11
7494.03,6,2.67,3.42,25.23,ND,0.4879,0.8058,10.72,0.2513,0.0255,0.0046,0.0975,4.2680,ND,ND,0.0018,0.0023,0.0003,0.0002,0.0041,0.0202,0.0019,0.0164,0.0016,ND,ND,ND,ND,ND,ND,ND,0,ND,ND,ND,51.97
7494.50,6,3.15,2.78,22.19,ND,0.2744,0.5695,13.88,0.2710,0.0140,ND,0.1330,4.8455,ND,ND,0.0010,0.0016,0.0004,ND,0.0032,0.0243,0.0025,0.0274,0.0013,ND,ND,ND,ND,ND,ND,ND,ND,ND,0.0015,ND,51.83
7494.98,6,1.49,7.32,30.28,0.1101,2.2655,2.6016,1.26,0.5653,0.0310,0.0215,0.0240,4.1933,ND,0.0134,0.0060,0.0035,0.0017,0.0017,0.0121,0.0219,0.0037,0.0286,0.0032,0,ND,ND,ND,ND,ND,0,0,ND,0.0012,ND,49.74
7495.50,6,1.47,3.38,33.81,ND,0.8026,0.7438,6.39,0.6570,0.2331,ND,0.0547,1.6271,ND,ND,0.0010,0.0010,0.0008,ND,0.0027,0.6413,0.0016,0.0487,0.0015,ND,ND,ND,ND,ND,ND,ND,0,ND,0.0091,ND,50.12
7496.04,6,3.44,3.17,22.50,ND,0.3832,0.6762,13.42,0.2539,0.0194,ND,0.1206,4.9017,ND,ND,0.0023,0.0011,ND,0.0003,0.0036,0.0224,0.0024,0.0237,0.0012,ND,ND,ND,ND,ND,ND,ND,0,ND,ND,ND,51.06
7496.50,6,1.52,4.78,33.97,ND,0.8649,1.4777,2.69,0.3626,0.0391,0.0054,0.0243,1.9458,ND,0.0025,0.0025,0.0019,0.0008,0.0005,0.0067,0.0189,0.0023,0.0207,0.0017,ND,ND,ND,ND,ND,ND,ND,0,ND,ND,ND,52.26
7497.00,6,1.44,3.78,36.16,ND,0.5374,1.0379,4.39,0.3356,0.0318,0.0074,0.0264,1.4880,ND,ND,0.0008,0.0017,0.0004,0.0002,0.0046,0.0288,0.0018,0.0208,0.0014,ND,ND,ND,ND,ND,ND,ND,0,ND,ND,ND,50.71
7497.50,6,1.48,4.03,29.56,ND,0.3972,0.9764,5.40,0.3407,0.0261,0.0052,0.0587,2.5008,ND,ND,0.0019,0.0025,0.0003,0.0002,0.0052,0.0249,0.0024,0.0292,0.0016,ND,ND,ND,ND,ND,ND,ND,0,ND,0.0011,ND,55.15
7498.03,6,1.27,3.45,36.34,ND,0.2406,0.8396,4.28,0.3496,0.0329,0.0062,0.0334,1.3724,ND,ND,0.0012,0.0028,0.0003,0.0002,0.0039,0.0391,0.0020,0.0271,0.0016,ND,ND,ND,ND,ND,0,ND,0,ND,ND,ND,51.71
7498.50,6,1.88,4.83,31.03,ND,0.3749,1.2476,4.40,0.3917,0.0366,0.0077,0.0411,2.2076,ND,ND,0.0029,0.0030,0.0004,0.0002,0.0064,0.0216,0.0025,0.0264,0.0019,ND,ND,ND,ND,ND,ND,ND,0,ND,ND,ND,53.49
7499.00,6,2.34,4.77,29.76,ND,0.4696,1.2377,4.68,0.3788,0.0259,0.0093,0.0456,2.5560,ND,ND,0.0026,0.0021,0.0005,ND,0.0064,0.0202,0.0026,0.0264,0.0018,ND,ND,ND,ND,ND,ND,ND,0,ND,0.0012,ND,53.66
7499.50,6,1.25,4.06,35.44,ND,0.3740,1.1066,3.22,0.3146,0.0274,0.0049,0.0216,1.3628,ND,ND,0.0016,0.0025,ND,ND,0.0048,0.0261,0.0020,0.0243,0.0014,ND,ND,ND,ND,ND,ND,ND,0.0010,ND,0.0010,ND,52.76
7500.06,6,1.82,6.83,31.89,ND,1.4550,2.2491,0.91,0.5666,0.0294,0.0162,0.0170,3.1956,ND,0.0051,0.0042,0.0038,0.0012,0.0007,0.0111,0.0212,0.0027,0.0281,0.0031,ND,ND,ND,ND,ND,ND,0,0,ND,0.0010,ND,50.94
7500.50,6,1.21,3.34,35.91,ND,0.3573,0.8316,4.38,0.3067,0.0305,ND,0.0286,1.3777,ND,0.0017,0.0017,0.0018,0.0003,ND,0.0040,0.0328,0.0023,0.0268,0.0011,ND,ND,ND,ND,ND,ND,ND,0,ND,ND,ND,52.15
7501.00,6,1.37,4.65,32.85,ND,0.6278,1.3389,2.93,0.3950,0.0425,0.0088,0.0209,1.7758,ND,0.0018,0.0025,0.0026,0.0005,ND,0.0061,0.0242,0.0019,0.0256,0.0015,ND,ND,ND,ND,ND,ND,0,0,ND,ND,ND,53.92
7501.50,6,1.55,5.10,33.69,ND,0.5948,1.4488,2.71,0.3791,0.0332,0.0117,0.0208,1.7945,ND,0.0013,0.0019,0.0031,0.0005,ND,0.0064,0.0250,0.0021,0.0249,0.0020,ND,ND,ND,ND,ND,ND,ND,0.0010,ND,0.0010,ND,52.61
7502.05,6,1.36,4.22,35.96,ND,0.6708,1.2072,3.07,0.3018,0.0238,0.0081,0.0213,1.5997,ND,0.0018,0.0012,0.0796,ND,0.0002,0.0053,0.0220,0.0016,0.0187,0.0016,ND,ND,ND,ND,ND,ND,ND,0,ND,ND,ND,51.42
7502.50,6,1.41,4.63,34.78,ND,0.7122,1.3324,2.97,0.3736,0.0238,0.0084,0.0247,1.7742,ND,0.0024,0.0018,0.0038,0.0006,0.0004,0.0059,0.0206,0.0019,0.0245,0.0019,ND,ND,ND,ND,ND,ND,ND,0,ND,0.0010,ND,51.90
7503.00,6,1.42,4.76,35.04,ND,0.9053,1.4137,2.61,0.3677,0.0268,0.0094,0.0213,1.8819,ND,0.0022,0.0012,0.0036,0.0005,0.0003,0.0065,0.0214,0.0022,0.0219,0.0018,ND,ND,ND,ND,ND,ND,ND,0,ND,ND,ND,51.48
7503.50,6,1.64,6.68,32.57,ND,1.4776,2.2486,0.88,0.4269,0.0343,0.0161,0.0170,2.9843,ND,0.0075,0.0028,0.0042,0.0014,0.0012,0.0103,0.0221,0.0025,0.0256,0.0025,ND,ND,ND,ND,ND,ND,ND,0,ND,ND,ND,50.94
7504.05,6,1.23,3.62,38.46,ND,0.4096,1.1359,2.51,0.2376,0.0259,0.0063,0.0175,1.3532,ND,0.0013,0.0015,0.0074,0.0004,0.0003,0.0056,0.0213,0.0022,0.0111,0.0011,ND,ND,ND,ND,ND,ND,ND,0.0010,ND,ND,ND,50.94
7504.50,6,1.72,4.67,35.77,ND,0.4544,1.4579,1.72,0.3257,0.0321,0.0058,0.0290,1.8410,ND,0.0016,0.0025,0.0054,0.0003,0.0002,0.0067,0.0200,0.0023,0.0221,0.0018,ND,ND,ND,ND,ND,0,ND,0,ND,ND,ND,51.91
7504.98,6,1.52,3.44,38.26,ND,0.1974,0.8920,2.00,0.2742,0.0237,0.0055,0.0188,1.1987,ND,ND,0.0015,0.0047,0.0003,0.0002,0.0042,0.0157,0.0019,0.0215,0.0011,ND,ND,ND,ND,ND,ND,ND,0,ND,ND,ND,52.12
7505.50,6,2.10,7.73,29.12,ND,1.3244,2.7557,1.21,0.4752,0.0437,0.0112,0.0306,3.6942,ND,0.0111,0.0048,0.0051,0.0012,0.0008,0.0135,0.0170,0.0033,0.0216,0.0025,ND,ND,ND,ND,ND,ND,ND,0,ND,0.0010,ND,51.42
7506.03,6,2.18,9.00,29.38,ND,1.0375,3.2867,1.16,0.4908,0.0342,0.0121,0.0248,3.4241,ND,0.0057,0.0042,0.0030,0.0010,0.0005,0.0166,0.0181,0.0036,0.0203,0.0029,ND,ND,ND,ND,ND,ND,0,0,ND,0.0014,ND,49.90
7506.50,6,1.74,8.66,29.78,ND,0.6013,3.1618,0.61,0.4993,0.0479,0.0117,0.0284,3.0190,ND,0.0036,0.0038,0.0063,0.0006,0.0002,0.0168,0.0155,0.0027,0.0234,0.0028,ND,ND,ND,ND,ND,ND,0,0,ND,0.0015,ND,51.77
7507.00,6,1.77,7.44,31.32,ND,0.4992,2.6323,1.01,0.4789,0.0426,0.0070,0.0269,2.6755,ND,0.0040,0.0033,0.0058,0.0006,0.0002,0.0132,0.0161,0.0024,0.0276,0.0028,ND,ND,ND,ND,ND,ND,ND,0,ND,0.0011,ND,52.03
7507.54,6,1.62,6.73,31.13,ND,1.6013,2.3204,1.71,0.4615,0.0408,0.0100,0.0274,3.4795,ND,0.0086,0.0041,0.0256,0.0013,0.0008,0.0109,0.0226,0.0026,0.0195,0.0024,ND,ND,ND,ND,ND,ND,ND,0,ND,0.0011,ND,50.77
7508.04,6,1.55,4.84,35.61,ND,0.5812,1.5064,2.01,0.3577,0.0235,0.0098,0.0315,2.0635,ND,0.0019,0.0019,0.0057,0.0003,0.0003,0.0068,0.0177,0.0021,0.0220,0.0019,ND,ND,ND,ND,ND,ND,ND,0,ND,ND,ND,51.35
7508.53,6,2.96,2.83,25.34,ND,0.2979,0.5873,11.91,0.2424,0.0319,ND,0.1239,4.3392,ND,ND,0.0015,0.0013,0.0004,0.0002,0.0032,0.0220,0.0028,0.0196,0.0012,ND,ND,ND,ND,ND,ND,ND,ND,ND,ND,ND,51.28
7509.00,6,3.43,3.48,20.95,ND,0.3542,0.8338,13.15,0.2995,0.0504,ND,0.1351,5.6606,ND,ND,0.0019,0.0022,0.0004,ND,0.0043,0.0215,0.0025,0.0169,0.0014,ND,ND,ND,ND,ND,ND,ND,0,ND,ND,ND,51.60
7509.50,6,2.62,4.16,25.97,ND,0.4247,1.0608,9.39,0.3340,0.0277,0.0068,0.0958,4.4936,ND,ND,0.0018,0.0035,0.0003,0.0003,0.0054,0.0202,0.0026,0.0208,0.0016,ND,ND,ND,ND,ND,ND,ND,0,ND,ND,ND,51.36
7510.04,6,2.39,2.98,24.52,ND,0.3723,0.6394,13.99,0.2669,0.0314,ND,0.1064,3.3970,ND,ND,0.0016,0.0015,0.0003,0.0002,0.0034,0.0299,0.0033,0.0208,0.0014,ND,ND,ND,ND,ND,ND,ND,0,ND,0.0011,ND,51.24
7510.50,6,1.75,4.83,33.86,ND,0.5991,1.4448,3.14,0.3617,0.0351,ND,0.0309,2.3349,ND,ND,0.0020,0.0049,0.0004,0.0003,0.0067,0.0197,0.0019,0.0221,0.0021,ND,ND,ND,ND,ND,ND,ND,0,ND,0.0014,ND,51.54
7511.00,6,1.58,5.17,33.07,ND,0.6817,1.5048,3.35,0.3795,0.0271,0.0078,0.0330,2.3332,ND,0.0016,0.0020,0.0027,0.0005,0.0003,0.0070,0.0201,0.0018,0.0218,0.0022,ND,ND,ND,ND,ND,ND,ND,0,ND,ND,ND,51.80
7511.50,6,1.77,5.97,32.96,0.0821,1.2881,1.9288,2.37,0.4233,0.0365,0.0094,0.0223,2.9737,ND,0.0041,0.0029,0.0031,0.0010,0.0007,0.0091,0.0236,0.0029,0.0206,0.0023,ND,ND,ND,ND,ND,ND,0,0.0020,ND,0.0014,ND,50.09
7512.04,6,1.53,4.89,32.25,ND,1.0022,1.4448,3.64,0.3488,0.0200,0.0092,0.0259,2.2144,ND,0.0016,0.0027,0.0026,0.0006,0.0005,0.0068,0.0217,0.0021,0.0183,0.0016,ND,ND,ND,ND,ND,ND,ND,0.0010,ND,0.0015,ND,52.57
7512.55,6,1.71,4.76,32.86,ND,1.1345,1.4708,3.16,0.3896,0.0224,0.0106,0.0252,2.3887,ND,0.0024,0.0028,0.0036,0.0004,0.0004,0.0069,0.0201,0.0019,0.0209,0.0019,ND,ND,ND,ND,ND,ND,ND,0,ND,ND,ND,52.00
7514.05,7,1.53,5.18,33.28,ND,0.8447,1.6365,2.71,0.4105,0.0397,0.0081,0.0267,2.5654,ND,0.0035,0.0029,0.0051,0.0007,0.0007,0.0074,0.0191,0.0018,0.0212,0.0021,ND,ND,ND,ND,ND,ND,0,0,ND,ND,ND,51.71
7514.50,7,1.74,5.74,32.15,ND,1.2005,1.7909,2.10,0.4203,0.0442,0.0134,0.0250,2.8338,ND,0.0031,0.0034,0.0087,0.0011,0.0007,0.0081,0.0167,0.0020,0.0227,0.0019,ND,ND,ND,ND,ND,0,ND,0,ND,0.0011,ND,51.88
7515.04,7,1.54,3.94,36.39,ND,0.9572,0.9920,3.22,0.3252,0.0238,ND,0.0255,1.5022,ND,0.0012,0.0021,0.0327,0.0004,0.0003,0.0039,0.0212,0.0025,0.0295,0.0013,ND,ND,ND,ND,ND,ND,ND,0,ND,ND,ND,50.99
7515.50,7,1.88,6.87,27.06,1.2744,1.4409,2.2592,4.94,0.4279,0.0526,0.0261,0.0306,3.2512,ND,0.0132,0.0042,0.0068,0.0011,0.0016,0.0103,0.0376,0.0166,0.0214,0.0023,ND,ND,ND,ND,ND,ND,ND,0,ND,0.0010,0,50.37
7516.05,7,2.35,7.86,30.72,ND,0.8798,2.6513,1.83,0.4574,0.0464,0.0098,0.0356,2.9862,ND,0.0058,0.0040,0.0121,0.0007,0.0005,0.0123,0.0157,0.0027,0.0233,0.0025,ND,ND,ND,0,ND,ND,ND,0,ND,ND,ND,50.09
7516.50,7,1.93,7.98,30.76,ND,0.8389,2.7732,0.78,0.4580,0.0334,0.0099,0.0322,3.0276,ND,0.0058,0.0038,0.0111,0.0008,0.0005,0.0134,0.0206,0.0024,0.0251,0.0027,ND,ND,ND,ND,ND,ND,ND,0,ND,0.0012,ND,51.28
7517.04,7,1.39,2.95,35.13,ND,0.4870,0.6567,7.41,0.2979,0.0220,0.0061,0.0338,1.4890,ND,ND,0.0021,0.0044,0.0003,ND,0.0034,0.0404,0.0028,0.0311,0.0013,ND,ND,ND,ND,ND,ND,ND,0,ND,0.0018,ND,50.04
7517.50,7,1.63,6.52,32.54,ND,0.7317,2.1397,1.61,0.4275,0.0342,0.0113,0.0306,2.8134,ND,0.0035,0.0033,0.0053,ND,0.0005,0.0103,0.0157,0.0021,0.0236,0.0024,ND,ND,ND,ND,ND,0,0,0,ND,ND,ND,51.44
7518.05,7,1.91,5.86,32.34,ND,1.3062,1.9170,1.80,0.3865,0.0373,0.0087,0.0245,3.1451,ND,0.0034,0.0031,0.0036,0.0009,0.0007,0.0090,0.0189,0.0019,0.0231,0.0022,ND,ND,ND,ND,ND,ND,ND,0,ND,0.0009,ND,51.19
7518.50,7,1.57,5.10,33.37,ND,1.6295,1.5539,2.33,0.3579,0.0303,0.0056,0.0233,2.8655,ND,0.0038,0.0027,0.0042,0.0009,0.0007,0.0072,0.0152,0.0015,0.0195,0.0015,ND,ND,ND,ND,ND,ND,ND,0,ND,0.0013,ND,51.10
7519.05,7,1.53,5.12,31.87,0.0921,1.5374,1.5383,4.07,0.3701,0.0371,0.0116,0.0272,3.0271,ND,0.0039,0.0028,0.0030,0.0010,0.0011,0.0076,0.0237,0.0028,0.0202,0.0022,ND,ND,ND,ND,ND,0,ND,0,ND,0.0011,ND,50.70
7519.50,7,1.75,5.78,31.59,0.0748,1.3464,1.7853,3.65,0.3922,0.0324,0.0162,0.0249,3.1792,ND,0.0049,0.0032,0.0031,0.0009,0.0010,0.0084,0.0214,0.0029,0.0220,0.0021,ND,ND,ND,ND,ND,0,ND,0,ND,ND,ND,50.31
7520.13,7,2.31,7.50,29.05,ND,1.9940,2.7723,1.79,0.4580,0.0478,0.0213,0.0311,4.2940,ND,0.0140,0.0071,0.0067,0.0017,0.0032,0.0139,0.0158,0.0023,0.0199,0.0027,0,ND,ND,ND,ND,ND,ND,0,ND,0.0010,ND,49.64
7520.50,7,1.80,7.49,30.92,ND,0.8690,2.7173,1.12,0.4577,0.0413,0.0067,0.0375,3.0376,ND,0.0060,0.0045,0.0141,0.0010,0.0005,0.0146,0.0144,0.0024,0.0226,0.0026,ND,ND,ND,ND,ND,0,0,0,ND,0.0015,ND,51.41
7521.00,7,1.84,7.24,31.76,ND,0.7925,2.6031,1.46,0.4573,0.0345,0.0095,0.0364,2.9232,ND,0.0052,0.0033,0.0052,0.0006,0.0005,0.0134,0.0180,0.0024,0.0234,0.0028,ND,ND,ND,ND,ND,ND,ND,0,ND,0.0012,ND,50.76
7521.47,7,2.01,6.93,32.71,ND,0.6272,2.4031,1.54,0.4323,0.0324,0.0072,0.0465,2.8260,ND,0.0046,0.0032,0.0041,0.0006,0.0005,0.0121,0.0160,0.0024,0.0241,0.0024,ND,ND,ND,ND,ND,ND,ND,0,ND,0.0010,ND,50.37
7522.05,7,1.84,5.70,33.96,ND,0.9296,2.0137,1.70,0.4068,0.0352,0.0070,0.0280,2.8461,ND,0.0039,0.0028,0.0527,0.0008,0.0007,0.0096,0.0190,0.0021,0.0240,0.0022,ND,ND,ND,ND,ND,ND,ND,0,ND,0.0017,ND,50.41
7522.50,7,1.69,4.86,34.92,ND,1.2342,1.6452,2.19,0.3837,0.0246,0.0164,0.0244,2.7588,ND,0.0044,0.0023,0.0050,0.0010,0.0010,0.0078,0.0169,0.0025,0.0238,0.0021,ND,ND,ND,ND,ND,0,ND,0,ND,ND,ND,50.19
7523.05,7,1.83,5.71,33.99,ND,0.6374,1.9753,1.74,0.4006,0.0310,0.0136,0.0224,2.6497,ND,0.0037,0.0025,0.0051,0.0008,0.0008,0.0094,0.0184,0.0021,0.0246,0.0021,ND,ND,ND,ND,ND,ND,ND,0,ND,ND,ND,50.93
7523.47,7,1.81,5.26,24.69,2.4793,1.8765,1.7335,8.73,0.3973,0.0485,0.0231,0.0321,4.0440,ND,0.0100,0.0048,0.0057,0.0015,0.0017,0.0092,0.0440,0.0144,0.0176,0.0022,0,ND,ND,0,ND,ND,ND,0,ND,0.0016,0,48.76
7524.04,7,1.57,5.52,35.07,ND,0.9774,1.9193,1.60,0.3781,0.0303,0.0111,0.0217,2.5651,ND,0.0046,0.0032,0.0136,0.0008,0.0010,0.0091,0.0160,0.0016,0.0210,0.0019,ND,ND,ND,ND,ND,ND,ND,0,ND,0.0012,ND,50.26
7524.50,7,1.45,5.17,33.74,ND,1.1558,1.6255,4.06,0.3585,0.0205,0.0080,0.0319,2.6369,ND,0.0043,0.0025,0.0040,0.0006,0.0006,0.0081,0.0249,0.0021,0.0180,0.0020,ND,ND,ND,ND,ND,0,ND,0,ND,ND,ND,49.68
7525.00,7,3.25,2.73,21.52,ND,0.2861,0.6308,15.02,0.2105,0.0122,0.0047,0.1432,5.7003,ND,ND,0.0014,0.0022,ND,0.0002,0.0033,0.0238,0.0019,0.0108,0.0008,ND,ND,ND,ND,ND,ND,0,0,ND,ND,ND,50.44
7525.53,7,2.07,2.91,27.25,ND,0.6512,0.7000,12.43,0.2427,0.0197,0.0079,0.0742,2.8291,ND,0.0033,0.0018,0.0017,0.0005,0.0006,0.0042,0.0384,0.0021,0.0125,0.0014,ND,ND,ND,ND,ND,ND,ND,0,ND,0.0010,ND,50.75
7526.04,7,1.81,1.85,20.15,ND,0.8420,0.3532,19.27,0.1969,0.0259,0.0052,0.1287,3.9990,ND,0.0015,0.0020,0.0015,0.0005,0.0004,0.0024,0.0509,0.0039,0.0247,0.0008,ND,ND,ND,ND,ND,ND,ND,0,ND,0.0011,ND,51.28
7526.50,7,1.72,5.91,34.12,ND,1.0428,1.9766,1.33,0.4352,0.0337,0.0092,0.0199,2.7735,ND,0.0050,0.0033,0.0079,0.0008,0.0008,0.0094,0.0159,0.0016,0.0234,0.0024,ND,ND,ND,ND,ND,ND,ND,0,ND,0.0009,ND,50.55
7527.06,7,2.10,7.00,32.57,ND,0.9612,2.4695,1.32,0.5058,0.0378,0.0125,0.0241,3.0386,ND,0.0088,0.0044,0.0062,0.0009,0.0008,0.0115,0.0144,0.0019,0.0254,0.0030,ND,ND,ND,ND,ND,ND,0,0,ND,ND,ND,49.88
7527.03,7,1.01,2.70,34.64,ND,0.5229,0.6046,7.83,0.2402,0.0206,ND,0.0436,1.4169,ND,ND,0.0016,0.0013,0.0003,0.0002,0.0030,0.0446,0.0022,0.0203,0.0009,ND,ND,ND,ND,ND,ND,ND,0,ND,0.0010,ND,50.91
7529.05,8,1.71,6.26,31.63,ND,1.4960,2.1431,2.11,0.3722,0.0530,0.0194,0.0266,3.8422,ND,0.0072,0.0041,0.0050,0.0019,0.0024,0.0102,0.0135,0.0021,0.0203,0.0024,ND,ND,ND,ND,ND,ND,0,0,ND,ND,ND,50.27
7529.46,8,2.14,7.56,30.58,ND,1.1392,2.6526,0.80,0.4534,0.0397,0.0100,0.0217,3.5170,ND,0.0057,0.0044,0.0043,0.0012,0.0006,0.0122,0.0137,0.0026,0.0257,0.0024,ND,ND,ND,0,ND,ND,ND,0,ND,0.0014,ND,51.00
7530.00,8,1.76,7.53,32.11,ND,1.0483,2.5623,0.72,0.4869,0.0318,0.0106,0.0260,3.5223,ND,0.0074,0.0044,0.0054,0.0007,0.0010,0.0121,0.0145,0.0022,0.0270,0.0027,ND,ND,ND,ND,ND,ND,ND,0,ND,0.0016,ND,50.11
7530.50,8,1.09,2.67,37.92,ND,0.3238,0.7244,4.36,0.2608,0.0215,ND,0.0293,1.3087,ND,ND,0.0015,0.0219,0.0003,ND,0.0035,0.0296,0.0019,0.0204,0.0013,ND,ND,ND,ND,ND,ND,ND,0,ND,ND,ND,51.20
7531.05,8,1.17,2.73,36.57,ND,0.3421,0.6878,5.03,0.3002,0.0210,ND,0.0329,1.3561,ND,ND,0.0010,0.0309,ND,0.0002,0.0034,0.0345,0.0021,0.0247,0.0015,ND,ND,ND,ND,ND,0,ND,0,ND,ND,ND,51.66
7531.56,8,1.91,7.81,31.98,ND,0.8269,2.7903,0.72,0.4999,0.0353,0.0115,0.0213,3.0882,ND,0.0056,0.0040,0.0044,0.0007,0.0009,0.0139,0.0149,0.0026,0.0281,0.0028,ND,ND,ND,ND,ND,ND,ND,0,ND,0.0010,ND,50.23
7532.01,8,1.10,2.81,33.81,ND,0.9420,0.6062,7.99,0.2475,0.0268,0.0059,0.0369,1.9000,ND,ND,0.0016,0.0145,0.0005,0.0004,0.0031,0.0539,0.0028,0.0210,0.0009,ND,ND,ND,ND,ND,ND,ND,0,ND,0.0020,ND,50.42
7532.50,8,1.81,6.23,33.93,ND,0.9608,2.1159,1.51,0.4120,0.0322,0.0093,0.0239,2.9351,ND,0.0037,0.0028,0.0044,0.0010,0.0006,0.0100,0.0205,0.0025,0.0259,0.0020,ND,ND,ND,ND,ND,ND,ND,0,ND,0.0012,ND,49.95
7533.05,8,1.99,6.72,33.42,ND,0.9621,2.2364,1.30,0.4471,0.0251,0.0080,0.0224,3.1549,ND,0.0047,0.0033,0.0046,0.0006,0.0006,0.0107,0.0172,0.0021,0.0259,0.0029,ND,ND,ND,ND,ND,ND,ND,0,ND,0.0012,ND,49.64
7533.50,8,1.91,5.96,32.99,ND,0.9577,2.0158,1.53,0.4218,0.0240,0.0070,0.0258,3.2100,ND,0.0045,0.0031,0.0044,0.0009,0.0007,0.0100,0.0231,0.0023,0.0252,0.0027,ND,ND,ND,ND,ND,0,0,0,ND,0.0014,ND,50.86
7534.00,8,1.51,6.17,32.07,ND,1.2144,2.0252,1.97,0.4576,0.0284,0.0119,0.0225,3.4400,ND,0.0051,0.0033,0.0052,0.0007,0.0008,0.0101,0.0214,0.0024,0.0239,0.0027,ND,ND,ND,ND,ND,0,ND,0.0020,ND,ND,ND,51.00
7534.50,8,1.91,6.64,31.64,ND,1.6272,2.2018,2.03,0.4809,0.0293,0.0115,0.0233,3.6179,ND,0.0051,0.0044,0.0040,0.0010,0.0011,0.0101,0.0231,0.0026,0.0249,0.0027,ND,ND,ND,0.0030,ND,ND,ND,0.0024,ND,0.0013,ND,49.70
7535.05,8,1.80,5.36,34.31,ND,0.8960,1.7603,2.06,0.3839,0.0296,0.0095,0.0272,2.7524,ND,0.0027,0.0025,0.0038,0.0007,0.0006,0.0082,0.0257,0.0018,0.0201,0.0021,ND,ND,ND,ND,ND,ND,ND,0.0014,ND,ND,ND,50.55
7535.50,8,1.47,4.88,33.99,ND,0.8277,1.5015,2.90,0.3429,0.0280,0.0104,0.0300,2.5157,ND,0.0019,0.0024,0.0033,0.0008,0.0005,0.0069,0.0259,0.0018,0.0197,0.0021,ND,ND,ND,ND,ND,ND,ND,0.0010,ND,ND,ND,51.44
7536.01,8,1.69,5.09,34.26,ND,1.1350,1.5771,3.39,0.3588,0.0316,0.0068,0.0226,2.5721,ND,0.0035,0.0021,0.0036,0.0007,0.0006,0.0070,0.0259,0.0025,0.0218,0.0017,ND,ND,ND,ND,ND,ND,ND,0.0013,ND,ND,ND,49.80
7536.50,8,1.63,5.48,33.19,ND,1.0609,1.8604,2.36,0.3858,0.0307,0.0127,0.0220,2.9389,ND,0.0033,0.0029,0.0054,0.0006,0.0008,0.0085,0.0246,0.0022,0.0222,0.0023,ND,ND,ND,ND,ND,ND,ND,0.0015,ND,ND,ND,50.96
7537.05,8,1.61,5.85,32.96,ND,1.4541,1.8926,2.02,0.4045,0.0232,0.0158,0.0209,3.0855,ND,0.0057,0.0034,0.0058,0.0013,0.0011,0.0087,0.0232,0.0021,0.0239,0.0022,ND,ND,ND,ND,ND,ND,ND,0.0014,ND,ND,ND,50.58
7537.51,8,1.38,4.68,34.99,ND,0.6184,1.5714,1.74,0.3594,0.0302,0.0086,0.0198,2.2153,ND,0.0022,0.0013,0.0038,0.0005,0.0004,0.0071,0.0211,0.0017,0.0207,0.0017,ND,ND,ND,ND,ND,ND,ND,0.0011,ND,0.0010,ND,52.32
7538.00,8,1.49,4.65,35.67,ND,0.7428,1.4379,2.35,0.3448,0.0254,0.0061,0.0300,2.1676,ND,0.0018,0.0022,0.0045,0.0006,0.0003,0.0067,0.0205,0.0018,0.0211,0.0018,ND,ND,ND,ND,ND,0,ND,0.0011,ND,ND,ND,51.03
7538.50,8,1.49,4.21,34.45,ND,0.7603,1.3352,2.36,0.3166,0.0149,0.0076,0.0333,2.1834,ND,0.0015,0.0018,0.0061,0.0006,0.0002,0.0064,0.0205,0.0019,0.0234,0.0016,ND,ND,ND,ND,ND,ND,ND,0.0010,ND,0.0010,ND,52.78
7539.03,8,2.05,6.15,32.75,ND,0.7515,2.0825,1.87,0.4354,0.0252,0.0083,0.0294,2.8515,ND,0.0040,0.0032,0.0188,0.0009,0.0004,0.0100,0.0200,0.0023,0.0248,0.0024,ND,ND,ND,ND,ND,0,ND,0,ND,0.0014,ND,50.91
7539.50,8,1.63,3.69,37.25,ND,0.4652,1.0879,3.03,0.2866,0.0152,0.0051,0.0392,1.8005,ND,0.0018,0.0019,0.0113,ND,ND,0.0049,0.0219,0.0019,0.0206,0.0015,ND,ND,ND,ND,ND,ND,ND,0,ND,ND,ND,50.65
7540.04,8,1.92,6.76,31.52,ND,0.7927,2.3776,1.98,0.4309,0.0317,0.0104,0.0340,3.0367,ND,0.0053,0.0032,0.0056,0.0007,0.0006,0.0111,0.0198,0.0023,0.0220,0.0025,ND,ND,ND,ND,ND,ND,ND,0,ND,ND,ND,51.02
7542.06,9,1.82,6.66,32.15,ND,0.7915,2.2816,1.72,0.4664,0.0282,0.0097,0.0296,2.8136,ND,0.0060,0.0036,0.0048,0.0007,0.0002,0.0118,0.0243,0.0023,0.0262,0.0027,ND,ND,ND,ND,ND,ND,ND,0,ND,0.0013,ND,51.14
7542.50,9,1.73,6.47,31.58,ND,0.7641,2.1901,1.81,0.5006,0.0280,0.0094,0.0329,2.9423,ND,0.0049,0.0038,0.0046,0.0006,0.0004,0.0115,0.0192,0.0023,0.0291,0.0028,ND,ND,ND,ND,ND,ND,ND,0,ND,ND,ND,51.87
7543.00,9,1.71,5.83,32.04,ND,0.8992,1.9646,1.55,0.4047,0.0248,0.0066,0.0234,2.6759,ND,0.0043,0.0034,0.0048,0.0005,0.0006,0.0093,0.0278,0.0019,0.0247,0.0021,ND,ND,ND,ND,ND,ND,ND,0,ND,0.0012,ND,52.79
7543.50,9,1.98,6.24,33.00,ND,1.1464,2.1055,1.46,0.4450,0.0316,0.0089,0.0233,3.1357,ND,0.0061,0.0033,0.0052,0.0009,0.0008,0.0099,0.0284,0.0023,0.0269,0.0027,ND,ND,ND,ND,ND,ND,0,0,ND,ND,ND,50.34
7544.04,9,1.44,4.92,34.63,ND,0.9763,1.4937,2.61,0.3563,0.0272,0.0071,0.0279,2.4852,ND,0.0024,0.0025,0.0067,0.0005,0.0005,0.0071,0.0230,0.0021,0.0187,0.0016,ND,ND,ND,ND,ND,ND,ND,0,ND,ND,ND,50.97
7544.54,9,1.74,4.37,33.84,0.0764,1.3792,1.3088,4.35,0.3287,0.0219,0.0069,0.0286,2.2375,ND,0.0023,0.0021,0.0031,0.0007,0.0004,0.0060,0.0264,0.0029,0.0193,0.0019,ND,ND,ND,ND,ND,0,ND,0,ND,0.0010,ND,50.25
7545.00,9,1.63,5.26,33.90,ND,1.2865,1.6780,2.30,0.3751,0.0307,0.0099,0.0242,2.7893,ND,0.0024,0.0035,0.0049,0.0010,0.0007,0.0078,0.0213,0.0016,0.0209,0.0018,ND,ND,ND,ND,ND,ND,ND,0,ND,0.0012,ND,50.65
7545.50,9,1.58,5.05,32.75,ND,1.0744,1.6058,2.53,0.3691,0.0320,0.0101,0.0226,2.6613,ND,0.0044,0.0068,0.0048,0.0010,0.0007,0.0076,0.0213,0.0020,0.0235,0.0020,ND,ND,ND,ND,ND,ND,ND,0,ND,0.0010,ND,52.25
7546.05,9,1.64,5.43,33.48,ND,0.8881,1.8183,1.53,0.3782,0.0320,0.0134,0.0216,2.6409,ND,0.0047,0.0033,0.0149,0.0011,0.0007,0.0084,0.0230,0.0018,0.0224,0.0019,ND,ND,ND,ND,ND,ND,ND,0,ND,ND,ND,52.04
7546.50,9,1.90,5.44,33.77,ND,0.8596,1.8155,1.54,0.3732,0.0412,0.0091,0.0249,2.6712,ND,0.0044,0.0038,0.0060,0.0008,0.0005,0.0089,0.0236,0.0018,0.0228,0.0023,ND,ND,ND,ND,ND,ND,ND,0,ND,0.0010,ND,51.47
7547.02,9,1.61,4.42,33.97,ND,1.2649,1.4176,3.10,0.3478,0.0217,0.0065,0.0313,2.1981,ND,0.0018,0.0025,0.0053,0.0004,0.0002,0.0068,0.0260,0.0018,0.0211,0.0016,ND,ND,ND,ND,ND,ND,ND,0,ND,0.0010,ND,51.54
7547.50,9,1.71,4.61,35.07,ND,0.8016,1.3985,2.89,0.3563,0.0259,0.0099,0.0323,2.3342,ND,0.0028,0.0028,0.0051,0.0004,0.0003,0.0070,0.0213,0.0017,0.0215,0.0020,ND,ND,ND,ND,ND,ND,ND,0.0013,ND,ND,ND,50.70
7548.06,9,1.76,5.58,33.89,ND,0.9382,1.7501,1.96,0.3806,0.0276,0.0068,0.0293,2.4884,ND,0.0033,0.0029,0.0096,0.0006,0.0005,0.0080,0.0201,0.0021,0.0214,0.0021,ND,ND,ND,ND,ND,ND,0,0.0011,ND,ND,ND,51.12
7548.50,9,1.42,3.62,36.59,ND,0.6755,0.9826,3.40,0.3121,0.0174,ND,0.0397,1.8303,ND,0.0018,0.0013,0.0101,0.0004,0.0002,0.0047,0.0213,0.0022,0.0224,0.0017,ND,ND,ND,ND,ND,ND,ND,0.0007,ND,ND,ND,51.05
7549.02,9,1.51,6.09,32.31,ND,0.6679,2.0339,1.75,0.4052,0.0322,0.0070,0.0293,2.6704,ND,0.0033,0.0031,0.0053,0.0005,0.0003,0.0096,0.0196,0.0022,0.0242,0.0021,ND,ND,ND,ND,ND,ND,ND,0.0014,ND,0.0011,ND,52.42
7549.53,9,1.41,1.63,15.00,0.0379,0.3473,0.1317,28.07,0.1745,0.0165,ND,0.1466,2.1129,ND,ND,0.0013,0.0012,0.0005,ND,0.0013,0.1090,0.0032,0.0092,0.0008,ND,ND,ND,ND,ND,ND,ND,0.0005,ND,0.0027,ND,50.79
7550.09,9,1.23,3.64,34.74,ND,0.7530,0.9186,5.79,0.2223,0.0301,0.0070,0.0419,1.8622,ND,0.0027,0.0017,0.0033,0.0005,0.0002,0.0045,0.0285,0.0025,0.0118,0.0012,ND,ND,ND,ND,ND,ND,ND,0.0010,ND,0.0011,ND,50.71
7550.50,9,2.06,8.77,30.36,ND,1.0276,3.1878,0.86,0.4897,0.0377,0.0109,0.0403,3.4882,ND,0.0056,0.0041,0.0089,0.0007,0.0004,0.0164,0.0214,0.0028,0.0213,0.0030,ND,ND,ND,ND,ND,0,ND,0.0019,ND,0.0012,ND,49.57
7551.00,9,1.66,7.66,28.71,ND,0.6619,2.8131,1.05,0.5106,0.0486,0.0081,0.0307,3.1285,ND,0.0064,0.0057,0.0089,0.0006,0.0003,0.0159,0.0165,0.0028,0.0253,0.0030,ND,ND,ND,ND,ND,ND,ND,0.0019,ND,0.0018,ND,53.64
7551.52,9,1.36,3.17,33.24,ND,0.3173,0.8616,4.81,0.2057,0.0305,ND,0.0588,2.1354,ND,ND,0.0017,0.0018,0.0005,ND,0.0040,0.0249,0.0020,0.0127,0.0013,ND,ND,ND,ND,ND,ND,ND,0.0007,ND,0.0015,0,53.76
7552.05,9,1.96,6.79,32.32,ND,0.6911,2.2762,1.50,0.4627,0.0375,0.0091,0.0269,2.7382,ND,0.0039,0.0028,0.0054,0.0007,0.0003,0.0113,0.0165,0.0025,0.0284,0.0024,ND,ND,ND,ND,ND,ND,ND,0.0013,ND,ND,ND,51.11
7552.53,9,1.44,4.34,34.80,ND,0.4021,1.2420,3.88,0.2163,0.0266,0.0045,0.0393,1.8217,ND,ND,0.0017,0.0166,0.0004,0.0002,0.0056,0.0321,0.0014,0.0077,0.0011,ND,ND,ND,ND,ND,ND,ND,0.0007,ND,ND,ND,51.72
7553.00,9,1.46,5.36,34.82,ND,0.4521,1.6704,2.07,0.3465,0.0297,0.0063,0.0276,2.0954,ND,0.0024,0.0021,0.0040,0.0004,0.0002,0.0078,0.0272,0.0020,0.0264,0.0018,ND,ND,ND,ND,ND,ND,ND,0.0010,ND,0.0014,ND,51.60
7553.48,9,1.40,3.51,32.89,ND,0.5668,1.0950,4.20,0.2780,0.0275,ND,0.0404,1.8228,ND,ND,0.0012,0.0024,0.0003,ND,0.0051,0.0271,0.0020,0.0179,0.0017,ND,ND,ND,ND,ND,ND,ND,0.0006,ND,0.0011,ND,54.11
7554.05,9,1.60,6.50,33.10,ND,0.9483,2.1304,1.76,0.4734,0.0244,0.0100,0.0321,2.8224,ND,0.0037,0.0030,0.0033,0.0007,0.0005,0.0100,0.0222,0.0023,0.0266,0.0027,ND,ND,ND,ND,ND,ND,0,0.0015,ND,0.0012,ND,50.53
7554.50,9,1.91,5.23,34.63,ND,0.4936,1.6088,3.13,0.3648,0.0231,0.0076,0.0346,2.1725,ND,0.0020,0.0021,0.0026,0.0004,0.0002,0.0071,0.0242,0.0022,0.0227,0.0019,ND,ND,ND,ND,ND,ND,ND,0.0010,ND,ND,ND,50.33
7555.00,9,1.32,4.63,33.06,ND,0.8603,1.4026,3.42,0.3394,0.0251,0.0061,0.0360,2.2735,ND,0.0019,0.0021,0.0023,0.0004,0.0003,0.0069,0.0214,0.0020,0.0231,0.0020,ND,ND,ND,ND,ND,0,ND,0.0013,ND,ND,ND,52.56
7555.50,9,1.46,5.17,34.40,ND,0.5933,1.5725,2.91,0.3845,0.0180,0.0098,0.0326,2.2214,ND,0.0013,0.0023,0.0025,0.0004,0.0003,0.0072,0.0229,0.0020,0.0258,0.0019,ND,ND,ND,ND,ND,ND,ND,0.0012,ND,ND,ND,51.17
7556.05,9,1.69,4.88,33.87,ND,0.5893,1.4473,3.76,0.3621,0.0244,0.0063,0.0389,2.1962,ND,0.0017,0.0018,0.0019,0.0003,0.0002,0.0063,0.0251,0.0023,0.0219,0.0019,ND,ND,ND,ND,ND,ND,ND,0.0010,ND,ND,ND,51.06
7556.52,9,1.72,4.84,32.11,ND,0.5621,1.3820,4.31,0.3360,0.0398,0.0047,0.0405,2.2274,ND,0.0012,0.0015,0.0020,0.0003,ND,0.0061,0.0259,0.0023,0.0212,0.0015,ND,ND,ND,ND,ND,ND,ND,0.0012,ND,ND,ND,52.36
7557.00,9,1.69,4.74,32.11,ND,0.6543,1.4196,4.17,0.3378,0.0269,ND,0.0354,2.3015,ND,0.0016,0.0022,0.0022,0.0006,0.0002,0.0065,0.0236,0.0021,0.0218,0.0018,ND,ND,ND,ND,ND,ND,ND,0.0009,ND,0.0015,ND,52.45
7557.50,9,2.17,8.81,29.53,ND,0.8602,3.2576,0.76,0.5465,0.0398,0.0114,0.0357,3.5677,ND,0.0083,0.0053,0.0076,0.0010,0.0005,0.0176,0.0160,0.0027,0.0270,0.0032,ND,ND,ND,ND,ND,ND,0,0.0023,ND,0.0013,ND,50.32
7558.14,9,1.14,2.41,22.78,0.0881,0.2197,0.2365,21.24,0.2913,0.0522,0.0061,0.0486,0.8339,ND,0.0016,0.0014,0.0011,ND,0.0002,0.0017,0.1066,0.0022,0.0182,0.0011,ND,ND,ND,ND,ND,ND,ND,0.0005,ND,0.0015,ND,50.51
7558.50,9,1.65,4.15,32.16,ND,0.6634,1.1688,5.12,0.3143,0.0272,0.0064,0.0477,2.2646,ND,0.0013,0.0017,0.0024,0.0004,0.0002,0.0056,0.0267,0.0022,0.0211,0.0016,ND,ND,ND,ND,ND,ND,ND,0.0008,ND,ND,ND,52.37
7559.00,9,1.61,4.52,33.04,ND,1.0134,1.2919,4.49,0.3545,0.0254,0.0062,0.0380,2.2494,ND,0.0021,0.0020,0.0030,0.0003,0.0003,0.0061,0.0243,0.0019,0.0210,0.0018,ND,ND,ND,ND,ND,ND,ND,0.0011,ND,ND,ND,51.30
7559.50,9,1.64,4.89,32.72,ND,1.2016,1.4753,3.91,0.3540,0.0298,0.0073,0.0356,2.3683,ND,0.0025,0.0023,0.0036,0.0006,0.0003,0.0065,0.0234,0.0018,0.0200,0.0020,ND,ND,ND,ND,ND,ND,0,0.0014,ND,0.0010,0,51.30
7560.05,9,1.46,4.84,32.94,ND,0.8770,1.4905,3.57,0.3530,0.0252,0.0082,0.0309,2.2818,ND,0.0020,0.0022,0.0038,0.0005,0.0004,0.0069,0.0249,0.0018,0.0190,0.0021,ND,ND,ND,ND,ND,0,ND,0.0012,ND,ND,ND,52.05
7560.50,9,1.77,5.08,34.19,ND,0.9143,1.5217,3.24,0.3207,0.0307,0.0083,0.0307,2.1967,ND,0.0027,0.0019,0.0041,0.0007,0.0004,0.0067,0.0228,0.0019,0.0177,0.0017,ND,ND,ND,ND,ND,ND,ND,0.0010,ND,ND,ND,50.64
7561.04,9,1.95,8.10,30.23,ND,1.4245,2.9132,1.12,0.4749,0.0373,0.0137,0.0267,3.7168,ND,0.0104,0.0055,0.0057,0.0010,0.0011,0.0139,0.0154,0.0026,0.0224,0.0028,0,ND,ND,ND,ND,ND,0,0.0022,ND,0.0016,ND,49.92
7561.52,9,1.89,8.88,28.25,ND,1.0742,3.2504,0.82,0.4762,0.0362,0.0106,0.0384,3.9177,ND,0.0124,0.0047,0.0105,0.0009,0.0007,0.0175,0.0165,0.0028,0.0204,0.0028,ND,ND,ND,ND,ND,0,ND,0.0023,ND,0.0015,ND,51.25
7562.04,9,2.03,8.72,30.18,ND,0.9252,3.1316,0.51,0.4913,0.0303,0.0110,0.0382,3.3374,ND,0.0041,0.0039,0.0077,0.0006,0.0002,0.0166,0.0231,0.0024,0.0220,0.0031,ND,ND,ND,ND,ND,0,ND,0.0017,ND,0.0016,ND,50.51
7562.50,9,1.72,7.18,33.16,ND,0.8135,2.4429,0.89,0.4087,0.0330,0.0075,0.0279,2.9599,ND,0.0048,0.0027,0.0057,0.0008,0.0004,0.0120,0.0153,0.0023,0.0237,0.0023,ND,ND,ND,ND,ND,ND,ND,0,ND,0.0018,ND,50.29
7563.00,9,1.83,5.74,33.68,ND,1.1069,1.8957,1.42,0.4117,0.0332,0.0106,0.0252,3.0376,ND,0.0045,0.0026,0.0074,0.0006,0.0010,0.0097,0.0202,0.0024,0.0235,0.0025,ND,ND,ND,ND,ND,ND,0,0.0020,ND,0.0009,ND,50.73
7563.52,9,1.47,5.87,30.24,0.4985,1.1666,1.8527,3.71,0.3913,0.0368,0.0116,0.0284,3.1157,ND,0.0059,0.0033,0.0102,0.0008,0.0010,0.0095,0.0204,0.0037,0.0245,0.0024,ND,ND,ND,ND,ND,ND,ND,0.0017,ND,ND,ND,51.53
7564.04,9,1.60,5.84,33.53,ND,1.3545,1.8831,1.87,0.4123,0.0323,0.0144,0.0256,3.0468,ND,0.0057,0.0025,0.0032,0.0009,0.0012,0.0094,0.0241,0.0022,0.0219,0.0022,ND,ND,ND,ND,ND,ND,ND,0.0015,ND,ND,ND,50.32
7564.50,9,1.62,6.73,30.40,ND,1.4608,2.2616,1.87,0.4050,0.0332,0.0200,0.0227,3.6526,ND,0.0091,0.0044,0.0041,0.0015,0.0019,0.0110,0.0177,0.0023,0.0214,0.0025,ND,ND,ND,ND,ND,ND,ND,0.0019,ND,0.0010,ND,51.45
7565.02,9,1.76,7.15,30.78,ND,1.4962,2.4852,1.35,0.4392,0.0339,0.0195,0.0233,3.6617,ND,0.0126,0.0053,0.0068,0.0014,0.0018,0.0119,0.0155,0.0024,0.0223,0.0024,ND,ND,ND,ND,ND,ND,0,0.0018,ND,ND,0,50.72
7565.53,9,2.16,8.20,29.65,ND,1.2235,2.9601,1.37,0.4430,0.0410,0.0124,0.0451,3.9258,ND,0.0137,0.0054,0.0124,0.0010,0.0012,0.0155,0.0184,0.0027,0.0188,0.0029,ND,ND,ND,ND,ND,ND,ND,0.0023,ND,0.0010,ND,49.87
7566.07,9,1.89,7.97,31.25,ND,1.1576,2.7937,0.81,0.4659,0.0300,0.0097,0.0378,3.6874,ND,0.0086,0.0046,0.0054,0.0009,0.0005,0.0146,0.0175,0.0025,0.0231,0.0026,ND,ND,ND,ND,ND,0,ND,0.0017,ND,ND,ND,49.82
7566.45,9,1.93,6.96,33.01,ND,0.7695,2.3146,0.94,0.4480,0.0328,0.0097,0.0276,3.0442,ND,0.0049,0.0028,0.0038,0.0005,0.0006,0.0115,0.0170,0.0026,0.0249,0.0027,ND,ND,ND,ND,ND,ND,0,0.0016,ND,ND,ND,50.44
7567.00,9,1.54,5.67,33.10,ND,1.1689,1.8165,2.14,0.4007,0.0283,0.0124,0.0284,3.2377,ND,0.0048,0.0033,0.0031,0.0007,0.0008,0.0088,0.0237,0.0021,0.0220,0.0024,ND,ND,ND,ND,ND,ND,ND,0.0018,ND,ND,ND,50.79
7567.52,9,1.45,4.54,26.51,0.0844,1.7576,1.3785,9.86,0.4018,0.0277,0.0182,0.0430,3.3127,ND,0.0067,0.0035,0.0024,0.0010,0.0014,0.0071,0.0306,0.0041,0.0172,0.0021,ND,ND,ND,ND,ND,ND,ND,0.0020,ND,0.0014,ND,50.53
7568.04,9,1.54,4.83,34.84,ND,1.0915,1.4102,2.55,0.3391,0.0334,0.0096,0.0265,2.7450,ND,0.0041,0.0025,0.0026,0.0009,0.0010,0.0069,0.0218,0.0017,0.0184,0.0018,ND,ND,ND,ND,ND,ND,ND,0,ND,0.0012,ND,50.52
7568.49,9,1.52,4.60,32.67,ND,0.9589,1.2795,4.06,0.3147,0.0264,0.0058,0.0323,2.3570,ND,0.0012,0.0016,0.0020,0.0003,0.0003,0.0062,0.0221,0.0016,0.0170,0.0016,ND,ND,ND,ND,ND,ND,ND,0,ND,ND,ND,52.13
7569.00,9,1.68,4.37,34.82,ND,0.7138,1.2653,3.83,0.3217,0.0243,0.0075,0.0311,2.1985,ND,0.0014,0.0017,0.0027,0.0005,0.0002,0.0060,0.0211,0.0018,0.0171,0.0016,ND,ND,ND,ND,ND,ND,ND,0,ND,ND,ND,50.68
7569.50,9,1.61,4.34,34.09,ND,1.0210,1.2885,3.66,0.2998,0.0270,0.0061,0.0267,2.2562,ND,0.0015,0.0022,0.0039,0.0006,0.0004,0.0060,0.0216,0.0018,0.0168,0.0016,ND,ND,ND,ND,ND,0,ND,0,ND,0.0011,ND,51.32
7570.04,9,1.71,5.99,33.77,ND,1.3259,1.9562,1.41,0.3508,0.0286,0.0150,0.0172,3.0049,ND,0.0057,0.0029,0.0062,0.0011,0.0008,0.0092,0.0216,0.0019,0.0199,0.0020,0,ND,ND,ND,ND,ND,ND,0,ND,0.0010,ND,50.34
7570.52,9,2.16,7.62,30.66,ND,0.8014,2.6452,1.74,0.4583,0.0325,0.0146,0.0305,3.3301,ND,0.0082,0.0038,0.0054,0.0008,0.0008,0.0136,0.0168,0.0028,0.0219,0.0024,ND,ND,ND,ND,ND,ND,ND,0,ND,0.0010,0,50.43
7571.04,9,2.02,9.23,30.06,ND,0.8406,3.3520,0.40,0.4963,0.0429,0.0050,0.0349,3.5301,ND,0.0063,0.0038,0.0539,0.0007,0.0004,0.0186,0.0216,0.0025,0.0200,0.0029,ND,ND,ND,ND,ND,ND,ND,0,ND,0.0014,ND,49.85
7571.50,9,1.96,7.85,32.02,ND,0.5356,2.7751,0.67,0.4433,0.0350,0.0090,0.0451,2.9993,ND,0.0042,0.0032,0.0060,0.0005,0.0003,0.0147,0.0160,0.0023,0.0211,0.0026,ND,ND,ND,ND,ND,ND,ND,0,ND,ND,ND,50.58
7572.04,9,2.08,6.94,31.95,ND,0.9342,2.3356,1.29,0.4290,0.0310,0.0098,0.0327,3.2419,ND,0.0044,0.0035,0.0044,0.0007,0.0008,0.0121,0.0148,0.0024,0.0231,0.0025,ND,ND,ND,ND,ND,ND,0,0,ND,0.0022,ND,50.65
7572.50,9,1.73,5.83,33.65,ND,0.9541,1.8356,1.86,0.3846,0.0317,0.0083,0.0245,2.9343,ND,0.0046,0.0027,0.0072,0.0007,0.0007,0.0095,0.0210,0.0026,0.0228,0.0022,ND,ND,ND,ND,ND,0,ND,0,ND,0.0010,ND,50.69
7573.00,9,1.68,5.84,32.13,ND,1.2857,1.8160,2.22,0.3984,0.0300,0.0120,0.0247,3.4741,ND,0.0047,0.0028,0.0126,0.0009,0.0012,0.0090,0.0176,0.0024,0.0239,0.0025,ND,ND,ND,ND,ND,0,ND,0,ND,0.0010,ND,51.00
7573.50,9,1.89,5.84,33.90,ND,0.9547,1.8293,2.38,0.3978,0.0309,0.0097,0.0262,2.9680,ND,0.0053,0.0032,0.0089,0.0006,0.0011,0.0090,0.0213,0.0025,0.0232,0.0021,ND,ND,ND,ND,ND,ND,ND,0,ND,ND,ND,49.70
7574.04,9,1.60,5.49,31.98,ND,1.2998,1.7582,2.31,0.3724,0.0407,0.0089,0.0230,3.1001,ND,0.0043,0.0024,0.0062,0.0008,0.0010,0.0087,0.0188,0.0023,0.0200,0.0021,ND,ND,ND,ND,ND,0,ND,0,ND,0.0014,ND,51.93
7574.50,9,2.09,6.99,29.03,ND,1.0648,2.4970,1.52,0.4631,0.0681,0.0139,0.0290,3.6102,ND,0.0093,0.0043,0.0128,0.0006,0.0012,0.0136,0.0178,0.0025,0.0207,0.0027,ND,ND,ND,ND,ND,ND,ND,0,ND,0.0011,ND,52.55
7575.00,9,1.92,8.60,29.10,ND,1.2177,3.1291,0.85,0.4849,0.0383,0.0132,0.0405,4.0407,ND,0.0118,0.0052,0.0196,0.0010,0.0010,0.0173,0.0147,0.0024,0.0189,0.0027,ND,ND,ND,ND,ND,ND,ND,0,ND,0.0013,ND,50.47
7575.50,9,1.95,7.21,29.89,ND,0.9944,2.5955,1.19,0.4733,0.0481,0.0105,0.0356,3.5986,ND,0.0092,0.0042,0.0094,0.0007,0.0005,0.0149,0.0155,0.0024,0.0231,0.0027,ND,ND,ND,ND,ND,ND,ND,0,ND,0.0015,ND,51.91
7576.07,9,1.46,6.31,32.48,ND,1.2845,2.0452,1.16,0.4243,0.0299,0.0114,0.0279,3.5417,ND,0.0053,0.0032,0.0032,0.0009,0.0013,0.0101,0.0218,0.0021,0.0233,0.0023,ND,ND,ND,ND,ND,ND,0,0,ND,0.0010,ND,51.15
7576.50,9,1.35,4.94,34.76,ND,1.0839,1.4969,1.96,0.3559,0.0305,0.0082,0.0285,2.8468,ND,0.0027,0.0018,0.0020,0.0008,0.0009,0.0073,0.0202,0.0018,0.0210,0.0017,ND,ND,ND,ND,ND,0,ND,0.0010,ND,0.0010,ND,51.07
7577.04,9,1.40,4.35,33.51,ND,1.2540,1.2802,4.43,0.3142,0.0289,0.0117,0.0313,2.8633,ND,0.0036,0.0020,0.0025,0.0010,0.0008,0.0065,0.0244,0.0018,0.0186,0.0018,ND,ND,ND,ND,ND,ND,ND,0,ND,ND,ND,50.46
7577.52,9,1.51,4.61,33.93,ND,1.3274,1.4257,2.96,0.3627,0.0333,0.0113,0.0269,3.0379,ND,0.0038,0.0023,0.0020,0.0009,0.0011,0.0071,0.0196,0.0017,0.0182,0.0022,ND,ND,ND,ND,ND,ND,ND,0,ND,ND,ND,50.71
7578.04,9,1.51,5.24,33.72,ND,1.2441,1.6263,2.49,0.3479,0.0282,0.0134,0.0259,2.8715,ND,0.0037,0.0025,0.0020,0.0006,0.0010,0.0079,0.0205,0.0018,0.0181,0.0018,ND,ND,ND,ND,ND,0.0010,ND,0,ND,ND,ND,50.82
7578.52,9,1.92,5.76,33.59,0.0548,1.4768,1.8717,2.00,0.3852,0.0350,0.0126,0.0236,2.9238,ND,0.0036,0.0033,0.0020,0.0008,0.0010,0.0086,0.0176,0.0019,0.0222,0.0020,ND,ND,ND,ND,ND,ND,ND,0,0.0010,ND,ND,49.88
7579.00,9,1.36,4.19,36.38,ND,1.0710,1.3301,1.58,0.2901,0.0222,0.0068,0.0215,2.2007,ND,0.0022,0.0021,0.0031,0.0004,0.0005,0.0067,0.0196,0.0016,0.0174,0.0018,ND,ND,ND,ND,ND,0,ND,0,ND,ND,ND,51.48
7579.50,9,2.04,7.23,32.82,ND,1.1683,2.4757,0.90,0.4428,0.0271,0.0119,0.0281,3.5084,ND,0.0100,0.0047,0.0055,0.0009,0.0010,0.0117,0.0149,0.0022,0.0230,0.0025,ND,ND,ND,ND,ND,ND,ND,0,ND,0.0013,ND,49.26
7580.04,9,2.23,7.37,27.75,ND,0.6540,2.5757,3.40,0.4294,0.0332,0.0105,0.0411,3.8530,ND,0.0067,0.0036,0.0330,0.0008,0.0005,0.0134,0.0178,0.0025,0.0190,0.0026,0,ND,ND,ND,ND,ND,ND,0,ND,0.0013,ND,51.55
7580.49,9,1.96,6.45,32.70,ND,1.2738,2.2428,1.12,0.3936,0.0254,0.0158,0.0239,3.3653,ND,0.0080,0.0036,0.3236,0.0010,0.0015,0.0109,0.0142,0.0020,0.0182,0.0021,0,ND,ND,ND,ND,0,ND,0,ND,0.0010,ND,50.03
7581.00,9,1.77,5.26,35.41,ND,0.9507,1.7380,1.08,0.3231,0.0268,0.0163,0.0209,2.7059,ND,0.0065,0.0025,0.0056,0.0010,0.0015,0.0086,0.0125,0.0016,0.0172,0.0018,ND,ND,ND,ND,ND,0,ND,0,ND,0.0011,ND,50.64
7581.44,9,1.77,5.12,35.01,ND,1.2302,1.7313,1.23,0.3478,0.0387,0.0168,0.0198,3.0401,ND,0.0080,0.0042,0.0154,0.0011,0.0018,0.0089,0.0126,0.0014,0.0164,0.0018,ND,ND,ND,ND,ND,ND,0,0,ND,0.0010,ND,50.38
7583.05,10,1.24,3.48,33.18,ND,0.5450,0.9693,6.01,0.2709,0.0169,0.0075,0.0292,1.5874,ND,ND,0.0011,0.0016,0.0003,0.0002,0.0046,0.0357,0.0026,0.0199,0.0012,ND,ND,ND,ND,ND,ND,ND,0,ND,0.0009,ND,52.60
7583.48,10,1.85,4.49,31.02,0.1115,1.2377,1.3423,6.28,0.3953,0.0832,0.0172,0.0311,2.7584,ND,0.0052,0.0051,0.0023,0.0009,0.0015,0.0073,0.0258,0.0030,0.0160,0.0018,ND,ND,ND,ND,ND,ND,0,0,ND,ND,ND,50.32
7584.00,10,1.28,4.05,35.80,ND,1.1899,1.2858,2.74,0.2593,0.0318,0.0134,0.0201,2.3200,ND,0.0038,0.0022,0.0023,0.0008,0.0010,0.0064,0.0184,0.0012,0.0131,0.0012,ND,ND,ND,ND,ND,ND,ND,0,ND,0.0009,ND,50.96
7584.50,10,1.60,5.88,32.33,ND,1.2619,1.9530,2.07,0.3784,0.0432,0.0182,0.0239,3.1779,ND,0.0078,0.0044,0.0052,0.0012,0.0019,0.0097,0.0149,0.0017,0.0185,0.0021,ND,ND,ND,ND,ND,ND,ND,0,ND,0.0011,ND,51.18
7585.05,10,1.43,4.75,36.47,ND,0.6552,1.5703,0.76,0.3175,0.0290,0.0080,0.0174,2.1444,ND,0.0040,0.0019,0.0036,0.0006,0.0004,0.0072,0.0132,0.0013,0.0166,0.0018,ND,ND,ND,ND,ND,ND,0,0,ND,0.0011,ND,51.79
7585.50,10,1.79,7.30,31.10,ND,0.9010,2.5936,1.22,0.4418,0.0569,0.0109,0.0310,3.3205,ND,0.0103,0.0047,0.0174,0.0007,0.0011,0.0137,0.0147,0.0022,0.0175,0.0025,ND,ND,ND,ND,ND,ND,ND,0,ND,ND,ND,51.15
7586.00,10,1.36,5.65,30.91,ND,1.5221,1.8792,3.72,0.4089,0.0504,0.0084,0.0380,3.4429,ND,0.0057,0.0049,0.0040,0.0010,0.0011,0.0094,0.0214,0.0022,0.0180,0.0022,ND,ND,ND,ND,ND,ND,0,0,ND,0.0010,ND,50.93
7586.50,10,3.05,2.75,19.52,ND,0.5404,0.6900,16.52,0.2168,0.0166,ND,0.1225,5.8027,ND,ND,0.0016,0.0019,ND,0.0004,0.0042,0.0340,0.0031,0.0097,0.0008,ND,ND,ND,ND,ND,ND,ND,0,ND,0.0011,ND,50.72
7587.05,10,1.78,4.92,32.34,ND,1.2858,1.5288,3.80,0.3528,0.0377,0.0085,0.0393,2.9562,ND,0.0035,0.0021,0.0021,0.0008,0.0007,0.0073,0.0191,0.0020,0.0187,0.0015,ND,ND,ND,ND,ND,ND,ND,0.0010,ND,ND,ND,50.89
7587.50,10,1.66,4.90,33.54,ND,0.9800,1.5140,3.48,0.3712,0.0398,0.0070,0.0291,2.4916,ND,0.0026,0.0021,0.0022,0.0005,0.0005,0.0072,0.0203,0.0016,0.0172,0.0020,ND,ND,ND,ND,ND,ND,ND,0.0013,ND,ND,ND,50.93
7588.00,10,1.41,3.36,31.68,0.0308,0.4091,0.8542,8.32,0.2477,0.0326,0.0062,0.0413,1.7720,ND,ND,0.0012,0.0008,0.0004,0.0004,0.0043,0.0378,0.0030,0.0118,0.0012,ND,ND,ND,ND,ND,ND,ND,0.0007,ND,0.0010,ND,51.78
7588.50,10,1.34,4.87,34.24,ND,1.5961,1.4916,2.72,0.3533,0.0413,0.0106,0.0207,2.5008,ND,0.0037,0.0034,0.0018,0.0007,0.0009,0.0071,0.0172,0.0018,0.0195,0.0019,ND,ND,ND,ND,ND,0,ND,0.0013,ND,ND,ND,50.76
7589.05,10,1.82,5.79,34.21,ND,0.9093,1.8681,1.41,0.4321,0.0480,0.0087,0.0246,2.5695,ND,0.0048,0.0025,0.0042,0.0007,0.0007,0.0086,0.0150,0.0019,0.0218,0.0020,ND,ND,ND,ND,ND,ND,ND,0.0014,ND,ND,ND,50.84
7589.50,10,1.81,1.67,8.65,0.0776,0.5131,0.2321,34.42,0.2211,0.0857,0.0077,0.1600,1.2092,ND,0.0018,0.0022,0.0010,ND,0.0004,0.0019,0.0712,0.0017,0.0064,0.0006,ND,ND,ND,ND,ND,ND,ND,0.0010,ND,0.0013,ND,50.85
7589.08,10,1.76,6.20,32.61,ND,1.1286,2.0770,1.70,0.4267,0.0315,0.0092,0.0325,2.9451,ND,0.0060,0.0040,0.0028,0.0009,0.0010,0.0099,0.0153,0.0025,0.0239,0.0025,ND,ND,ND,ND,ND,ND,ND,0.0016,ND,0.0011,0,51.01
7590.50,10,1.86,6.88,30.02,ND,1.1685,2.3322,3.09,0.4433,0.0441,0.0089,0.0352,3.4916,ND,0.0084,0.0034,0.0034,0.0007,0.0007,0.0126,0.0214,0.0030,0.0189,0.0026,ND,ND,ND,ND,ND,ND,0,0.0017,ND,0.0014,ND,50.56
7591.10,10,1.97,8.07,29.61,ND,1.2131,2.8302,1.31,0.4850,0.0534,0.0085,0.0354,3.4795,ND,0.0071,0.0039,0.0034,0.0007,0.0005,0.0148,0.0166,0.0025,0.0234,0.0027,ND,ND,ND,ND,ND,ND,ND,0.0021,ND,0.0013,ND,50.85
7591.48,10,1.60,5.49,31.93,ND,1.2232,1.6837,3.68,0.4170,0.0598,0.0074,0.0357,2.7135,ND,0.0040,0.0030,0.0025,0.0007,0.0005,0.0082,0.0215,0.0027,0.0186,0.0020,ND,ND,ND,ND,ND,0,ND,0.0013,ND,ND,ND,51.09
7592.09,10,1.28,4.96,33.87,ND,1.1311,1.4881,2.58,0.3674,0.0341,0.0099,0.0302,2.6296,ND,0.0028,0.0023,0.0020,0.0008,0.0005,0.0070,0.0165,0.0020,0.0204,0.0021,ND,ND,ND,ND,ND,ND,ND,0.0012,ND,0.0010,ND,51.56
7592.50,10,1.49,4.77,31.94,ND,1.2320,1.4593,3.61,0.3774,0.0641,0.0105,0.0334,2.6071,ND,0.0033,0.0030,0.0022,0.0006,0.0006,0.0069,0.0206,0.0023,0.0189,0.0021,ND,ND,ND,ND,ND,ND,ND,0.0013,ND,ND,ND,52.34
7593.07,10,1.66,5.20,33.58,ND,1.1053,1.6082,2.66,0.3646,0.0341,0.0111,0.0261,2.7941,ND,0.0049,0.0026,0.0020,0.0009,0.0011,0.0079,0.0173,0.0020,0.0189,0.0021,ND,ND,ND,ND,ND,ND,ND,0.0012,ND,0.0011,ND,50.90
7593.50,10,1.33,5.25,32.71,ND,1.0275,1.7152,2.40,0.3889,0.0409,0.0122,0.0264,2.6471,ND,0.0050,0.0026,0.0022,0.0010,0.0011,0.0082,0.0181,0.0021,0.0186,0.0023,ND,ND,ND,ND,ND,ND,0,0.0013,ND,0.0012,ND,52.38
7594.00,10,1.24,4.02,35.88,ND,1.0464,1.2434,3.07,0.2973,0.0222,0.0077,0.0236,1.9728,ND,0.0029,0.0021,0.0015,0.0005,0.0006,0.0059,0.0186,0.0018,0.0146,0.0017,ND,ND,ND,ND,ND,ND,ND,0.0010,ND,ND,ND,51.12
7594.50,10,1.43,4.49,35.05,ND,1.3988,1.4236,2.00,0.3283,0.0312,0.0083,0.0227,2.3967,ND,0.0036,0.0026,0.0020,0.0009,0.0006,0.0070,0.0157,0.0019,0.0162,0.0017,ND,ND,ND,ND,ND,ND,ND,0.0010,ND,0.0010,ND,51.37
7595.07,10,2.11,8.85,29.68,ND,1.2133,3.2474,0.95,0.5045,0.0434,0.0093,0.0412,3.9385,ND,0.0099,0.0055,0.0170,0.0007,0.0005,0.0174,0.0155,0.0028,0.0209,0.0031,ND,ND,ND,ND,ND,ND,0,0.0018,ND,0.0016,ND,49.32
7595.50,10,2.01,6.77,33.40,ND,0.8892,2.2216,1.05,0.4228,0.0302,0.0081,0.0301,2.8283,ND,0.0057,0.0034,0.0043,0.0005,0.0003,0.0109,0.0152,0.0023,0.0224,0.0024,ND,ND,ND,ND,ND,ND,ND,0.0016,ND,ND,ND,50.27
7596.00,10,1.53,5.36,29.72,0.0874,2.2938,1.7398,4.91,0.4123,0.0407,0.0141,0.0330,4.0057,ND,0.0116,0.0042,0.0036,0.0014,0.0011,0.0089,0.0235,0.0043,0.0180,0.0025,0,ND,ND,ND,ND,0,ND,0.0016,ND,0.0011,ND,49.77
7596.50,10,1.46,4.89,34.46,ND,1.3073,1.6518,1.81,0.3674,0.0259,0.0133,0.0219,2.8069,ND,0.0061,0.0026,0.0056,0.0009,0.0009,0.0080,0.0150,0.0020,0.0197,0.0022,ND,ND,ND,ND,ND,ND,ND,0.0013,ND,0.0011,ND,51.12
7597.07,10,1.79,6.79,32.09,ND,1.2821,2.4377,1.50,0.4367,0.0332,0.0129,0.0305,3.6265,ND,0.0114,0.0052,0.0105,0.0011,0.0013,0.0119,0.0140,0.0025,0.0191,0.0021,ND,ND,ND,ND,ND,ND,ND,0.0016,ND,ND,ND,49.88
7597.50,10,1.87,6.87,33.17,ND,1.4623,2.4359,0.47,0.4028,0.0323,0.0133,0.0322,3.7940,ND,0.0138,0.0055,0.0340,0.0012,0.0016,0.0125,0.0128,0.0023,0.0172,0.0022,0,ND,ND,ND,ND,ND,0,0.0015,ND,ND,ND,49.33
7598.00,10,1.61,6.30,33.71,ND,1.1122,2.2822,0.47,0.3568,0.0300,0.0159,0.0264,3.0188,ND,0.0115,0.0050,0.0116,0.0008,0.0016,0.0114,0.0109,0.0021,0.0161,0.0022,ND,ND,ND,ND,ND,0,ND,0.0014,ND,ND,0,51.00
7598.50,10,2.05,6.26,31.92,ND,1.1828,2.1523,1.92,0.3883,0.0387,0.0119,0.0379,3.3104,ND,0.0088,0.0047,0.0061,0.0010,0.0009,0.0113,0.0152,0.0022,0.0157,0.0022,ND,ND,ND,ND,ND,ND,ND,0.0012,ND,0.0012,ND,50.66
7599.06,10,1.99,5.66,34.45,ND,1.1815,1.9917,0.70,0.3246,0.0332,0.0082,0.0281,2.9201,ND,0.0099,0.0034,0.0043,0.0006,0.0013,0.0105,0.0117,0.0019,0.0141,0.0018,0,ND,ND,ND,ND,0,ND,0.0018,ND,ND,ND,50.65
7599.50,10,1.65,6.03,32.84,ND,1.3259,2.1744,1.00,0.3132,0.0329,0.0133,0.0286,3.2831,ND,0.0127,0.0049,0.0068,0.0009,0.0012,0.0117,0.0124,0.0020,0.0127,0.0019,ND,ND,ND,ND,ND,0,ND,0.0014,ND,0.0012,ND,51.24
7600.00,10,1.87,6.43,33.84,ND,1.1404,2.2670,0.77,0.3703,0.0374,0.0088,0.0304,3.3241,ND,0.0110,0.0047,0.0070,0.0010,0.0008,0.0123,0.0131,0.0018,0.0140,0.0020,0,ND,ND,ND,ND,ND,ND,0.0014,ND,ND,ND,49.84
7600.50,10,1.48,3.91,31.58,ND,1.8251,1.1802,6.60,0.2402,0.0258,0.0167,0.0250,3.0444,ND,0.0081,0.0035,0.0138,0.0011,0.0018,0.0067,0.0359,0.0030,0.0099,0.0015,ND,ND,ND,ND,ND,ND,ND,0.0010,ND,0.0012,ND,49.99
7601.06,10,1.32,1.01,24.29,0.4005,0.9623,0.0567,19.85,0.2121,0.0318,0.0052,0.0410,1.5485,ND,0.0017,0.0014,0.0016,0.0006,0.0005,0.0011,0.1105,0.0060,0.0174,0.0006,ND,ND,ND,ND,ND,ND,ND,ND,ND,0.0020,ND,50.13
7601.50,10,2.43,6.53,29.93,ND,1.1114,2.3469,3.49,0.3514,0.0288,0.0097,0.0400,3.4363,ND,0.0102,0.0041,0.0047,0.0007,0.0008,0.0119,0.0175,0.0020,0.0136,0.0021,0,ND,ND,ND,ND,ND,0,0,ND,ND,ND,50.22
7602.00,10,1.69,6.37,33.47,ND,1.2321,2.3045,1.47,0.3611,0.0293,0.0135,0.0303,3.2988,ND,0.0084,0.0042,0.0047,0.0008,0.0008,0.0124,0.0142,0.0019,0.0140,0.0021,ND,ND,ND,ND,ND,ND,0,0,ND,0.0012,ND,49.67
7605.04,11,1.77,6.38,33.48,ND,0.8402,2.0445,1.44,0.4615,0.0224,0.0095,0.0223,2.7135,ND,0.0044,0.0036,0.0053,0.0007,0.0005,0.0090,0.0146,0.0026,0.0302,0.0027,ND,ND,ND,ND,ND,ND,ND,0,ND,ND,ND,50.74
7605.52,11,1.35,3.74,32.02,0.0609,1.7826,1.1857,5.69,0.2385,0.0259,0.0186,0.0230,2.6699,ND,0.0095,0.0041,0.0041,0.0012,0.0019,0.0063,0.0269,0.0029,0.0120,0.0010,ND,ND,ND,ND,ND,ND,0,0,ND,0.0012,ND,51.11
7606.00,11,2.89,5.16,27.01,ND,1.2112,1.6669,6.72,0.2937,0.0254,0.0087,0.0455,3.5519,ND,0.0141,0.0041,0.0111,0.0010,0.0010,0.0087,0.0202,0.0019,0.0112,0.0017,0,ND,ND,ND,ND,ND,ND,0,ND,ND,0,51.34
7606.50,11,5.00,2.96,11.16,ND,0.4366,0.7776,19.37,0.1375,0.0145,ND,0.1817,8.8103,ND,0.0045,0.0017,0.0026,0.0007,0.0004,0.0040,0.0297,0.0027,0.0054,0.0008,ND,ND,ND,ND,ND,ND,ND,ND,ND,ND,ND,51.10
7607.10,11,1.77,5.62,31.31,ND,1.1651,1.9962,2.75,0.3285,0.0248,0.0122,0.0319,3.1343,ND,0.0116,0.0040,0.0046,0.0010,0.0009,0.0109,0.0172,0.0018,0.0130,0.0020,ND,ND,ND,ND,ND,ND,0,0.0010,ND,ND,ND,51.79
7607.50,11,1.52,6.63,30.71,ND,2.0259,2.2582,0.98,0.3491,0.0331,0.0264,0.0231,4.2834,ND,0.0170,0.0072,0.0164,0.0017,0.0034,0.0115,0.0118,0.0018,0.0159,0.0019,ND,ND,ND,ND,ND,ND,0,0.0020,ND,0.0011,ND,51.06
7608.00,11,1.76,6.51,33.37,ND,1.1807,2.3487,1.02,0.3692,0.0357,0.0107,0.0342,3.3047,ND,0.0088,0.0061,0.0068,0.0008,0.0010,0.0120,0.0149,0.0017,0.0141,0.0024,0,ND,ND,ND,ND,ND,0,0.0016,ND,ND,ND,49.98
7608.49,11,1.09,0.65,13.85,ND,0.7172,ND,32.61,0.0716,0.0154,ND,0.0718,1.8407,ND,ND,0.0018,0.0044,0.0005,0.0005,ND,0.1520,0.0040,0.0059,ND,0,ND,ND,ND,ND,ND,ND,0.0005,ND,0.0026,ND,48.91
7609.04,11,1.36,3.18,24.95,0.0914,1.2239,0.8670,14.22,0.2216,0.0306,0.0151,0.0339,2.3303,ND,0.0060,0.0023,0.0064,0.0007,0.0014,0.0052,0.0527,0.0033,0.0092,0.0009,ND,ND,ND,ND,ND,ND,ND,0.0008,ND,0.0013,0,51.38
7609.50,11,1.60,5.44,33.24,ND,1.3028,1.8565,1.75,0.3495,0.0342,0.0244,0.0235,2.9244,ND,0.0059,0.0041,0.0069,0.0010,0.0025,0.0094,0.0135,0.0012,0.0165,0.0020,ND,ND,ND,ND,ND,ND,ND,0.0018,ND,ND,ND,51.39
7609.98,11,2.17,6.53,28.86,ND,1.3055,2.2830,2.97,0.3725,0.0385,0.0171,0.0334,3.8619,ND,0.0153,0.0049,0.0211,0.0010,0.0018,0.0117,0.0162,0.0019,0.0146,0.0022,ND,ND,ND,ND,ND,0,ND,0.0016,ND,ND,ND,51.47
7610.50,11,1.47,6.53,33.49,ND,0.9770,2.3483,0.79,0.3841,0.0306,0.0130,0.0258,3.2028,ND,0.0084,0.0040,0.0065,0.0007,0.0009,0.0123,0.0171,0.0016,0.0157,0.0024,ND,ND,ND,ND,ND,ND,0,0.0017,ND,ND,ND,50.66
7611.08,11,1.91,7.54,30.10,ND,1.9788,2.6743,1.00,0.3868,0.0389,0.0227,0.0332,4.4691,ND,0.0195,0.0076,0.0208,0.0015,0.0026,0.0134,0.0160,0.0022,0.0155,0.0022,ND,ND,ND,ND,ND,ND,ND,0.0021,ND,ND,0,49.74
7611.51,11,1.94,6.80,30.41,ND,1.2002,2.4543,2.41,0.3812,0.0303,0.0098,0.0390,3.7325,ND,0.0115,0.0040,0.0334,0.0009,0.0010,0.0126,0.0275,0.0021,0.0145,0.0021,0,ND,ND,ND,ND,ND,ND,0.0015,ND,0.0010,ND,50.48
7612.00,11,1.55,4.52,29.84,0.0432,1.3044,1.4586,6.53,0.2593,0.0284,0.0123,0.0285,2.8516,ND,0.0082,0.0033,0.0054,0.0010,0.0015,0.0079,0.0292,0.0033,0.0106,0.0016,0,ND,ND,ND,ND,ND,ND,0.0010,ND,ND,0,51.49
7612.50,11,1.49,4.27,31.27,ND,1.1601,1.3086,5.60,0.2812,0.0260,0.0151,0.0244,2.7170,ND,0.0101,0.0043,0.0054,0.0008,0.0017,0.0074,0.0241,0.0028,0.0112,0.0016,ND,ND,ND,ND,ND,0,ND,0.0013,ND,ND,0,51.77
7613.08,11,1.96,7.05,31.92,ND,1.1298,2.4461,0.77,0.3952,0.0366,0.0117,0.0286,3.4947,ND,0.0131,0.0042,0.0501,0.0008,0.0011,0.0132,0.0134,0.0020,0.0150,0.0021,0,ND,ND,ND,ND,ND,ND,0.0019,ND,ND,ND,50.64
7613.52,11,1.54,6.80,32.50,ND,1.6761,2.3978,0.58,0.3752,0.0360,0.0265,0.0210,3.6419,ND,0.0110,0.0058,0.0131,0.0013,0.0030,0.0120,0.0131,0.0019,0.0158,0.0021,0,ND,ND,ND,ND,ND,0,0.0019,ND,0.0010,0,50.31
7614.00,11,1.95,7.27,30.64,ND,1.6234,2.6158,0.97,0.3977,0.0437,0.0253,0.0272,3.8974,ND,0.0143,0.0064,0.0126,0.0015,0.0022,0.0132,0.0133,0.0026,0.0168,0.0024,0,ND,ND,ND,ND,ND,ND,0.0020,ND,0.0010,ND,50.45
7614.50,11,1.65,6.69,31.29,ND,1.6754,2.4445,0.75,0.3978,0.0401,0.0103,0.0258,3.3935,ND,0.0080,0.0036,0.0046,0.0009,0.0007,0.0131,0.0216,0.0021,0.0171,0.0021,ND,ND,ND,ND,ND,ND,0,0.0017,ND,ND,ND,51.55
7615.06,11,1.63,4.07,27.20,0.0717,1.8627,1.0887,10.61,0.2612,0.0443,0.0130,0.0314,3.0957,ND,0.0051,0.0030,0.0030,0.0013,0.0016,0.0064,0.0833,0.0040,0.0120,0.0014,ND,ND,ND,ND,ND,ND,ND,0.0009,ND,0.0016,ND,49.89
7615.52,11,1.86,7.20,28.44,ND,2.0340,2.5266,1.63,0.4122,0.0478,0.0263,0.0314,4.2961,ND,0.0178,0.0071,0.0145,0.0024,0.0031,0.0125,0.0146,0.0026,0.0176,0.0024,0,ND,ND,ND,ND,ND,ND,0.0024,ND,ND,0,51.40
7615.98,11,1.90,7.29,30.83,ND,1.5804,2.5834,1.18,0.4112,0.0394,0.0078,0.0687,3.3903,ND,0.0078,0.0044,0.0064,0.0007,0.0006,0.0139,0.0262,0.0020,0.0160,0.0023,0,ND,ND,ND,ND,0,0,0.0020,ND,0.0013,ND,50.64
7616.50,11,1.58,2.95,27.73,0.1540,0.8012,0.7672,13.33,0.2089,0.0322,0.0058,0.0394,2.0518,ND,0.0037,0.0032,0.0013,0.0006,0.0006,0.0048,0.0482,0.0036,0.0088,0.0007,ND,ND,ND,ND,ND,ND,ND,0.0007,ND,ND,0,50.27
7617.06,11,1.38,4.81,33.68,ND,1.2379,1.5427,2.89,0.3431,0.0318,0.0099,0.0249,2.7171,ND,0.0037,0.0029,0.0021,0.0014,0.0010,0.0083,0.2377,0.0009,0.0213,0.0017,ND,ND,ND,ND,ND,ND,ND,0.0013,ND,0.0043,ND,51.05
7617.50,11,3.85,1.29,9.26,0.0343,0.3479,0.1892,25.88,0.1100,0.0123,ND,0.1476,7.3299,ND,ND,ND,0.0013,0.0005,0.0004,0.0014,0.0550,0.0029,0.0047,0.0007,ND,ND,ND,ND,ND,ND,ND,ND,ND,ND,ND,51.47
7617.97,11,3.17,3.99,19.14,ND,0.7728,0.9876,13.54,0.2453,0.0246,0.0099,0.0994,6.5912,ND,0.0023,0.0019,0.0020,0.0008,0.0010,0.0054,0.0246,0.0018,0.0135,0.0014,ND,ND,ND,ND,ND,ND,ND,0,ND,ND,ND,51.36
7618.50,11,1.74,5.15,30.99,ND,1.4877,1.6538,4.18,0.3547,0.0321,0.0164,0.0214,3.0025,ND,0.0051,0.0048,0.0021,0.0009,0.0017,0.0084,0.0194,0.0025,0.0172,0.0019,ND,ND,ND,ND,ND,ND,ND,0,ND,ND,ND,51.30
7619.04,11,1.79,6.94,28.54,ND,1.1791,2.4405,2.00,0.4194,0.0356,0.0310,0.0221,3.3386,ND,0.0119,0.0064,0.0061,0.0008,0.0027,0.0125,0.0136,0.0024,0.0196,0.0024,ND,ND,ND,ND,ND,ND,0,0,ND,ND,0,53.19
7619.50,11,1.82,6.31,31.10,ND,0.9523,2.1761,1.51,0.4187,0.0451,0.0098,0.0255,2.7874,ND,0.0068,0.0038,0.0849,0.0009,0.0007,0.0113,0.0164,0.0023,0.0200,0.0028,ND,ND,ND,ND,ND,ND,ND,0,ND,0.0015,ND,52.70
7620.00,11,1.61,5.72,32.85,ND,2.1724,1.9960,1.61,0.3941,0.0303,0.0112,0.0242,2.8333,ND,0.0046,0.0033,0.0040,0.0008,0.0006,0.0102,0.0224,0.0021,0.0206,0.0021,ND,ND,ND,ND,ND,ND,0,0,ND,0.0010,ND,50.67
7620.50,11,1.47,4.66,33.64,ND,1.5875,1.5040,2.16,0.3579,0.0391,0.0092,0.0218,2.4132,ND,0.0040,0.0031,0.0049,0.0008,0.0008,0.0074,0.0313,0.0016,0.0182,0.0019,ND,ND,ND,ND,ND,ND,ND,0,ND,0.0014,ND,52.05
7621.04,11,1.27,5.07,35.72,ND,1.0907,1.6265,1.52,0.3348,0.0315,0.0107,0.0203,2.4326,ND,0.0042,0.0027,0.0087,0.0007,0.0010,0.0078,0.0237,0.0016,0.0167,0.0018,ND,ND,ND,ND,ND,ND,ND,0,ND,ND,ND,50.80
7621.50,11,2.22,6.38,26.55,ND,2.8500,2.3467,3.32,0.3953,0.0283,0.0147,0.0289,3.4415,ND,0.0104,0.0044,0.0083,0.0008,0.0011,0.0123,0.0194,0.0023,0.0174,0.0022,ND,ND,ND,ND,ND,ND,0,0,ND,ND,0,52.36
7622.00,11,2.18,7.47,30.42,ND,0.9300,2.7336,2.38,0.4185,0.0323,0.0082,0.0325,3.3875,ND,0.0072,0.0050,0.0816,0.0007,0.0006,0.0132,0.0163,0.0022,0.0176,0.0024,ND,ND,ND,ND,ND,ND,ND,0,ND,0.0012,ND,49.85
7622.50,11,2.01,7.31,32.04,ND,1.2148,2.5242,0.55,0.4090,0.0282,0.0175,0.0256,3.2750,ND,0.0105,0.0043,0.0311,0.0007,0.0016,0.0127,0.0116,0.0020,0.0167,0.0023,ND,ND,ND,ND,ND,ND,ND,0,ND,ND,ND,50.49
7623.04,11,1.76,6.06,27.04,0.7576,1.4977,1.9799,7.30,0.3308,0.0363,0.0162,0.0300,3.1730,ND,0.0069,0.0036,0.0037,0.0009,0.0011,0.0107,0.0311,0.0079,0.0124,0.0019,0,ND,ND,ND,ND,0,ND,0,ND,ND,0,49.94
7623.50,11,3.67,1.78,12.42,ND,0.3775,0.2414,21.79,0.0772,0.0152,ND,0.1539,7.8637,ND,ND,ND,0.0014,ND,ND,0.0015,0.0431,0.0032,0.0037,0.0006,ND,ND,ND,ND,ND,ND,ND,ND,ND,0.0012,ND,51.56
7624.52,12,1.61,5.98,32.13,ND,1.1118,2.0392,1.36,0.4212,0.0242,0.0156,0.0206,3.1086,ND,0.0050,0.0032,0.0059,0.0008,0.0011,0.0104,0.0205,0.0024,0.0248,0.0025,ND,ND,ND,ND,ND,ND,0,0,ND,0.0014,ND,52.11
7625.03,12,1.68,6.10,33.70,ND,1.0966,2.0135,2.02,0.3932,0.0252,0.0122,0.0265,2.9416,ND,0.0062,0.0026,0.0044,0.0006,0.0011,0.0093,0.0191,0.0023,0.0240,0.0025,ND,ND,ND,ND,ND,ND,ND,0,ND,0.0011,ND,49.92
7625.48,12,1.65,5.78,32.57,ND,1.4822,1.8673,1.82,0.4038,0.0345,0.0136,0.0221,3.0080,ND,0.0052,0.0022,0.0024,0.0011,0.0013,0.0089,0.0211,0.0020,0.0194,0.0019,ND,ND,ND,ND,ND,ND,ND,0,ND,0.0014,ND,51.28
7626.03,12,2.50,2.75,20.01,0.0503,0.7420,0.4414,18.52,0.1610,0.0198,ND,0.0861,4.5961,ND,0.0034,0.0016,0.0032,0.0007,0.0005,0.0027,0.0460,0.0041,0.0091,0.0009,ND,ND,ND,ND,ND,ND,ND,0,ND,0.0012,ND,50.05
7626.50,12,1.80,7.00,30.92,ND,1.9087,2.4885,0.87,0.4024,0.0358,0.0129,0.0214,3.3730,ND,0.0094,0.0044,0.0477,0.0007,0.0010,0.0130,0.0177,0.0018,0.0187,0.0026,0,ND,ND,ND,ND,ND,ND,0,ND,0.0010,ND,51.05
7627.04,12,1.86,5.51,35.19,ND,1.0109,1.7676,0.95,0.3843,0.0362,0.0135,0.0176,2.4597,ND,0.0056,0.0029,0.0048,0.0006,0.0008,0.0085,0.0194,0.0016,0.0225,0.0018,ND,ND,ND,ND,ND,ND,0,0,ND,ND,ND,50.73
7627.50,12,1.49,4.57,31.86,0.1163,1.7180,1.4229,5.13,0.3139,0.0297,0.0088,0.0226,2.2846,ND,0.0043,0.0020,0.0028,0.0006,0.0005,0.0067,0.0269,0.0032,0.0155,0.0013,ND,ND,ND,ND,ND,ND,ND,0,ND,0.0010,ND,50.96
7628.05,12,1.86,5.28,34.14,ND,1.3446,1.7381,1.30,0.3826,0.0257,0.0090,0.0208,2.4481,ND,0.0033,0.0027,0.0037,0.0005,0.0003,0.0084,0.0170,0.0019,0.0223,0.0021,ND,ND,ND,ND,ND,ND,ND,0,ND,0.0013,ND,51.40
7628.50,12,1.36,4.81,35.05,ND,0.9137,1.4981,1.98,0.3380,0.0161,0.0097,0.0242,2.0521,ND,0.0023,0.0026,0.0040,0.0005,0.0003,0.0072,0.0201,0.0019,0.0192,0.0018,ND,ND,ND,0,ND,0,ND,0,ND,ND,ND,51.88
7629.00,12,2.06,7.80,27.18,ND,2.0261,2.7394,2.28,0.4464,0.0312,0.0092,0.0355,3.6753,ND,0.0078,0.0039,0.0064,0.0007,0.0006,0.0147,0.0258,0.0026,0.0198,0.0027,ND,ND,ND,ND,ND,ND,0,0,ND,0.0016,ND,51.63
7629.50,12,1.55,6.57,33.13,ND,1.5146,2.1941,0.82,0.3877,0.0224,0.0129,0.0231,3.0309,ND,0.0087,0.0031,0.0069,0.0009,0.0008,0.0106,0.0179,0.0020,0.0225,0.0023,0,ND,ND,ND,ND,ND,ND,0,ND,0.0010,0,50.67
7630.05,12,1.69,6.19,29.63,1.0308,1.7495,2.0501,2.72,0.4231,0.0295,0.0204,0.0229,3.6266,ND,0.0090,0.0043,0.0089,0.0011,0.0016,0.0109,0.0187,0.0019,0.0209,0.0025,ND,ND,ND,ND,ND,ND,0,0,ND,0.0010,ND,50.73
7630.50,12,1.18,2.53,29.36,0.2552,0.6001,0.4325,12.29,0.2799,0.0236,0.0070,0.0262,1.6372,ND,ND,0.0013,0.0022,0.0006,0.0003,0.0027,0.0863,0.0049,0.0294,0.0012,ND,ND,ND,ND,ND,ND,ND,ND,ND,0.0017,ND,51.25
7631.00,12,2.07,8.19,28.46,ND,2.2589,2.8908,1.57,0.4334,0.0368,0.0153,0.0303,4.2061,ND,0.0122,0.0050,0.0107,0.0010,0.0013,0.0152,0.0179,0.0025,0.0178,0.0026,ND,ND,ND,ND,ND,ND,0,0.0017,ND,ND,ND,49.75
7631.50,12,1.94,6.61,31.69,ND,1.6616,2.1855,1.74,0.4211,0.0348,0.0119,0.0286,3.6166,ND,0.0066,0.0037,0.0048,0.0010,0.0015,0.0110,0.0186,0.0022,0.0205,0.0024,ND,ND,ND,ND,ND,ND,ND,0.0020,ND,0.0014,ND,49.98
7632.06,12,1.65,5.46,30.76,0.2811,1.4087,1.6948,4.87,0.3855,0.0353,0.0140,0.0267,2.9617,ND,0.0052,0.0034,0.0031,0.0009,0.0011,0.0089,0.0259,0.0045,0.0172,0.0019,ND,ND,ND,ND,ND,ND,ND,0.0011,ND,0.0011,ND,50.38
7632.50,12,1.73,5.20,34.55,ND,1.0368,1.5982,2.14,0.3374,0.0200,0.0106,0.0182,2.3445,ND,0.0034,0.0023,0.0048,0.0006,0.0010,0.0075,0.0188,0.0018,0.0182,0.0018,ND,ND,ND,ND,ND,ND,ND,0.0010,ND,ND,ND,50.95
7633.03,12,1.53,3.49,27.80,ND,1.3145,0.7408,11.11,0.2602,0.0165,0.0072,0.0274,2.4449,ND,0.0034,0.0023,0.0032,0.0006,0.0005,0.0043,0.0723,0.0033,0.0170,0.0014,ND,ND,ND,ND,ND,ND,ND,0.0008,ND,0.0012,ND,51.15
7633.50,12,1.77,8.04,26.92,ND,2.8423,2.8968,2.06,0.4383,0.0361,0.0106,0.0359,3.9658,ND,0.0095,0.0050,0.0326,0.0007,0.0008,0.0155,0.0219,0.0022,0.0188,0.0026,ND,ND,ND,ND,ND,0,ND,0.0020,ND,0.0013,ND,50.87
7634.04,12,1.48,6.43,30.24,ND,3.0760,2.1595,1.74,0.4070,0.0300,0.0113,0.0304,3.1488,ND,0.0071,0.0042,0.0419,0.0007,0.0006,0.0104,0.0175,0.0021,0.0210,0.0023,0,ND,ND,ND,ND,ND,0,0.0015,ND,0.0013,ND,51.13
7634.50,12,1.46,4.31,34.61,0.2130,1.2237,1.3024,2.28,0.3550,0.0232,0.0071,0.0213,2.4499,ND,0.0036,0.0030,0.0068,0.0007,0.0006,0.0066,0.0178,0.0018,0.0181,0.0018,ND,ND,ND,ND,ND,0,ND,0.0008,ND,ND,ND,51.68
7635.05,12,1.66,4.28,33.76,ND,1.5567,1.3302,2.53,0.3321,0.0272,0.0112,0.0216,2.3580,ND,0.0036,0.0026,0.0046,0.0007,0.0007,0.0064,0.0180,0.0017,0.0166,0.0019,ND,ND,ND,ND,ND,ND,0,0.0009,ND,ND,ND,52.07
7635.50,12,1.60,6.07,29.80,ND,3.1997,1.9294,2.34,0.3904,0.0394,0.0149,0.0201,3.2073,ND,0.0068,0.0037,0.0092,0.0010,0.0013,0.0088,0.0173,0.0022,0.0202,0.0020,ND,ND,ND,ND,ND,ND,ND,0,ND,0.0011,ND,51.31
7636.00,13,2.73,0.98,10.07,0.0566,0.4252,0.0421,29.82,0.0928,0.0161,ND,0.0786,4.8227,ND,0.0020,0.0021,0.0012,0.0006,0.0003,0.0009,0.1401,0.0033,0.0061,0.0007,ND,ND,ND,ND,ND,ND,ND,ND,ND,0,ND,50.71
7636.50,13,2.14,0.76,8.06,ND,0.3237,0.0090,34.90,0.0776,0.0142,ND,0.0597,3.1719,ND,ND,ND,0.0013,0.0007,0.0002,ND,0.1922,0.0028,0.0069,ND,ND,ND,ND,ND,ND,ND,0,ND,ND,0,ND,50.27
7637.13,13,1.71,7.44,30.71,ND,2.1280,2.5676,1.19,0.4232,0.0319,0.0139,0.0276,3.8167,ND,0.0101,0.0046,0.0029,0.0010,0.0009,0.0127,0.0169,0.0021,0.0189,0.0023,ND,ND,ND,ND,ND,ND,ND,0,ND,0,0,49.88
7637.50,13,1.68,6.75,31.32,ND,1.6027,2.1210,2.09,0.3830,0.0277,0.0094,0.0263,3.0159,ND,0.0061,0.0041,0.0023,0.0005,0.0008,0.0095,0.0300,0.0017,0.0197,0.0019,ND,ND,ND,ND,ND,ND,0,0,ND,ND,ND,50.89
7637.98,13,1.15,0.79,10.45,ND,0.8746,ND,32.92,0.1069,ND,0.0065,0.0548,2.0999,ND,ND,0.0011,0.0014,0.0006,0.0003,ND,0.1682,0.0036,0.0072,ND,ND,ND,ND,ND,ND,ND,ND,ND,ND,0,ND,51.36
7638.50,13,1.36,0.74,7.32,ND,1.0183,ND,35.67,0.0792,0.0279,ND,0.0713,2.8508,ND,ND,ND,0.0011,0.0003,0.0004,ND,0.1882,0.0053,0.0054,ND,ND,ND,ND,ND,ND,ND,ND,0,ND,0,ND,50.66
7639.13,13,1.23,2.71,30.00,ND,0.9150,0.5116,8.34,0.2981,0.0212,0.0060,0.0270,1.7627,ND,0.0017,0.0081,0.0007,0.0003,ND,0.0029,0.0347,0.0027,0.0210,0.0017,ND,ND,ND,ND,ND,0.0020,ND,0.0006,ND,0.0011,ND,54.10
7639.50,13,1.72,5.79,35.03,ND,0.9541,1.8660,1.15,0.3681,0.0206,0.0103,0.0183,2.4824,ND,0.0032,0.0027,0.0021,0.0006,0.0004,0.0084,0.0194,0.0019,0.0207,0.0019,ND,ND,ND,ND,ND,ND,ND,0.0010,ND,0.0010,ND,50.53
7640.00,13,1.94,5.81,33.45,ND,1.1895,1.8708,1.52,0.3919,0.0111,0.0096,0.0177,2.5221,ND,0.0037,0.0027,0.0030,0.0005,0.0003,0.0086,0.0200,0.0019,0.0209,0.0019,ND,ND,ND,ND,ND,ND,ND,0.0012,ND,ND,ND,51.20
7640.48,13,1.87,6.79,30.44,ND,2.8541,2.4176,1.63,0.4652,0.0293,0.0133,0.0271,3.9280,ND,0.0073,0.0048,0.0050,0.0012,0.0011,0.0113,0.0178,0.0024,0.0190,0.0026,ND,ND,ND,ND,ND,ND,ND,0.0019,ND,0.0013,ND,49.46
7641.03,13,1.68,4.90,35.21,ND,0.8625,1.5306,1.56,0.3231,0.0196,0.0071,0.0191,2.2507,ND,0.0025,0.0022,0.0033,0.0004,0.0002,0.0070,0.0211,0.0019,0.0193,0.0018,ND,ND,ND,ND,ND,ND,ND,0.0012,ND,0.0009,ND,51.58
7641.50,13,1.31,3.11,35.96,ND,0.5717,0.7235,4.85,0.1717,0.0216,ND,0.0274,2.0457,ND,ND,0.0008,0.0082,ND,ND,0.0035,0.0448,0.0016,0.0069,0.0007,ND,ND,ND,ND,ND,ND,ND,0.0008,ND,0.0010,ND,51.14
7642.00,13,1.50,5.49,34.99,ND,1.2203,1.7054,1.40,0.3425,0.0295,0.0086,0.0198,2.5817,ND,0.0033,0.0025,0.0133,0.0006,0.0003,0.0079,0.0224,0.0022,0.0192,0.0015,ND,ND,ND,ND,ND,0.0012,ND,0.0010,ND,0.0009,ND,50.63
7642.48,13,1.62,6.63,32.96,ND,1.8814,2.1173,0.97,0.3793,0.0311,0.0117,0.0159,2.8775,ND,0.0061,0.0033,0.0055,0.0007,0.0006,0.0093,0.0170,0.0022,0.0199,0.0020,ND,ND,ND,ND,ND,0.0010,0.0005,0.0013,ND,ND,ND,50.43
7643.03,13,1.85,9.12,29.06,ND,1.5714,3.2699,0.46,0.4661,0.0403,0.0131,0.0263,3.8257,ND,0.0086,0.0049,0.0063,0.0006,0.0006,0.0161,0.0145,0.0026,0.0190,0.0027,ND,ND,ND,ND,ND,ND,0.0006,0.0021,ND,ND,0.0005,50.22
7643.50,13,2.07,6.95,31.95,ND,1.3040,2.3269,1.00,0.4357,0.0248,0.0171,0.0250,3.3764,ND,0.0103,0.0040,0.0111,0.0007,0.0016,0.0113,0.0129,0.0024,0.0204,0.0024,ND,ND,ND,ND,ND,ND,0.0005,0.0019,ND,0.0014,ND,50.45
7644.00,13,1.81,5.73,33.35,0.0325,1.5343,1.9052,1.42,0.3725,0.0276,0.0159,0.0205,3.1292,ND,0.0065,0.0033,0.0067,0.0011,0.0015,0.0091,0.0142,0.0021,0.0218,0.0019,ND,ND,ND,ND,ND,ND,0.0005,0.0013,ND,ND,ND,50.58
7644.50,13,2.25,9.37,28.84,ND,2.2588,3.2527,0.84,0.4703,0.0299,0.0132,0.0322,4.3683,ND,0.0102,0.0065,0.0062,0.0009,0.0009,0.0157,0.0178,0.0024,0.0196,0.0030,ND,ND,ND,ND,ND,ND,0.0009,0.0021,ND,0.0012,ND,48.19
7645.04,13,1.59,6.86,32.97,ND,1.4152,2.3070,1.33,0.4379,0.0321,0.0106,0.0342,3.3653,ND,0.0051,0.0034,0.0060,0.0007,0.0004,0.0113,0.0183,0.0026,0.0219,0.0026,ND,ND,ND,ND,ND,0.0017,ND,0.0013,ND,ND,ND,49.57
7645.52,13,1.65,6.14,33.02,ND,1.6976,1.9360,1.40,0.3744,0.0211,0.0079,0.0269,2.9212,ND,0.0039,0.0033,0.0055,0.0006,0.0005,0.0086,0.0155,0.0019,0.0210,0.0022,ND,ND,ND,ND,ND,ND,ND,0.0013,ND,0.0011,ND,50.74
7646.00,13,1.79,5.98,33.87,ND,1.3465,1.8999,1.58,0.3957,0.0243,0.0138,0.0269,3.0340,ND,0.0056,0.0034,0.0043,0.0006,0.0007,0.0086,0.0148,0.0023,0.0226,0.0019,ND,ND,ND,ND,ND,ND,ND,0.0015,ND,ND,ND,49.96
7646.55,13,0.96,1.62,13.48,0.0777,0.4970,0.1841,29.27,0.1399,0.0313,0.0109,0.0546,2.0259,ND,0.0024,0.0018,0.0017,0.0006,0.0006,0.0016,0.0926,0.0053,0.0062,0.0010,ND,ND,ND,ND,ND,ND,ND,ND,ND,0.0017,ND,51.53
7647.05,13,1.61,6.68,32.12,ND,1.7271,2.3098,1.42,0.3865,0.0312,0.0198,0.0255,3.7268,ND,0.0094,0.0049,0.0029,0.0009,0.0019,0.0116,0.0135,0.0022,0.0192,0.0023,ND,ND,ND,ND,ND,ND,ND,0.0019,ND,ND,ND,49.86
7647.50,13,2.07,7.90,31.57,ND,1.4732,2.7522,0.77,0.4037,0.0350,0.0152,0.0340,3.7963,ND,0.0070,0.0057,0.0045,0.0009,0.0008,0.0141,0.0179,0.0020,0.0180,0.0025,ND,ND,ND,ND,ND,ND,0.0005,0.0016,ND,0.0013,ND,49.11
7648.00,13,1.56,5.83,33.76,ND,1.5593,1.9741,1.06,0.3774,0.0262,0.0100,0.0214,3.4094,ND,0.0087,0.0033,0.0039,0.0009,0.0009,0.0099,0.0131,0.0018,0.0175,0.0022,ND,ND,ND,ND,ND,0.0013,ND,0.0013,ND,ND,ND,50.35
7648.47,13,1.61,6.34,30.64,ND,1.9406,2.1354,1.30,0.3741,0.0341,0.0239,0.0205,4.0760,ND,0.0121,0.0051,0.0037,0.0016,0.0026,0.0108,0.0115,0.0017,0.0160,0.0021,ND,ND,ND,ND,ND,ND,ND,0.0016,ND,ND,ND,51.45
7649.04,13,1.52,7.14,32.57,ND,1.3417,2.4889,0.97,0.4095,0.0280,0.0125,0.0260,3.3952,ND,0.0082,0.0039,0.0050,0.0008,0.0007,0.0125,0.0136,0.0019,0.0177,0.0025,ND,ND,ND,ND,ND,ND,0.0005,0.0014,ND,0.0013,ND,50.03
7649.55,13,1.71,6.09,32.73,ND,1.4292,2.0350,1.55,0.3786,0.0281,0.0143,0.0223,3.5009,ND,0.0086,0.0035,0.0054,0.0014,0.0017,0.0106,0.0139,0.0018,0.0180,0.0024,0,ND,ND,ND,ND,ND,0.0005,0.0012,ND,0.0009,ND,50.44
7650.06,13,1.95,8.07,30.84,ND,1.5024,2.8995,0.74,0.4386,0.0319,0.0188,0.0327,3.9821,ND,0.0105,0.0065,0.0105,0.0010,0.0022,0.0146,0.0124,0.0020,0.0173,0.0027,ND,ND,ND,ND,ND,ND,ND,0.0022,ND,ND,ND,49.41
7650.54,13,1.99,7.09,32.18,ND,1.6348,2.5261,0.51,0.3739,0.0312,0.0191,0.0246,3.9809,ND,0.0083,0.0052,0.0047,0.0011,0.0021,0.0137,0.0119,0.0019,0.0149,0.0028,0,ND,ND,ND,ND,ND,ND,0.0014,ND,0.0013,ND,49.57
7651.04,13,1.82,7.21,31.97,ND,1.1621,2.5340,1.10,0.3851,0.0350,0.0125,0.0280,3.5713,ND,0.0096,0.0056,0.0042,0.0008,0.0011,0.0135,0.0126,0.0022,0.0144,0.0021,ND,ND,ND,ND,ND,0.0013,ND,0.0014,ND,0.0015,ND,50.10
7651.50,13,2.03,7.63,32.25,ND,1.4234,2.7156,0.76,0.3971,0.0408,0.0130,0.0273,3.8689,ND,0.0095,0.0058,0.0043,0.0010,0.0007,0.0145,0.0173,0.0022,0.0153,0.0021,0,ND,ND,ND,ND,ND,ND,0.0015,ND,ND,ND,48.76
7652.00,13,1.45,0.33,3.00,0.2809,0.2550,0.0750,39.73,0.1222,0.0414,ND,0.0240,0.5235,ND,ND,ND,0.0009,0.0003,ND,ND,0.2034,0.0006,0.0053,ND,ND,ND,ND,0,ND,ND,ND,ND,ND,0.0031,ND,53.94
7652.54,13,2.14,6.79,25.91,ND,4.0681,2.5318,2.52,0.3755,0.0343,0.0117,0.0336,4.1911,ND,0.0096,0.0056,0.0101,0.0008,0.0008,0.0148,0.0207,0.0021,0.0136,0.0024,0,ND,ND,ND,ND,ND,0.0008,0.0018,ND,ND,ND,51.31
7653.04,13,1.83,7.16,31.25,ND,1.9483,2.5477,1.35,0.3805,0.0301,0.0136,0.0250,3.6838,ND,0.0075,0.0042,0.0057,0.0008,0.0006,0.0137,0.0161,0.0021,0.0154,0.0023,ND,ND,ND,ND,ND,ND,0.0005,0.0015,ND,ND,ND,49.71
7653.53,13,1.45,5.64,33.19,ND,1.8156,1.9702,1.36,0.3583,0.0337,0.0241,0.0196,3.6615,ND,0.0101,0.0042,0.0150,0.0018,0.0029,0.0101,0.0122,0.0018,0.0156,0.0021,0,ND,ND,ND,ND,0.0019,ND,0.0012,ND,ND,ND,50.40
7654.01,13,1.88,6.12,29.77,ND,1.7837,2.1568,1.98,0.3734,0.0265,0.0156,0.0299,3.9024,ND,0.0119,0.0056,0.0065,0.0009,0.0012,0.0117,0.0142,0.0019,0.0157,0.0025,ND,ND,ND,ND,ND,ND,ND,0.0017,ND,ND,ND,51.89
7654.47,13,1.72,6.38,29.60,ND,1.1252,2.1129,2.88,0.3328,0.0224,0.0119,0.0361,4.3630,ND,0.0088,0.0042,0.0342,0.0005,0.0005,0.0112,0.0163,0.0020,0.0145,0.0019,0,ND,ND,ND,ND,ND,ND,0.0013,ND,0.0012,ND,51.32
7703.07,14,1.83,4.99,33.92,ND,1,1,3.96,0,0,0,0,2.3171,ND,0.0023,0.0022,0.0045,0.0008,0.0004,0.0066,0.0227,0.0019,0.0185,0.0018,ND,ND,ND,ND,ND,ND,ND,0,ND,ND,ND,50.18
7703.50,14,1.63,6.66,35.62,ND,1,2,0.68,0,0,0,0,2.7079,ND,0.0058,0.0026,0.0019,0.0006,0.0006,0.0101,0.0149,0.0019,0.0200,0.0020,ND,ND,ND,ND,ND,ND,0.0005,0.0016,ND,ND,ND,48.65
7704.00,14,1.05,4.51,35.61,ND,1,1,2.05,0,0,0,0,2.4840,ND,0.0047,0.0019,0.0018,0.0012,0.0009,0.0074,0.0186,0.0015,0.0186,0.0018,0.0003,ND,ND,ND,ND,ND,0.0005,0.0012,ND,ND,ND,50.92
7704.50,14,1.22,4.17,30.52,0.3701,1.3245,1.2293,7.39,0.3286,0.0278,0.0201,0.0207,2.5212,ND,0.0067,0.0028,0.0014,0.0007,0.0012,0.0068,0.0309,0.0039,0.0137,0.0013,ND,ND,ND,ND,ND,0.0011,0.0006,0.0012,ND,ND,0.0005,50.79
7705.03,14,2.05,7.86,31.54,ND,1.7333,2.7700,1.03,0.4008,0.0411,0.0177,0.0313,3.5977,ND,0.0142,0.0058,0.2788,0.0010,0.0020,0.0139,0.0144,0.0020,0.0161,0.0025,0.0005,ND,0.0020,ND,ND,0.0033,ND,0.0017,ND,ND,0.0007,48.57
7705.50,14,1.60,6.01,31.54,0.2448,2.0780,2.1057,1.70,0.3590,0.0345,0.0213,0.0188,3.6875,ND,0.0160,0.0057,0.0060,0.0019,0.0029,0.0106,0.0117,0.0019,0.0152,0.0021,0.0008,ND,ND,ND,ND,ND,ND,0.0014,ND,ND,ND,50.53
7705.96,14,2.11,6.94,31.43,ND,1.5663,2.3766,2.44,0.3650,0.0300,0.0158,0.0278,3.7765,ND,0.0107,0.0054,0.0078,0.0008,0.0013,0.0115,0.0153,0.0023,0.0156,0.0019,ND,ND,ND,ND,ND,ND,ND,0.0019,ND,0.0014,ND,48.84
7706.50,14,1.39,6.07,34.38,ND,1.5922,2.1050,0.60,0.3419,0.0274,0.0192,0.0208,3.1301,ND,0.0135,0.0047,0.0086,0.0010,0.0019,0.0106,0.0113,0.0016,0.0147,0.0018,0.0004,ND,ND,ND,ND,ND,0.0005,0.0015,ND,ND,0.0005,50.26
7707.04,14,1.64,7.15,32.27,ND,1.5648,2.6090,0.40,0.4194,0.0429,0.0136,0.0216,3.6531,ND,0.0104,0.0045,0.0039,0.0009,0.0011,0.0142,0.0136,0.0020,0.0150,0.0024,0.0009,ND,ND,ND,ND,0.0012,ND,0.0017,ND,0.0010,ND,50.14
7707.50,14,2.06,6.29,32.90,ND,1.4022,2.1794,1.93,0.3529,0.0212,0.0183,0.0218,3.0813,ND,0.0106,0.0047,0.0237,0.0010,0.0013,0.0105,0.0131,0.0020,0.0142,0.0019,ND,ND,ND,ND,ND,0.0014,ND,0.0015,ND,0.0016,ND,49.66
7708.00,14,1.73,6.58,35.11,ND,1.1298,2.3451,0.52,0.3558,0.0336,0.0122,0.0212,3.0813,ND,0.0081,0.0037,0.0199,0.0009,0.0013,0.0122,0.0125,0.0018,0.0146,0.0020,0.0004,ND,ND,ND,ND,ND,ND,0.0011,ND,ND,0.0005,48.99
7708.52,14,1.99,6.71,32.56,ND,1.4399,2.3927,1.59,0.3661,0.0339,0.0177,0.0289,3.7496,ND,0.0125,0.0050,0.0049,0.0012,0.0015,0.0125,0.0140,0.0020,0.0135,0.0022,0.0006,ND,ND,ND,ND,ND,0.0005,0.0013,ND,0.0010,ND,49.05
7709.04,14,1.23,1.03,12.13,0.0515,0.5897,0.0415,32.46,0.0841,0.0277,0.0076,0.0492,1.7079,ND,0.0016,0.0014,0.0013,0.0005,0.0007,0.0010,0.1216,0.0038,0.0044,ND,0.0005,ND,ND,ND,ND,ND,ND,ND,ND,0.0022,ND,50.46
7709.50,14,2.05,0.83,3.88,0.0887,0.2702,0.0567,40.13,0.1515,0.0687,ND,0.0403,0.8591,ND,0.0021,0.0010,0.0013,ND,0.0003,0.0009,0.1170,0.0006,0.0039,ND,ND,ND,ND,ND,ND,ND,ND,0.0007,ND,0.0026,ND,51.45
7710.00,14,1.65,5.08,29.89,0.2083,1.6345,1.5664,5.89,0.3148,0.0361,0.0209,0.0249,3.1286,ND,0.0082,0.0035,0.0045,0.0010,0.0027,0.0081,0.0330,0.0037,0.0134,0.0016,0.0007,ND,ND,ND,ND,ND,ND,0.0016,ND,ND,0.0008,50.48
7710.52,14,2.06,6.29,31.80,ND,1.3759,2.1775,2.54,0.3592,0.0322,0.0146,0.0279,3.4270,ND,0.0105,0.0048,0.0043,0.0007,0.0013,0.0113,0.0154,0.0018,0.0147,0.0021,ND,ND,ND,ND,ND,0.0012,ND,0.0014,ND,ND,ND,49.83
7711.03,14,1.39,5.94,36.17,ND,1.0854,1.9795,1.19,0.3711,0.0219,0.0094,0.0202,2.4964,ND,0.0054,0.0028,0.0347,0.0007,0.0004,0.0095,0.0144,0.0017,0.0179,0.0020,ND,ND,ND,ND,ND,ND,ND,0.0012,ND,ND,0.0005,49.23
7711.50,14,1.44,1.67,23.19,ND,1.1349,0.1751,21.21,0.1715,0.0187,0.0065,0.0314,2.4806,ND,0.0021,0.0019,0.0032,0.0006,0.0007,0.0021,0.1347,0.0040,0.0104,0.0005,ND,ND,ND,ND,ND,ND,ND,ND,ND,0.0019,ND,48.31
7712.00,14,1.68,6.37,31.93,ND,1.8134,2.1747,2.18,0.3830,0.0323,0.0227,0.0181,3.7516,ND,0.0151,0.0055,0.0082,0.0020,0.0028,0.0113,0.0145,0.0019,0.0163,0.0021,0.0005,ND,ND,ND,ND,ND,ND,0.0017,ND,0.0012,0.0006,49.56
7712.50,14,2.01,6.78,33.15,ND,1.0922,2.4293,1.16,0.3667,0.0363,0.0126,0.0236,3.1365,ND,0.0078,0.0038,0.0037,0.0005,0.0006,0.0130,0.0189,0.0018,0.0153,0.0026,0.0006,ND,ND,ND,ND,0.0014,ND,0.0017,ND,0.0010,ND,49.73
7713.04,14,1.71,5.14,32.03,0.0519,2.0373,1.8656,2.21,0.3448,0.0334,0.0148,0.0205,3.4015,ND,0.0109,0.0045,0.0092,0.0019,0.0018,0.0093,0.0142,0.0018,0.0160,0.0021,0.0007,ND,ND,ND,ND,ND,ND,0.0016,ND,0.0012,ND,51.07
7713.50,14,1.95,6.37,32.60,ND,1.3872,2.2378,1.27,0.3630,0.0361,0.0111,0.0225,3.2666,ND,0.0121,0.0052,0.0336,0.0011,0.0015,0.0117,0.0142,0.0020,0.0161,0.0020,0.0003,ND,ND,ND,ND,0.0017,ND,0.0017,ND,0.0014,ND,50.38
7714.00,14,2.43,6.53,31.53,ND,1.1467,2.2290,2.83,0.3553,0.0378,0.0112,0.0234,3.3806,ND,0.0098,0.0042,0.0092,0.0006,0.0008,0.0111,0.0168,0.0022,0.0152,0.0021,0.0004,ND,ND,ND,ND,ND,ND,0.0016,ND,0.0011,ND,49.42
7714.50,14,1.81,6.92,31.64,ND,1.3642,2.3694,2.06,0.3798,0.0375,0.0123,0.0268,3.4498,ND,0.0142,0.0045,0.0219,0.0008,0.0011,0.0120,0.0152,0.0020,0.0155,0.0025,0.0004,ND,ND,ND,ND,ND,0.0006,0.0019,ND,ND,ND,49.82
7715.04,14,1.32,3.43,26.89,0.1884,0.9712,0.7426,13.27,0.2374,0.0271,0.0116,0.0279,2.1292,ND,0.0049,0.0033,0.0038,0.0008,0.0010,0.0042,0.1317,0.0048,0.0129,0.0010,ND,ND,ND,ND,ND,ND,ND,0.0009,ND,0.0016,ND,50.59
7715.50,14,1.87,6.09,32.06,0.0967,1.5179,2.0570,2.05,0.3648,0.0384,0.0244,0.0221,3.1430,ND,0.0108,0.0044,0.0067,0.0013,0.0027,0.0102,0.0149,0.0021,0.0159,0.0022,0.0008,ND,ND,0.0031,ND,ND,ND,0.0017,ND,ND,ND,50.60
7715.97,14,1.66,5.38,23.28,4.3481,2.0036,1.7396,10.14,0.3236,0.0689,0.0450,0.0262,3.1209,ND,0.0134,0.0054,0.0047,0.0017,0.0027,0.0082,0.0620,0.0301,0.0137,0.0022,ND,ND,ND,ND,ND,ND,ND,0.0010,ND,0.0023,0.0062,47.70
7716.50,14,3.21,4.72,22.96,ND,0.8878,1.3045,10.74,0.2661,0.0241,0.0058,0.0736,5.6336,ND,0.0048,0.0029,0.0032,0.0006,0.0005,0.0067,0.0239,0.0027,0.0136,0.0016,ND,ND,ND,ND,ND,ND,ND,0.0009,ND,ND,ND,50.11
7717.04,14,1.47,6.34,31.17,ND,1.3028,2.0906,3.02,0.4391,0.0324,0.0092,0.0252,2.9585,ND,0.0078,0.0033,0.0019,0.0005,0.0008,0.0104,0.0186,0.0025,0.0208,0.0027,ND,ND,ND,ND,ND,ND,0.0005,0.0019,ND,0.0016,ND,51.07
7717.50,14,1.82,6.98,33.13,ND,1.4599,2.3021,0.92,0.4335,0.0348,0.0125,0.0261,2.8327,ND,0.0063,0.0036,0.0023,0.0009,0.0012,0.0108,0.0165,0.0022,0.0232,0.0025,ND,ND,ND,ND,ND,ND,0.0006,0.0017,ND,0.0014,ND,49.98
7717.97,14,1.26,5.08,33.75,ND,1.7798,1.5345,2.95,0.3459,0.0254,0.0123,0.0202,2.8127,ND,0.0046,0.0026,0.0015,0.0011,0.0011,0.0075,0.0204,0.0018,0.0209,0.0016,ND,ND,ND,ND,ND,ND,0.0005,0.0012,ND,ND,ND,50.35
7718.50,14,1.65,3.95,32.14,0.0344,0.9589,1.0731,7.08,0.2799,0.0255,0.0091,0.0250,2.2478,ND,0.0016,0.0017,0.0011,0.0008,0.0005,0.0053,0.0311,0.0026,0.0132,0.0014,ND,ND,ND,ND,ND,ND,ND,0.0007,ND,0.0016,ND,50.47
7719.06,14,1.67,3.92,32.02,ND,2.3398,1.1081,5.31,0.3039,0.0213,0.0091,0.0240,2.2915,ND,0.0019,0.0016,0.0016,0.0008,0.0006,0.0055,0.0239,0.0015,0.0170,0.0017,ND,ND,ND,ND,ND,ND,ND,0.0010,ND,ND,ND,50.93
7719.52,14,1.76,6.01,26.55,0.2473,1.6751,1.7199,8.01,0.4142,0.0489,0.0267,0.0265,2.9409,ND,0.0085,0.0038,0.0017,0.0010,0.0017,0.0084,0.0320,0.0042,0.0185,0.0024,ND,ND,ND,ND,ND,ND,0.0006,0.0014,ND,0.0011,ND,50.48
7720.01,14,1.75,5.71,31.96,ND,1.4038,1.8301,3.32,0.3716,0.0318,0.0225,0.0188,2.6893,ND,0.0061,0.0033,0.0025,0.0011,0.0017,0.0085,0.0189,0.0021,0.0188,0.0022,0.0004,ND,ND,ND,ND,ND,0.0005,0.0015,ND,ND,0.0007,50.83
7720.50,14,1.80,7.25,31.27,ND,1.1960,2.5662,1.49,0.4540,0.0414,0.0123,0.0273,3.4509,ND,0.0082,0.0041,0.0197,0.0008,0.0010,0.0130,0.0164,0.0025,0.0190,0.0025,0.0005,ND,ND,ND,ND,0.0021,ND,0.0021,ND,0.0018,ND,50.34
7721.08,14,1.74,6.36,32.85,ND,1.8271,2.0510,1.60,0.4108,0.0424,0.0237,0.0213,3.3002,ND,0.0079,0.0039,0.0051,0.0014,0.0018,0.0104,0.0149,0.0022,0.0203,0.0024,0.0007,ND,ND,ND,ND,0.0012,ND,0.0018,ND,ND,0.0007,49.71
7721.50,14,2.15,7.68,29.23,ND,1.6398,2.6660,1.99,0.4053,0.0454,0.0271,0.0315,3.9426,ND,0.0183,0.0068,0.0110,0.0012,0.0024,0.0133,0.0151,0.0033,0.0162,0.0026,0.0008,ND,ND,ND,ND,ND,ND,0.0024,ND,0.0014,0.0008,50.09
7722.05,14,1.98,6.65,34.74,ND,1.2453,2.2545,1.01,0.3897,0.0326,0.0110,0.0241,2.9333,ND,0.0067,0.0033,0.0069,0.0009,0.0006,0.0111,0.0155,0.0023,0.0182,0.0022,ND,ND,ND,ND,ND,ND,ND,0.0013,ND,0.0010,ND,48.66
7722.48,14,1.65,6.09,34.87,ND,1.3771,2.0548,0.65,0.3896,0.0369,0.0173,0.0228,2.9601,ND,0.0079,0.0039,0.0099,0.0009,0.0015,0.0105,0.0135,0.0020,0.0187,0.0026,ND,ND,ND,ND,ND,ND,ND,0.0014,ND,0.0009,ND,49.80
7723.07,14,1.83,6.60,31.75,0.0965,1.9113,2.3383,2.00,0.4063,0.0343,0.0248,0.0252,4.0553,ND,0.0125,0.0055,0.0116,0.0014,0.0024,0.0117,0.0161,0.0022,0.0153,0.0024,0.0008,ND,ND,ND,ND,ND,0.0005,0.0021,ND,ND,ND,48.86
7723.50,14,2.18,7.25,31.77,ND,1.3506,2.5495,1.24,0.4120,0.0235,0.0175,0.0259,3.6023,ND,0.0125,0.0042,0.0106,0.0010,0.0012,0.0129,0.0136,0.0023,0.0159,0.0027,0.0007,ND,ND,ND,ND,ND,0.0008,0.0016,ND,ND,0.0006,49.51
7724.00,14,2.16,6.72,31.73,ND,1.1937,2.2979,1.96,0.3722,0.0393,0.0185,0.0321,3.2925,ND,0.0098,0.0039,0.0163,0.0007,0.0014,0.0113,0.0145,0.0020,0.0157,0.0022,ND,ND,ND,ND,ND,ND,0.0006,0.0018,ND,ND,ND,50.11
7724.50,14,1.71,7.07,33.09,ND,1.8094,2.5645,0.69,0.3943,0.0328,0.0175,0.0269,3.7898,ND,0.0156,0.0045,0.0509,0.0016,0.0013,0.0126,0.0138,0.0016,0.0143,0.0026,0.0006,ND,ND,ND,ND,ND,ND,0.0014,ND,0.0013,ND,48.69
7725.05,14,1.75,6.81,31.85,0.0187,1.4046,2.3170,1.89,0.4002,0.0402,0.0165,0.0274,3.1048,ND,0.0108,0.0035,0.0090,0.0007,0.0018,0.0124,0.0164,0.0022,0.0167,0.0024,0.0009,ND,ND,ND,ND,ND,0.0006,0.0014,ND,0.0009,ND,50.29
7725.50,14,1.68,6.67,32.00,ND,2.4395,2.2942,1.42,0.3798,0.0400,0.0204,0.0294,4.2921,ND,0.0086,0.0044,0.0081,0.0026,0.0032,0.0108,0.0134,0.0018,0.0174,0.0025,0.0004,ND,ND,ND,ND,ND,ND,0.0015,ND,ND,ND,48.67
7726.00,14,1.45,1.05,7.48,0.0590,0.5174,0.0501,36.33,0.0963,0.0317,0.0103,0.0596,1.4931,ND,ND,0.0017,0.0013,0.0006,0.0006,0.0008,0.1335,0.0037,0.0043,0.0008,ND,ND,ND,ND,ND,ND,ND,ND,ND,0.0019,ND,51.22
7726.50,14,1.12,0.51,2.91,2.3715,0.5024,ND,39.23,0.0650,0.0214,0.0062,0.0712,0.8195,ND,ND,0.0012,0.0008,0.0005,0.0004,0.0004,0.1408,0.0036,0.0036,ND,ND,ND,ND,ND,ND,ND,ND,0.0006,ND,0.0032,ND,52.22
7727.10,14,1.61,6.21,31.59,ND,1.5125,1.9747,3.68,0.3786,0.0284,0.0132,0.0355,3.2306,ND,0.0068,0.0031,0.0036,0.0010,0.0011,0.0098,0.0232,0.0025,0.0177,0.0023,ND,ND,ND,ND,ND,ND,ND,0.0015,ND,0.0011,ND,49.66
7727.50,14,1.59,6.34,34.19,ND,1.2624,2.0708,0.95,0.4107,0.0341,0.0136,0.0255,2.8102,ND,0.0070,0.0029,0.0055,0.0007,0.0012,0.0105,0.0154,0.0017,0.0202,0.0023,ND,ND,ND,ND,ND,0.0010,ND,0.0016,ND,0.0015,ND,50.23
7727.99,14,1.60,5.49,33.62,0.0440,1.3846,1.7680,2.49,0.3694,0.0257,0.0119,0.0198,2.6193,ND,0.0044,0.0021,0.0017,0.0014,0.0009,0.0082,0.0187,0.0017,0.0209,0.0020,ND,ND,ND,ND,ND,ND,ND,0.0014,ND,ND,ND,50.49
7728.50,14,1.59,5.41,33.74,ND,1.5767,1.6867,3.18,0.3465,0.0376,0.0176,0.0189,2.6750,ND,0.0066,0.0029,0.0021,0.0012,0.0017,0.0078,0.0193,0.0018,0.0182,0.0019,0.0008,ND,ND,ND,ND,ND,0.0005,0.0013,ND,ND,ND,49.65
7729.07,14,2.23,8.19,29.47,ND,1.6994,2.8445,1.54,0.4352,0.0420,0.0158,0.0348,4.1466,ND,0.0180,0.0054,0.0275,0.0010,0.0014,0.0142,0.0139,0.0022,0.0165,0.0028,0.0008,ND,ND,ND,ND,ND,0.0007,0.0022,ND,0.0010,ND,49.24
7729.50,14,1.82,7.34,30.98,ND,1.9385,2.3824,1.45,0.4425,0.0289,0.0133,0.0240,3.5904,ND,0.0076,0.0037,0.0022,0.0010,0.0011,0.0118,0.0155,0.0025,0.0192,0.0024,0.0005,ND,ND,ND,ND,ND,ND,0.0015,ND,0.0014,ND,49.92
7730.04,14,1.22,2.19,23.15,0.0585,0.6795,0.2975,19.19,0.2041,0.0252,0.0090,0.0423,2.1472,ND,ND,0.0016,0.0007,0.0004,0.0004,0.0021,0.0843,0.0041,0.0139,0.0010,ND,ND,ND,ND,ND,ND,ND,0.0006,ND,0.0012,ND,50.68
7730.52,14,1.40,6.12,32.92,ND,1.5088,1.9972,1.74,0.4171,0.0317,0.0153,0.0211,2.9995,ND,0.0046,0.0031,0.0020,0.0017,0.0010,0.0099,0.0178,0.0017,0.0228,0.0027,ND,ND,ND,ND,ND,0.0014,ND,0.0016,ND,0.0010,ND,50.76
7731.07,14,2.67,4.54,22.55,ND,0.9737,1.1436,11.05,0.3106,0.0272,0.0127,0.0712,5.3568,ND,0.0033,0.0019,0.0014,0.0009,0.0009,0.0056,0.0223,0.0021,0.0157,0.0014,ND,ND,ND,ND,ND,ND,ND,0.0008,ND,ND,ND,51.23
7731.50,14,3.40,3.89,20.42,ND,0.9240,0.8872,13.18,0.2590,0.0226,0.0066,0.0887,5.9510,ND,0.0023,0.0021,0.0014,0.0007,0.0007,0.0049,0.0227,0.0022,0.0143,0.0011,0.0004,ND,ND,ND,ND,ND,ND,0.0010,ND,ND,ND,50.91
7732.00,14,1.85,5.01,27.84,0.0939,1.4368,1.4756,7.87,0.3310,0.0410,0.0172,0.0252,2.9534,ND,0.0046,0.0034,0.0016,0.0009,0.0014,0.0076,0.0317,0.0030,0.0151,0.0014,0.0005,ND,ND,ND,ND,ND,ND,0.0012,ND,0.0011,0.0010,50.99
7732.54,14,1.20,1.08,13.14,0.0432,0.3690,0.0395,32.84,0.0934,0.0152,0.0072,0.0482,1.4061,ND,ND,0.0016,0.0028,0.0005,0.0005,0.0006,0.1451,0.0048,0.0065,ND,ND,ND,ND,ND,ND,ND,ND,ND,ND,0.0023,ND,49.56
7733.04,14,1.76,5.81,30.82,0.0856,1.5371,1.7324,4.30,0.3684,0.0282,0.0114,0.0246,2.9542,ND,0.0076,0.0035,0.0051,0.0011,0.0009,0.0089,0.0260,0.0036,0.0177,0.0019,0.0004,ND,ND,ND,ND,ND,0.0005,0.0015,ND,0.0012,ND,50.49
7733.53,14,1.62,6.33,33.66,ND,1.5642,2.1100,0.89,0.4058,0.0410,0.0182,0.0215,3.2305,ND,0.0072,0.0042,0.0063,0.0015,0.0014,0.0108,0.0129,0.0024,0.0193,0.0021,0.0003,ND,ND,0.0026,ND,ND,ND,0.0017,ND,ND,ND,50.04
7734.10,14,1.94,7.45,31.61,ND,1.7075,2.5700,0.85,0.4022,0.0404,0.0262,0.0214,3.5817,ND,0.0149,0.0063,0.0670,0.0017,0.0032,0.0127,0.0115,0.0027,0.0166,0.0025,0.0004,ND,ND,ND,ND,0.0018,ND,0.0019,ND,0.0012,0.0006,49.66
7734.50,14,1.95,6.78,29.63,ND,1.4116,2.4750,2.13,0.4059,0.0279,0.0148,0.0294,3.5918,ND,0.0087,0.0048,0.0105,0.0010,0.0010,0.0122,0.0148,0.0026,0.0164,0.0023,0.0007,ND,ND,ND,ND,ND,ND,0.0014,ND,0.0011,ND,51.47
7735.04,14,1.77,6.09,28.70,0.1163,1.4190,1.9924,5.75,0.3631,0.0350,0.0204,0.0255,3.1530,ND,0.0111,0.0040,0.0038,0.0013,0.0015,0.0107,0.0213,0.0036,0.0153,0.0022,0.0010,ND,ND,ND,ND,ND,ND,0.0010,ND,ND,0.0013,50.49
7735.50,14,1.94,7.54,31.63,ND,1.5613,2.6005,0.58,0.4008,0.0528,0.0250,0.0270,3.5480,ND,0.0102,0.0050,0.0052,0.0014,0.0032,0.0133,0.0118,0.0022,0.0173,0.0026,0.0007,ND,ND,ND,ND,0.0011,ND,0.0020,ND,0.0013,ND,50.03
7736.00,14,1.71,7.07,30.61,ND,2.1441,2.4343,1.65,0.3837,0.0643,0.0309,0.0209,3.8316,ND,0.0163,0.0055,0.0366,0.0019,0.0046,0.0120,0.0123,0.0022,0.0155,0.0022,0.0044,ND,ND,ND,ND,ND,0.0005,0.0015,ND,ND,0.0011,49.93
7736.50,14,1.65,6.83,32.33,ND,1.8811,2.3028,0.69,0.3862,0.0390,0.0147,0.0214,3.7622,ND,0.0109,0.0041,0.0133,0.0014,0.0013,0.0117,0.0128,0.0022,0.0178,0.0023,0.0005,ND,ND,ND,ND,0.0018,ND,0.0016,ND,0.0009,ND,50.01
7737.04,14,1.77,3.94,23.47,0.1788,1.0080,0.9859,15.53,0.2864,0.0507,0.0174,0.0300,2.4126,ND,0.0051,0.0027,0.0039,0.0007,0.0013,0.0056,0.0622,0.0053,0.0116,0.0014,ND,ND,ND,ND,ND,ND,0.0006,0.0014,ND,ND,0.0008,50.22
7737.50,14,1.83,5.99,30.05,ND,2.3308,1.9950,2.71,0.3807,0.0570,0.0235,0.0205,3.3728,ND,0.0100,0.0042,0.0096,0.0015,0.0030,0.0097,0.0155,0.0019,0.0163,0.0023,0.0019,ND,ND,ND,ND,ND,ND,0.0019,ND,ND,0.0006,51.16
7738.00,14,1.90,6.31,30.21,ND,1.7036,2.0150,2.18,0.4114,0.0432,0.0147,0.0251,3.3661,ND,0.0097,0.0044,0.0110,0.0015,0.0018,0.0098,0.0156,0.0023,0.0195,0.0024,ND,ND,ND,ND,ND,ND,ND,0.0011,ND,ND,0.0007,51.75
7738.50,14,1.65,6.98,32.61,ND,1.6222,2.2710,0.54,0.4207,0.0368,0.0122,0.0196,2.9565,ND,0.0075,0.0031,0.0049,0.0010,0.0009,0.0112,0.0139,0.0023,0.0221,0.0026,ND,ND,ND,ND,ND,0.0012,0.0005,0.0015,ND,0.0013,ND,50.80
7739.06,14,1.28,4.92,29.37,0.0626,1.6567,1.3865,7.17,0.3544,0.0276,0.0144,0.0217,2.9268,ND,0.0059,0.0032,0.0018,0.0012,0.0016,0.0074,0.0291,0.0035,0.0170,0.0020,0.0003,ND,ND,ND,ND,ND,ND,0.0016,ND,0.0015,0.0009,50.73
7739.50,14,1.61,4.46,33.87,ND,1.8013,1.3770,2.90,0.3222,0.0289,0.0088,0.0175,2.4560,ND,0.0048,0.0023,0.0018,0.0010,0.0013,0.0066,0.0166,0.0022,0.0189,0.0017,0.0011,ND,ND,ND,ND,ND,ND,0.0011,ND,0.0010,ND,51.10
7740.00,14,1.72,7.52,31.48,ND,1.7922,2.6049,0.79,0.4367,0.0390,0.0190,0.0208,3.6220,ND,0.0115,0.0056,0.0037,0.0017,0.0018,0.0121,0.0143,0.0023,0.0206,0.0026,0.0005,ND,ND,ND,ND,ND,ND,0.0016,ND,0.0012,0.0011,49.87
7740.50,14,1.61,6.43,31.57,ND,2.2008,2.1048,1.06,0.4241,0.0427,0.0102,0.0227,2.6965,ND,0.0061,0.0038,0.0034,0.0010,0.0007,0.0101,0.0145,0.0023,0.0217,0.0023,ND,ND,ND,ND,ND,ND,0.0005,0.0011,ND,0.0012,ND,51.76
7741.04,14,1.46,5.41,32.79,ND,1.2817,1.7470,2.15,0.3890,0.0410,0.0133,0.0214,2.6527,ND,0.0063,0.0027,0.0047,0.0010,0.0014,0.0088,0.0153,0.0023,0.0220,0.0023,ND,ND,ND,ND,ND,ND,0.0005,0.0012,ND,ND,ND,51.98
7741.50,14,1.36,5.07,28.86,ND,2.4123,1.5391,4.10,0.3518,0.0369,0.0176,0.0190,3.6033,ND,0.0101,0.0033,0.0109,0.0013,0.0024,0.0083,0.0202,0.0027,0.0182,0.0018,0.0028,ND,ND,ND,ND,ND,ND,0.0016,ND,0.0011,0.0008,52.55
7742.00,14,1.79,7.32,30.58,ND,1.5186,2.5346,1.14,0.4088,0.0410,0.0125,0.0228,3.3178,ND,0.0087,0.0052,0.0082,0.0012,0.0014,0.0130,0.0137,0.0026,0.0185,0.0020,ND,ND,ND,ND,ND,0.0015,ND,0.0015,ND,ND,0.0006,51.24
7742.50,14,1.62,5.91,34.16,ND,1.4091,1.9727,0.91,0.3768,0.0342,0.0085,0.0228,2.7347,ND,0.0068,0.0044,0.0067,0.0011,0.0012,0.0101,0.0130,0.0022,0.0202,0.0021,0.0006,ND,ND,ND,ND,ND,0.0004,0.0016,ND,ND,ND,50.77
7743.04,14,1.93,7.22,32.46,ND,1.6089,2.5662,0.39,0.4022,0.0427,0.0182,0.0264,3.7489,ND,0.0127,0.0063,0.0099,0.0016,0.0022,0.0131,0.0121,0.0024,0.0165,0.0024,0.0004,ND,ND,ND,ND,ND,0.0005,0.0019,ND,ND,0.0006,49.50
7743.50,14,1.98,7.26,33.06,ND,1.8131,2.5920,0.36,0.4158,0.0371,0.0168,0.0199,3.4792,ND,0.0113,0.0054,0.0266,0.0015,0.0021,0.0128,0.0123,0.0025,0.0168,0.0023,0.0004,ND,ND,ND,ND,0.0015,ND,0.0018,ND,0.0016,0.0005,48.86
7744.00,14,1.72,6.40,31.81,ND,1.6164,2.1745,0.75,0.3986,0.0408,0.0176,0.0197,3.2477,ND,0.0104,0.0060,0.0210,0.0011,0.0023,0.0115,0.0125,0.0021,0.0160,0.0021,0.0005,ND,ND,ND,ND,ND,0.0007,0.0017,ND,0.0009,0.0008,51.72
7744.50,14,1.56,5.93,29.71,ND,3.2913,1.9509,2.20,0.3628,0.0472,0.0246,0.0134,3.9980,ND,0.0184,0.0072,0.0373,0.0022,0.0049,0.0096,0.0150,0.0022,0.0154,0.0018,0.0060,ND,ND,ND,ND,ND,ND,0.0016,ND,0.0011,0.0013,50.79
7745.05,14,1.74,0.96,13.91,0.0450,0.6114,0.0365,31.38,0.1053,0.0149,ND,0.0325,1.7453,ND,ND,0.0013,0.0015,0.0005,0.0004,0.0006,0.1809,0.0058,0.0092,ND,ND,ND,ND,ND,ND,ND,ND,ND,ND,0.0031,ND,49.22
7745.50,14,1.51,6.14,32.51,ND,1.6260,1.9702,2.52,0.3494,0.0371,0.0100,0.0185,2.8319,ND,0.0087,0.0036,0.0057,0.0012,0.0008,0.0101,0.0290,0.0017,0.0153,0.0020,0.0004,ND,ND,ND,ND,0.0013,ND,0.0014,ND,ND,ND,50.40
7746.00,14,1.29,4.17,29.02,ND,1.2611,1.2100,7.91,0.2820,0.0247,0.0101,0.0130,2.3848,ND,0.0090,0.0034,0.0026,0.0009,0.0008,0.0080,0.0498,0.0015,0.0131,0.0016,0.0005,ND,ND,ND,ND,ND,ND,0.0013,ND,0.0014,ND,52.33
7746.50,14,0.97,0.68,4.55,0.1035,0.2540,0.0192,40.05,0.0732,0.0272,ND,0.0313,1.0099,ND,ND,0.0016,0.0017,ND,0.0004,0.0004,0.1242,0.0031,0.0039,ND,ND,ND,ND,ND,ND,ND,ND,0.0009,ND,0.0026,ND,52.09
7747.05,14,2.44,3.01,18.44,ND,0.9274,0.6046,20.12,0.1831,0.0153,0.0055,0.0415,3.9190,ND,0.0032,0.0031,0.0035,0.0010,0.0006,0.0039,0.1177,0.0028,0.0090,0.0009,ND,ND,ND,ND,ND,ND,ND,0.0007,ND,0.0027,ND,50.15
7747.50,14,1.71,5.96,31.94,ND,1.0874,2.0690,2.44,0.3687,0.0340,0.0097,0.0241,2.9396,ND,0.0063,0.0039,0.0040,0.0009,0.0006,0.0107,0.0155,0.0020,0.0148,0.0019,ND,ND,ND,ND,ND,ND,ND,0.0012,ND,ND,ND,51.36
7748.00,14,1.55,6.35,33.44,0.1646,1.6093,2.2181,0.60,0.3689,0.0357,0.0130,0.0179,3.0018,ND,0.0093,0.0048,0.0058,0.0014,0.0019,0.0110,0.0109,0.0017,0.0162,0.0022,0.0006,ND,ND,ND,ND,ND,0.0005,0.0014,ND,0.0011,0.0006,50.56
7748.49,14,1.64,6.04,29.36,ND,3.2450,2.0072,2.46,0.3585,0.0519,0.0215,0.0149,3.4988,ND,0.0149,0.0058,0.0386,0.0018,0.0043,0.0102,0.0152,0.0020,0.0144,0.0021,0.0050,ND,ND,ND,ND,ND,0.0006,0.0019,ND,0.0012,0.0011,51.17
7749.05,14,1.61,5.86,32.62,ND,1.9610,1.9709,1.31,0.3330,0.0351,0.0148,0.0190,3.4747,ND,0.0167,0.0056,0.0102,0.0017,0.0021,0.0102,0.0121,0.0027,0.0147,0.0021,0.0009,ND,ND,ND,ND,0.0015,ND,0.0014,ND,ND,0.0006,50.70
7749.50,14,1.90,6.43,31.52,ND,2.2140,2.1435,2.18,0.3531,0.0602,0.0255,0.0171,3.8256,ND,0.0150,0.0061,0.0286,0.0018,0.0045,0.0109,0.0145,0.0024,0.0154,0.0022,0.0042,ND,ND,ND,ND,ND,ND,0.0014,ND,ND,0.0008,49.22
7750.00,14,1.65,6.83,32.36,ND,1.3505,2.3105,1.34,0.3679,0.0436,0.0152,0.0259,3.1561,ND,0.0084,0.0043,0.0121,0.0007,0.0014,0.0116,0.0162,0.0024,0.0166,0.0023,ND,ND,ND,ND,ND,ND,ND,0.0017,ND,ND,ND,50.47
7750.50,14,1.67,6.48,31.04,ND,2.2014,2.1910,1.44,0.3772,0.0475,0.0249,0.0153,3.5903,ND,0.0175,0.0084,0.0221,0.0019,0.0046,0.0109,0.0135,0.0025,0.0171,0.0021,0.0044,ND,ND,ND,ND,ND,ND,0.0018,ND,ND,0.0010,50.81
7751.04,14,1.24,4.16,37.27,ND,1.1181,1.2465,1.53,0.2839,0.0117,0.0112,0.0139,1.9541,ND,0.0030,0.0022,0.0052,0.0006,0.0005,0.0062,0.0212,0.0018,0.0157,0.0014,ND,ND,ND,ND,ND,ND,ND,0.0009,ND,0.0009,ND,51.11
7751.50,14,1.43,4.88,35.28,ND,1.6177,1.5018,1.43,0.3037,0.0249,0.0081,0.0182,2.2612,ND,0.0061,0.0027,0.0300,0.0007,0.0005,0.0069,0.0196,0.0019,0.0172,0.0017,ND,ND,ND,ND,ND,ND,ND,0.0011,ND,ND,ND,51.16
7752.00,14,1.80,6.51,33.55,ND,1.6473,2.1005,0.45,0.3655,0.0459,0.0082,0.0163,2.7282,ND,0.0083,0.0039,0.0060,0.0008,0.0009,0.0097,0.0168,0.0021,0.0183,0.0022,0.0004,ND,ND,ND,ND,ND,ND,0.0015,ND,0.0009,ND,50.69
7752.50,14,1.51,6.70,30.09,ND,2.5798,2.1902,2.23,0.3562,0.0503,0.0248,0.0170,4.2991,ND,0.0223,0.0076,0.0250,0.0023,0.0064,0.0108,0.0142,0.0025,0.0169,0.0022,0.0058,ND,ND,ND,ND,0.0013,ND,0.0015,ND,0.0011,0.0011,49.84
7753.04,14,1.90,7.89,31.32,ND,2,3,0.54,0.4161,0.0424,0.0139,0.0227,3.2926,ND,0.0100,0.0037,0.0127,0.0011,0.0013,0.0130,0.0150,0.0027,0.0190,0.0025,0.0007,ND,ND,ND,ND,ND,0,0,ND,0.0010,ND,49.94
7753.50,14,1.86,5.57,27.55,0.7305,1.3988,1.6853,6.46,0.3530,0.0584,0.0270,0.0212,3.0495,ND,0.0102,0.0043,0.0074,0.0013,0.0028,0.0090,0.0259,0.0089,0.0157,0.0019,0.0010,ND,ND,ND,ND,ND,0,0,ND,ND,0,51.15
7754.00,14,1.85,5.91,31.89,ND,1.4595,2.0023,2.20,0.3705,0.0360,0.0143,0.0196,2.9426,ND,0.0090,0.0043,0.0140,0.0010,0.0012,0.0099,0.0155,0.0036,0.0192,0.0022,0.0006,ND,ND,ND,ND,0.0012,ND,0.0014,ND,0.0012,0.0006,51.22
7754.50,14,1.56,6.28,34.98,ND,1.8710,2.1635,0.82,0.3799,0.0303,0.0109,0.0209,2.8597,ND,0.0083,0.0036,0.0052,0.0008,0.0008,0.0101,0.0156,0.0022,0.0203,0.0021,0.0003,ND,ND,ND,ND,ND,ND,0.0014,ND,0.0011,ND,48.96
7755.04,14,1.75,4.90,34.72,ND,2.6786,1.6019,2.44,0.3381,0.0379,0.0181,0.0141,3.1458,ND,0.0077,0.0033,0.0040,0.0011,0.0022,0.0074,0.0180,0.0020,0.0180,0.0021,0.0014,ND,ND,ND,ND,ND,ND,0.0012,ND,ND,0.0007,48.29
7755.50,14,1.76,8.04,31.25,ND,1.6912,2.8770,1.05,0.4203,0.0403,0.0233,0.0275,3.6346,ND,0.0136,0.0068,0.0280,0.0014,0.0026,0.0139,0.0139,0.0025,0.0173,0.0025,0.0005,ND,ND,ND,ND,ND,ND,0.0017,ND,0.0016,ND,49.08
7756.00,14,1.47,6.34,34.47,ND,1.4530,2.1585,0.87,0.3913,0.0264,0.0114,0.0207,2.7028,ND,0.0083,0.0029,0.0230,0.0006,0.0009,0.0106,0.0152,0.0020,0.0188,0.0020,ND,ND,ND,ND,ND,0.0013,ND,0.0015,ND,ND,ND,49.99
7756.50,14,2.05,7.79,31.14,ND,1.6047,2.8663,0.57,0.4287,0.0377,0.0176,0.0292,3.6606,ND,0.0125,0.0067,0.0187,0.0015,0.0021,0.0142,0.0135,0.0020,0.0163,0.0025,0.0004,ND,ND,ND,ND,ND,0.0007,0.0018,ND,0.0011,ND,49.71
7757.04,14,1.64,6.87,32.30,ND,1.6289,2.4076,1.21,0.3774,0.0250,0.0202,0.0197,3.1753,ND,0.0120,0.0049,0.0296,0.0010,0.0021,0.0114,0.0134,0.0017,0.0167,0.0023,0.0005,ND,ND,ND,ND,ND,ND,0.0017,ND,ND,ND,50.23
7757.50,14,1.55,3.96,18.37,0.7211,1.1176,1.0632,17.90,0.3837,0.0310,0.0105,0.0313,2.9697,ND,0.0050,0.0035,0.0030,0.0010,0.0012,0.0094,0.0555,0.0054,0.0171,0.0019,0.0005,ND,ND,ND,ND,ND,ND,0.0010,ND,0.0019,ND,51.79
7758.00,14,1.84,0.35,3.28,0.1396,0.2013,ND,41.21,0.0877,0.0184,ND,0.0262,0.7251,ND,ND,ND,0.0007,0.0004,0.0002,ND,0.0960,0.0010,0.0038,ND,ND,ND,ND,ND,ND,ND,ND,ND,ND,0.0017,ND,52.02
7758.50,14,1.84,1.14,8.64,0.0461,1.2781,0.0884,30.40,0.6711,0.4350,ND,0.0857,3.3301,ND,ND,ND,ND,0.0018,ND,ND,2.6967,ND,0.0378,0.0031,ND,ND,ND,ND,ND,ND,ND,ND,ND,0.0123,ND,49.30
7759.06,14,1.46,0.49,2.94,0.0687,0.3696,0.0147,41.37,0.0985,0.0147,0.0088,0.0225,0.8013,ND,ND,0.0014,0.0010,ND,0.0005,0.0006,0.0523,0.0007,0.0021,ND,ND,ND,ND,ND,ND,ND,ND,0.0006,ND,0.0016,ND,52.28
7759.50,14,1.71,4.11,20.69,1.3796,1.7203,1.0556,17.55,0.2366,0.0404,0.0164,0.0203,2.3853,ND,0.0048,0.0026,0.0020,0.0011,0.0014,0.0047,0.2420,0.0076,0.0132,0.0013,ND,ND,ND,ND,ND,ND,ND,0.0006,ND,0.0032,0.0014,48.80
7760.00,14,1.28,2.39,20.75,4.0345,1.1945,0.4586,18.33,0.1698,0.0181,0.0123,0.0148,1.7409,ND,0.0030,0.0017,0.0011,0.0008,0.0007,0.0030,0.1063,0.0105,0.0105,0.0011,ND,ND,ND,ND,ND,0.0016,ND,0.0006,ND,0.0037,0.0011,49.46
7760.50,14,1.73,4.20,24.09,ND,0.9890,1.0271,12.75,0.3068,0.0241,0.0183,0.0333,3.5123,ND,0.0090,0.0028,0.0021,0.0007,0.0017,0.0066,0.0438,0.0017,0.0131,0.0015,0.0004,ND,ND,ND,ND,ND,ND,0.0012,ND,ND,ND,51.23
7761.05,14,2.04,2.87,21.98,ND,0.8606,0.5473,19.09,0.1998,0.0243,0.0123,0.0320,2.7732,ND,0.0030,0.0020,0.0013,0.0006,0.0009,0.0035,0.0880,0.0017,0.0094,0.0013,0.0005,ND,ND,ND,ND,ND,0.0005,0.0006,ND,0.0015,ND,49.45
7761.50,14,1.04,5.11,35.96,ND,1.0953,1.7070,1.04,0.3378,0.0243,0.0177,0.0162,2.1852,ND,0.0046,0.0030,0.0017,0.0008,0.0015,0.0087,0.0169,0.0009,0.0168,0.0019,ND,ND,ND,ND,ND,ND,ND,0.0010,ND,ND,0.0005,51.40
7762.00,14,1.39,4.65,34.01,ND,1.1830,1.4125,4.52,0.3034,0.0210,0.0121,0.0141,2.1592,ND,0.0053,0.0033,0.0018,0.0008,0.0010,0.0072,0.0374,0.0014,0.0123,0.0017,ND,ND,ND,ND,ND,ND,ND,0.0009,ND,0.0013,ND,50.25
7762.50,14,1.18,2.54,22.82,0.4710,1.1198,0.5431,19.29,0.1802,0.0332,0.0105,0.0196,1.9123,ND,0.0041,0.0016,0.0013,0.0006,0.0009,0.0033,0.0835,0.0049,0.0084,0.0007,0.0004,ND,ND,ND,ND,ND,0.0006,0.0008,ND,0.0018,ND,49.77
7763.05,14,1.67,5.32,34.23,ND,1.1624,1.7306,2.11,0.3226,0.0275,0.0113,0.0165,2.5798,ND,0.0084,0.0039,0.0021,0.0009,0.0011,0.0090,0.0142,0.0013,0.0154,0.0018,ND,ND,ND,ND,ND,ND,ND,0.0010,ND,ND,ND,50.76
7763.50,14,1.50,5.49,33.55,ND,1.3846,1.7402,2.13,0.3315,0.0266,0.0119,0.0139,2.5950,ND,0.0082,0.0036,0.0016,0.0009,0.0011,0.0089,0.0145,0.0013,0.0138,0.0020,ND,ND,ND,ND,ND,ND,ND,0.0009,ND,0.0013,ND,51.17
7764.00,14,1.44,4.90,35.52,ND,0.9591,1.6309,0.89,0.3075,0.0231,0.0157,0.0127,2.2785,ND,0.0084,0.0033,0.0021,0.0009,0.0017,0.0085,0.0109,0.0011,0.0130,0.0019,ND,ND,ND,ND,ND,ND,0.0005,0.0011,ND,ND,ND,51.96
7764.50,14,1.03,3.99,33.10,0.4168,1.5471,1.2868,3.35,0.2602,0.0205,0.0162,0.0135,2.3971,ND,0.0090,0.0039,0.0014,0.0011,0.0017,0.0073,0.0199,0.0012,0.0112,0.0013,ND,ND,ND,ND,ND,ND,ND,0.0012,ND,0.0011,ND,52.52
7765.04,14,1.69,5.11,34.05,0.1474,1.2660,1.6032,3.41,0.3066,0.0247,0.0174,0.0156,2.3312,ND,0.0085,0.0037,0.0016,0.0007,0.0019,0.0081,0.0213,0.0022,0.0131,0.0017,ND,ND,ND,ND,ND,ND,ND,0.0015,ND,ND,ND,49.96
7765.50,14,1.60,5.51,35.19,ND,1.3245,1.7541,1.10,0.3616,0.0242,0.0128,0.0163,2.3430,ND,0.0080,0.0041,0.0020,0.0006,0.0012,0.0086,0.0107,0.0011,0.0156,0.0020,0.0004,ND,ND,ND,ND,ND,ND,0.0014,ND,ND,ND,50.69
7766.00,14,1.55,3.87,30.65,0.7696,1.0408,1.1268,9.09,0.2406,0.0344,0.0197,0.0187,2.0202,ND,0.0070,0.0029,0.0015,0.0006,0.0015,0.0059,0.0470,0.0057,0.0101,0.0013,ND,ND,ND,ND,ND,ND,ND,0.0010,ND,ND,0.0009,49.49
7766.50,14,1.26,5.07,32.55,0.0403,1.3636,1.6772,3.68,0.3287,0.0325,0.0176,0.0140,2.5420,ND,0.0062,0.0038,0.0015,0.0007,0.0014,0.0089,0.0241,0.0017,0.0161,0.0020,0.0004,ND,ND,ND,ND,ND,ND,0.0011,ND,0.0014,ND,51.35
7767.05,14,1.64,5.66,32.42,ND,1.1902,1.9267,2.81,0.3537,0.0388,0.0159,0.0184,2.5450,ND,0.0053,0.0035,0.0021,0.0005,0.0010,0.0109,0.0186,0.0013,0.0155,0.0022,ND,ND,ND,ND,ND,ND,0.0005,0.0014,ND,ND,ND,51.31
7767.50,14,1.19,4.85,32.64,ND,1.2798,1.4466,2.95,0.3491,0.0319,0.0167,0.0168,2.4037,ND,0.0044,0.0029,0.0019,0.0006,0.0009,0.0085,0.0164,0.0014,0.0169,0.0021,ND,ND,ND,ND,ND,ND,ND,0.0015,ND,ND,ND,52.77
7768.00,14,1.60,4.78,33.19,ND,1.5668,1.5181,3.70,0.3109,0.0273,0.0152,0.0156,2.5857,ND,0.0051,0.0034,0.0016,0.0009,0.0017,0.0075,0.0199,0.0017,0.0141,0.0020,0.0004,ND,ND,ND,ND,0.0011,ND,0.0011,ND,0.0017,ND,50.63
7768.50,14,1.49,6.14,29.83,0.4108,1.4164,2.0618,2.88,0.3873,0.0297,0.0380,0.0145,2.7383,ND,0.0118,0.0051,0.0082,0.0010,0.0028,0.0110,0.0137,0.0025,0.0224,0.0024,0.0005,ND,ND,ND,ND,ND,ND,0.0017,ND,ND,ND,52.48
7769.07,14,1.46,5.65,33.71,ND,1.8259,1.8259,1.14,0.3338,0.0326,0.0104,0.0139,2.6581,ND,0.0101,0.0039,0.0052,0.0010,0.0011,0.0086,0.0118,0.0013,0.0159,0.0017,ND,ND,ND,ND,ND,ND,0.0004,0.0010,ND,ND,ND,51.28
7769.50,14,1.33,6.35,34.16,ND,1.7848,2.0590,0.70,0.3656,0.0208,0.0106,0.0168,2.7132,ND,0.0057,0.0037,0.0075,0.0008,0.0009,0.0103,0.0124,0.0014,0.0178,0.0021,ND,ND,ND,ND,ND,ND,0.0005,0.0013,ND,0.0018,ND,50.43
7770.00,14,1.50,5.81,33.84,ND,1.4853,1.9486,1.08,0.3463,0.0327,0.0207,0.0172,2.8041,ND,0.0075,0.0036,0.0101,0.0010,0.0021,0.0101,0.0113,0.0012,0.0155,0.0020,ND,ND,ND,ND,ND,0.0013,ND,0.0018,ND,ND,ND,51.04
7770.55,14,1.60,6.02,32.79,ND,1.4255,2.0501,1.67,0.3347,0.0304,0.0237,0.0150,2.8173,ND,0.0096,0.0042,0.0123,0.0012,0.0024,0.0102,0.0112,0.0013,0.0141,0.0019,0.0004,ND,ND,ND,ND,ND,0.0005,0.0015,ND,ND,ND,51.16
7771.04,14,1.61,6.25,31.87,ND,2.1460,2.1770,0.54,0.3576,0.0290,0.0129,0.0132,2.6209,ND,0.0071,0.0039,0.0103,0.0009,0.0014,0.0101,0.0129,0.0012,0.0176,0.0025,0.0004,ND,ND,ND,ND,ND,ND,0.0013,ND,0.0016,ND,52.30
7771.50,14,1.80,6.06,32.04,ND,2.0280,1.8474,2.76,0.3058,0.0218,0.0099,0.0196,2.8188,ND,0.0048,0.0036,0.0052,0.0005,0.0008,0.0083,0.0192,0.0013,0.0141,0.0016,0.0004,ND,ND,ND,ND,0.0011,ND,0.0009,ND,ND,ND,50.23
7772.00,14,1.51,6.70,32.51,ND,2.1800,2.1257,1.50,0.3332,0.0255,0.0112,0.0138,2.3281,ND,0.0049,0.0030,0.0017,0.0005,0.0006,0.0078,0.0251,0.0014,0.0163,0.0015,ND,ND,ND,ND,ND,ND,ND,0.0011,ND,ND,ND,50.70
7772.50,14,1.44,4.94,33.67,0.1645,1.2243,1.6099,2.53,0.3292,0.0255,0.0111,0.0165,2.2335,ND,0.0046,0.0033,0.0020,0.0009,0.0011,0.0083,0.0165,0.0011,0.0181,0.0021,ND,ND,ND,ND,ND,ND,ND,0.0011,ND,0.0009,ND,51.75
7773.05,14,1.60,5.84,33.30,0.0617,1.9197,1.9087,1.54,0.3528,0.0268,0.0119,0.0162,2.4064,ND,0.0054,0.0034,0.0016,0.0008,0.0012,0.0091,0.0162,0.0010,0.0186,0.0019,ND,ND,ND,ND,ND,0.0012,ND,0.0013,ND,ND,ND,50.96
7773.50,14,1.28,5.62,33.52,ND,0.9567,1.8231,2.14,0.3479,0.0273,0.0210,0.0138,2.1840,ND,0.0084,0.0029,0.0032,0.0004,0.0014,0.0090,0.0138,0.0012,0.0142,0.0021,ND,ND,ND,ND,ND,ND,ND,0.0016,ND,ND,ND,52.01
7774.00,14,1.89,7.52,30.69,0.0524,2.0265,2.6704,0.80,0.3836,0.0361,0.0184,0.0214,2.9172,ND,0.0056,0.0042,0.0059,0.0009,0.0010,0.0117,0.0152,0.0012,0.0175,0.0023,0.0003,ND,ND,ND,ND,ND,0.0005,0.0011,ND,0.0014,ND,50.90
7774.50,14,0.82,0.51,2.42,0.0777,0.3576,ND,41.03,0.0687,0.0216,ND,0.0149,0.6330,ND,ND,ND,0.0013,ND,0.0005,0.0005,0.0572,0.0005,0.0023,ND,ND,ND,ND,ND,ND,ND,ND,0.0005,ND,0.0018,ND,53.99
7775.07,14,1.63,5.67,34.16,ND,1.3677,1.8388,1.31,0.3590,0.0228,0.0160,0.0126,2.2983,ND,0.0080,0.0037,0.0067,0.0009,0.0014,0.0090,0.0123,0.0015,0.0180,0.0019,ND,ND,ND,ND,ND,0.0013,ND,0.0010,ND,0.0009,ND,51.24
7775.48,14,1.69,6.25,33.21,ND,1.1819,2.1975,1.06,0.3916,0.0308,0.0115,0.0183,2.8005,ND,0.0061,0.0041,0.0075,0.0008,0.0009,0.0112,0.0128,0.0013,0.0175,0.0022,ND,ND,ND,ND,ND,ND,ND,0.0010,ND,ND,ND,51.10
7776.02,14,1.22,4.18,27.44,1.6528,1.6682,1.2045,8.00,0.2776,0.0291,0.0172,0.0161,2.6601,ND,0.0063,0.0029,0.0155,0.0011,0.0017,0.0072,0.0390,0.0039,0.0126,0.0017,ND,ND,ND,ND,ND,ND,ND,0.0013,ND,ND,ND,51.54
7776.50,14,1.46,5.31,33.38,ND,1.1026,1.7406,2.36,0.3384,0.0184,0.0152,0.0166,2.5479,ND,0.0073,0.0046,0.0154,0.0007,0.0010,0.0095,0.0151,0.0015,0.0148,0.0018,ND,ND,ND,ND,ND,ND,ND,0.0011,ND,ND,ND,51.64
7777.05,14,1.19,4.55,29.71,1.6418,1.5955,1.5353,3.79,0.3183,0.0236,0.0198,0.0167,2.6281,ND,0.0080,0.0041,0.0247,0.0009,0.0018,0.0090,0.0165,0.0042,0.0141,0.0020,0.0003,ND,ND,ND,ND,ND,ND,0.0012,ND,ND,0.0011,52.90
7777.50,14,1.54,6.08,32.53,ND,1.9258,2.0314,1.16,0.3278,0.0232,0.0108,0.0151,2.5415,ND,0.0042,0.0040,0.0061,0.0006,0.0007,0.0100,0.0154,0.0014,0.0155,0.0017,ND,ND,ND,ND,ND,ND,0.0007,0.0011,ND,ND,ND,51.74
7778.00,14,1.44,5.94,28.68,0.5026,2.8895,1.9531,1.98,0.3215,0.0191,0.0158,0.0174,2.7271,ND,0.0058,0.0027,0.0052,0.0006,0.0008,0.0096,0.0166,0.0012,0.0153,0.0021,ND,ND,ND,ND,ND,ND,ND,0.0013,ND,0.0009,ND,53.45
7778.50,14,1.41,6.12,33.01,ND,1.6038,2.0599,1.26,0.3526,0.0217,0.0118,0.0165,2.5817,ND,0.0057,0.0040,0.0050,0.0006,0.0007,0.0105,0.0158,0.0016,0.0160,0.0023,0.0003,ND,ND,ND,ND,0.0011,ND,0.0012,ND,0.0011,ND,51.47
7779.05,14,1.77,5.14,31.98,0.0254,1.8362,1.5300,3.67,0.3204,0.0206,0.0082,0.0156,2.5221,ND,0.0052,0.0030,0.0032,0.0012,0.0012,0.0075,0.0220,0.0018,0.0161,0.0016,ND,ND,ND,ND,ND,ND,ND,0.0009,ND,0.0016,ND,51.09
7779.50,14,1.30,4.49,35.07,ND,1.5931,1.2063,2.78,0.2680,0.0225,0.0066,0.0137,2.0317,ND,0.0032,0.0023,0.0017,0.0004,0.0006,0.0057,0.0206,0.0014,0.0156,0.0016,ND,ND,ND,ND,ND,ND,ND,0.0009,ND,ND,ND,51.16
7780.00,14,1.51,6.07,31.23,0.0519,2.4485,1.9644,2.50,0.3492,0.0261,0.0170,0.0161,3.1665,ND,0.0075,0.0041,0.0020,0.0014,0.0018,0.0100,0.0154,0.0016,0.0145,0.0020,ND,ND,ND,ND,ND,ND,ND,0.0014,ND,ND,ND,50.59
7780.50,14,1.70,5.51,29.95,ND,2.3038,1.7115,4.10,0.3361,0.0277,0.0193,0.0171,3.2948,ND,0.0064,0.0033,0.0022,0.0010,0.0021,0.0087,0.0166,0.0015,0.0149,0.0017,0.0004,ND,ND,ND,ND,ND,ND,0.0013,ND,0.0012,ND,50.96
7781.05,14,1.66,7.15,32.38,ND,1.3333,2.4675,1.46,0.4220,0.0346,0.0220,0.0187,2.9966,ND,0.0087,0.0052,0.0030,0.0009,0.0021,0.0122,0.0135,0.0020,0.0194,0.0025,0.0003,ND,ND,ND,ND,ND,0.0005,0.0015,ND,0.0010,ND,49.99
7781.50,14,1.76,6.16,33.44,ND,1.4361,2.0068,1.41,0.3756,0.0282,0.0099,0.0156,2.5458,ND,0.0059,0.0035,0.0047,0.0006,0.0007,0.0099,0.0139,0.0017,0.0172,0.0018,ND,ND,ND,ND,ND,ND,ND,0.0010,ND,0.0009,ND,50.76
7782.02,14,1.63,5.95,30.39,ND,2.0095,1.8848,2.70,0.3421,0.0191,0.0074,0.0202,2.7033,ND,0.0037,0.0024,0.0056,0.0005,0.0003,0.0096,0.0182,0.0018,0.0179,0.0019,ND,ND,ND,ND,ND,0.0012,ND,0.0011,ND,ND,0.0005,52.29
7782.50,14,1.68,5.73,34.58,ND,1.1428,1.8700,1.04,0.3765,0.0281,0.0110,0.0162,2.2046,ND,0.0042,0.0029,0.0034,0.0006,0.0006,0.0095,0.0153,0.0018,0.0193,0.0020,ND,ND,ND,ND,ND,ND,ND,0.0011,ND,ND,ND,51.26
7783.05,14,1.78,5.85,31.19,ND,2.8880,1.9707,1.72,0.3797,0.0211,0.0170,0.0138,2.5308,ND,0.0054,0.0031,0.0031,0.0009,0.0016,0.0097,0.0158,0.0016,0.0187,0.0021,ND,ND,ND,ND,ND,ND,ND,0.0012,ND,0.0011,ND,51.58
7783.50,14,1.79,5.78,25.40,0.3224,2.0762,1.5545,10.46,0.3479,0.0316,0.0199,0.0224,3.0637,ND,0.0065,0.0029,0.0019,0.0012,0.0017,0.0073,0.0836,0.0044,0.0163,0.0018,ND,ND,ND,ND,ND,0.0013,0.0007,0.0012,ND,0.0018,ND,49.00
7784.00,14,1.50,1.53,7.00,0.0533,0.5689,0.1891,36.55,0.1075,0.0227,0.0068,0.0149,1.0262,ND,ND,0.0010,0.0012,0.0004,0.0006,0.0016,0.0462,0.0009,0.0042,ND,ND,ND,ND,ND,ND,ND,ND,0.0007,ND,0.0013,ND,51.36
7784.53,14,0.75,0.29,31.32,ND,1.4905,ND,12.50,0.0358,ND,ND,0.0070,1.3005,ND,ND,ND,ND,0.0005,0.0003,ND,0.0413,0.0004,0.0014,ND,ND,ND,ND,ND,ND,ND,ND,ND,ND,ND,ND,52.26
7785.05,14,1.33,3.68,22.61,0.3291,0.9140,0.8719,15.77,0.2619,0.0242,0.0198,0.0182,2.3526,ND,0.0052,0.0030,0.0073,0.0008,0.0017,0.0064,0.0581,0.0024,0.0116,0.0013,ND,ND,ND,ND,ND,ND,ND,0.0010,ND,0.0012,ND,51.72
7785.50,14,1.58,5.85,33.59,ND,1.4548,1.8391,0.78,0.3281,0.0268,0.0145,0.0141,2.0090,ND,0.0061,0.0040,0.0106,0.0006,0.0013,0.0082,0.0134,0.0012,0.0186,0.0018,ND,ND,ND,ND,ND,ND,ND,0.0012,ND,ND,ND,52.45
7786.00,14,1.61,6.49,33.52,ND,1.6584,2.1427,1.22,0.3630,0.0194,0.0128,0.0148,2.6731,ND,0.0066,0.0037,0.0114,0.0008,0.0009,0.0104,0.0152,0.0014,0.0174,0.0020,ND,ND,ND,ND,ND,ND,ND,0.0012,ND,0.0012,ND,50.19
7786.50,14,1.84,5.97,30.33,ND,1.9864,1.9197,3.45,0.3609,0.0222,0.0116,0.0186,2.8816,ND,0.0067,0.0034,0.0101,0.0009,0.0007,0.0107,0.0186,0.0016,0.0160,0.0021,ND,ND,ND,ND,ND,ND,ND,0.0014,ND,0.0013,ND,51.15
7787.05,14,0.60,0.11,28.95,0.2410,1.2033,ND,16.36,0.0402,ND,ND,0.0092,1.0556,ND,ND,ND,0.0014,0.0003,ND,ND,0.0719,0.0015,0.0023,0.0007,ND,ND,ND,ND,ND,ND,ND,ND,ND,0.0018,ND,51.36
7787.50,14,1.55,5.19,30.07,0.9173,1.8936,1.6749,4.33,0.3264,0.0266,0.0213,0.0147,3.0428,ND,0.0059,0.0031,0.0089,0.0013,0.0024,0.0096,0.0160,0.0019,0.0142,0.0019,ND,ND,ND,ND,ND,ND,ND,0.0014,ND,0.0012,ND,50.87
7788.02,14,1.62,6.31,31.52,ND,2.0238,2.0970,1.87,0.3768,0.0293,0.0222,0.0166,3.1942,ND,0.0094,0.0048,0.0154,0.0013,0.0023,0.0105,0.0131,0.0016,0.0183,0.0021,ND,ND,ND,ND,ND,ND,ND,0.0013,ND,0.0013,ND,50.85
7788.50,14,1.46,5.75,32.30,ND,2.2953,1.9441,1.74,0.3300,0.0228,0.0116,0.0180,2.8676,ND,0.0075,0.0037,0.0099,0.0011,0.0011,0.0096,0.0133,0.0016,0.0149,0.0021,0.0004,ND,ND,ND,ND,0.0012,ND,0.0010,ND,ND,ND,51.20
7789.04,14,1.63,6.41,31.57,ND,1.7020,2.2114,1.41,0.3564,0.0245,0.0120,0.0175,3.0505,ND,0.0076,0.0046,0.0171,0.0011,0.0011,0.0117,0.0153,0.0021,0.0157,0.0022,0.0005,ND,ND,ND,ND,ND,ND,0.0013,ND,0.0014,ND,51.53
7789.50,14,1.63,6.37,33.95,ND,1.6339,2.1142,0.86,0.3523,0.0211,0.0126,0.0151,2.6561,ND,0.0077,0.0046,0.0246,0.0007,0.0015,0.0103,0.0113,0.0020,0.0145,0.0019,ND,ND,ND,ND,ND,ND,ND,0.0014,ND,ND,ND,50.31
7790.00,14,1.31,6.00,32.42,ND,1.8812,2.0370,1.01,0.3370,0.0305,0.0170,0.0164,2.6904,ND,0.0078,0.0044,0.0131,0.0009,0.0012,0.0109,0.0128,0.0017,0.0153,0.0021,ND,ND,ND,ND,ND,ND,0.0006,0.0013,ND,ND,ND,52.17
7790.50,14,1.60,5.68,33.13,ND,2.2561,1.8313,1.10,0.3519,0.0237,0.0119,0.0157,2.8423,ND,0.0069,0.0032,0.0075,0.0009,0.0012,0.0094,0.0146,0.0014,0.0165,0.0017,ND,ND,ND,ND,ND,ND,ND,0.0015,ND,0.0010,ND,51.09
7791.05,14,1.93,5.41,30.53,0.1544,2.6753,1.8042,2.15,0.3501,0.0230,0.0102,0.0227,2.6593,ND,0.0039,0.0024,0.0024,0.0006,0.0005,0.0095,0.0187,0.0017,0.0197,0.0020,ND,ND,ND,ND,ND,ND,ND,0.0011,ND,ND,ND,52.21
7791.50,14,1.76,6.63,31.16,ND,2.3678,2.0254,1.30,0.3593,0.0268,0.0113,0.0177,2.4927,ND,0.0060,0.0037,0.0018,0.0006,0.0012,0.0082,0.0154,0.0017,0.0175,0.0020,ND,ND,ND,ND,ND,ND,ND,0.0014,ND,ND,ND,51.79
7792.00,14,1.85,6.41,29.63,ND,1.9736,2.0210,2.76,0.4077,0.0292,0.0098,0.0201,2.4936,ND,0.0033,0.0036,0.0019,0.0005,0.0005,0.0103,0.0182,0.0022,0.0206,0.0024,ND,ND,ND,ND,ND,ND,ND,0.0012,ND,0.0014,ND,52.33
7792.50,14,1.49,5.97,31.54,ND,2.1847,1.9404,2.81,0.3635,0.0334,0.0072,0.0228,2.8880,ND,0.0071,0.0044,0.0021,0.0008,0.0009,0.0101,0.0202,0.0019,0.0168,0.0019,0.0006,ND,ND,ND,ND,ND,0.0005,0.0015,ND,0.0013,ND,50.68
7793.04,14,1.57,6.72,28.30,0.6971,1.6304,2.1290,4.00,0.4186,0.0357,0.0294,0.0188,3.0703,ND,0.0108,0.0054,0.0021,0.0009,0.0027,0.0108,0.0186,0.0030,0.0194,0.0024,ND,ND,ND,ND,ND,ND,ND,0.0017,ND,ND,0.0006,51.31
7793.50,14,1.34,5.58,31.53,0.0240,2.1498,1.7522,3.01,0.3809,0.0282,0.0152,0.0172,3.0725,ND,0.0075,0.0032,0.0017,0.0009,0.0017,0.0088,0.0183,0.0018,0.0176,0.0018,ND,ND,ND,ND,ND,ND,0.0005,0.0017,ND,0.0011,ND,51.03
7794.00,14,1.55,5.21,34.24,ND,1.3372,1.6245,1.59,0.3676,0.0287,0.0078,0.0171,2.0545,ND,0.0040,0.0033,0.0017,0.0007,0.0006,0.0078,0.0198,0.0019,0.0196,0.0020,ND,ND,ND,ND,ND,ND,ND,0.0012,ND,0.0011,ND,51.91
7794.50,14,1.84,5.88,30.97,ND,2.1536,1.9868,2.36,0.3593,0.0250,0.0081,0.0211,2.3928,ND,0.0035,0.0028,0.0022,0.0005,0.0004,0.0103,0.0177,0.0019,0.0210,0.0024,ND,ND,ND,ND,ND,0.0012,ND,0.0013,ND,0.0009,ND,51.94
7795.04,14,3.08,5.49,23.81,ND,1.4212,1.5504,9.50,0.2913,0.0194,0.0062,0.0574,4.3974,ND,0.0034,0.0017,0.0019,0.0005,0.0003,0.0077,0.0249,0.0021,0.0152,0.0018,ND,ND,ND,ND,ND,ND,ND,0.0010,ND,ND,ND,50.32
7795.50,14,4.78,3.96,16.90,ND,0.8839,0.9134,13.47,0.2265,0.0128,0.0075,0.0914,5.0847,ND,ND,0.0024,0.0015,0.0006,0.0003,0.0054,0.0241,0.0018,0.0124,0.0013,ND,ND,ND,ND,ND,ND,ND,0.0007,ND,0.0014,ND,53.61
7796.00,14,5.04,3.52,16.42,ND,0.6810,0.8194,14.61,0.2170,0.0169,0.0049,0.0932,5.0731,ND,0.0030,0.0025,0.0020,0.0005,0.0005,0.0051,0.0251,0.0016,0.0110,0.0014,ND,ND,ND,ND,ND,ND,ND,0.0007,ND,0.0013,ND,53.44
7796.50,14,3.75,3.37,20.90,ND,0.6503,0.7607,14.37,0.1928,0.0186,0.0068,0.0687,4.8734,ND,0.0017,0.0022,0.0010,0.0004,0.0004,0.0041,0.0244,0.0015,0.0114,0.0009,ND,ND,ND,ND,ND,ND,ND,0.0007,ND,0.0010,ND,50.98
7797.04,14,2.00,6.29,27.96,0.2776,1.4582,2.1092,4.20,0.3564,0.0406,0.0304,0.0239,3.0206,ND,0.0077,0.0046,0.0032,0.0006,0.0024,0.0107,0.0151,0.0016,0.0155,0.0024,ND,ND,ND,ND,ND,ND,ND,0.0017,ND,ND,ND,52.18
7797.50,14,1.79,6.84,32.80,ND,1.5374,2.3176,0.84,0.3877,0.0267,0.0187,0.0205,2.9339,ND,0.0087,0.0037,0.0222,0.0014,0.0024,0.0113,0.0126,0.0015,0.0173,0.0024,0.0006,ND,ND,ND,ND,ND,ND,0.0015,ND,ND,ND,50.41
7798.00,14,1.96,6.22,31.29,ND,1.6107,1.9626,2.76,0.3334,0.0331,0.0102,0.0214,2.8494,ND,0.0056,0.0034,0.0065,0.0006,0.0007,0.0094,0.0171,0.0018,0.0164,0.0020,ND,ND,ND,ND,ND,ND,ND,0.0011,ND,ND,ND,50.88
7798.51,14,1.44,4.99,33.80,ND,1.7561,1.5693,2.58,0.3463,0.0307,0.0149,0.0159,2.5266,ND,0.0042,0.0027,0.0024,0.0009,0.0012,0.0082,0.0180,0.0015,0.0159,0.0019,0.0003,ND,ND,ND,ND,ND,ND,0.0012,ND,0.0013,ND,50.87
7799.04,14,1.38,5.59,30.58,0.6884,2.0755,1.8652,2.36,0.3333,0.0291,0.0236,0.0157,3.0217,ND,0.0066,0.0041,0.0030,0.0007,0.0019,0.0091,0.0152,0.0013,0.0155,0.0021,ND,ND,ND,ND,ND,ND,0.0005,0.0015,ND,0.0012,ND,51.98
7799.50,14,1.55,6.29,33.16,ND,1.6760,2.1012,0.96,0.3612,0.0314,0.0201,0.0180,2.5151,ND,0.0083,0.0048,0.0180,0.0006,0.0012,0.0103,0.0142,0.0016,0.0175,0.0021,ND,ND,ND,ND,ND,0.0013,ND,0.0017,ND,ND,ND,51.24
7800.04,14,2.20,6.02,27.87,ND,2.4695,2.0529,4.82,0.3538,0.0302,0.0105,0.0229,3.0918,ND,0.0058,0.0031,0.0083,0.0007,0.0005,0.0112,0.0229,0.0019,0.0161,0.0025,0.0005,ND,ND,ND,ND,0.0012,ND,0.0011,ND,0.0015,ND,50.98
7800.50,14,1.47,6.16,32.46,ND,1.9700,2.0179,1.03,0.3575,0.0316,0.0137,0.0169,2.5990,ND,0.0068,0.0032,0.0086,0.0007,0.0011,0.0104,0.0142,0.0016,0.0149,0.0018,ND,ND,ND,ND,ND,ND,ND,0.0015,ND,ND,ND,51.81
7801.04,14,1.67,6.54,30.55,0.4688,1.9951,2.1083,2.39,0.3860,0.0340,0.0213,0.0187,3.2787,ND,0.0078,0.0033,0.0034,0.0011,0.0019,0.0107,0.0155,0.0022,0.0166,0.0021,0.0004,ND,ND,ND,ND,ND,0.0006,0.0014,ND,ND,ND,50.47
7801.51,14,1.85,5.28,29.99,ND,1.3314,1.5982,4.15,0.3185,0.0230,0.0086,0.0297,2.8461,ND,0.0031,0.0025,0.0037,0.0004,0.0005,0.0082,0.0186,0.0017,0.0175,0.0017,ND,ND,ND,ND,ND,ND,ND,0.0012,ND,0.0010,ND,52.50
7802.00,14,1.74,6.72,27.09,1.4519,1.9859,2.1771,2.96,0.3772,0.0362,0.0167,0.0173,2.6175,ND,0.0074,0.0039,0.0084,0.0005,0.0009,0.0102,0.0181,0.0019,0.0190,0.0021,ND,ND,ND,ND,ND,ND,0.0005,0.0016,ND,ND,ND,52.74
7802.50,14,3.54,4.25,21.21,0.5013,0.9849,1.0162,12.58,0.2404,0.0231,0.0082,0.0469,3.9166,ND,0.0025,0.0023,0.0015,0.0005,0.0005,0.0051,0.0334,0.0074,0.0128,0.0010,ND,ND,ND,ND,ND,ND,ND,0.0005,ND,0.0014,0.0007,51.62
7803.05,14,1.71,6.70,30.53,0.1303,1.8247,2.2551,1.92,0.4052,0.0334,0.0206,0.0149,2.9267,ND,0.0113,0.0049,0.0033,0.0010,0.0025,0.0108,0.0143,0.0019,0.0186,0.0022,ND,ND,ND,ND,ND,0.0011,0.0006,0.0017,ND,0.0010,ND,51.46
7803.50,14,1.82,6.49,31.30,ND,1.7730,2.1827,2.71,0.3745,0.0374,0.0090,0.0212,3.1322,ND,0.0096,0.0038,0.0023,0.0009,0.0010,0.0103,0.0217,0.0019,0.0164,0.0024,0.0004,ND,ND,ND,ND,ND,ND,0.0016,ND,ND,ND,50.07
7804.00,14,1.80,6.77,31.97,ND,1.5257,2.2331,1.71,0.3883,0.0218,0.0102,0.0241,2.7602,ND,0.0052,0.0032,0.0022,0.0008,0.0005,0.0106,0.0189,0.0019,0.0205,0.0026,ND,ND,ND,ND,ND,0.0016,ND,0.0012,ND,0.0016,ND,50.72
7804.50,14,1.44,5.13,34.49,ND,1.2767,1.7017,1.83,0.3656,0.0282,0.0093,0.0207,2.2426,ND,0.0050,0.0028,0.0021,0.0004,0.0009,0.0083,0.0174,0.0019,0.0196,0.0021,ND,ND,ND,ND,ND,ND,ND,0.0014,ND,ND,ND,51.41
7805.05,14,1.46,5.37,31.58,0.1029,1.7992,1.7341,3.03,0.3741,0.0256,0.0168,0.0164,2.7454,ND,0.0052,0.0032,0.0018,0.0008,0.0014,0.0085,0.0183,0.0016,0.0170,0.0019,ND,ND,ND,ND,ND,ND,0.0005,0.0012,ND,0.0010,ND,51.68
7805.50,14,1.49,5.69,31.88,ND,1.8909,1.8363,3.15,0.3479,0.0341,0.0182,0.0176,2.5659,ND,0.0052,0.0032,0.0055,0.0008,0.0017,0.0090,0.0185,0.0014,0.0169,0.0020,ND,ND,ND,ND,ND,ND,ND,0.0012,ND,ND,ND,51.01
7806.00,14,1.74,5.86,29.80,ND,1.7391,1.7690,5.37,0.3318,0.0325,0.0117,0.0193,3.3577,ND,0.0148,0.0049,0.0160,0.0012,0.0016,0.0090,0.0227,0.0020,0.0158,0.0018,0.0004,ND,ND,ND,ND,ND,0.0005,0.0019,ND,ND,0.0006,49.87
7806.50,14,1.30,5.08,30.88,ND,1.8754,1.6386,4.06,0.3201,0.0288,0.0089,0.0238,2.7576,ND,0.0084,0.0036,0.0039,0.0009,0.0008,0.0089,0.0276,0.0018,0.0152,0.0023,0.0005,ND,ND,ND,ND,ND,ND,0.0013,ND,ND,ND,51.95
7807.05,14,1.76,6.30,32.12,ND,1.9500,2.0027,2.25,0.3935,0.0216,0.0155,0.0190,2.9980,ND,0.0052,0.0035,0.0050,0.0010,0.0013,0.0095,0.0170,0.0018,0.0188,0.0023,ND,ND,ND,ND,ND,ND,0.0005,0.0013,ND,0.0011,ND,50.10
7807.50,14,1.68,4.95,25.38,2.7937,1.1748,1.4269,8.10,0.3433,0.0350,0.0261,0.0221,2.3918,ND,0.0104,0.0051,0.0051,0.0007,0.0018,0.0081,0.0293,0.0118,0.0175,0.0018,ND,ND,ND,ND,ND,ND,ND,0.0012,ND,ND,0.0022,51.58
7808.02,14,1.57,5.75,31.87,ND,2.2558,1.8453,2.91,0.3481,0.0366,0.0169,0.0159,3.0926,ND,0.0064,0.0036,0.0049,0.0010,0.0015,0.0092,0.0168,0.0018,0.0168,0.0018,ND,ND,ND,ND,ND,ND,0.0006,0.0016,ND,0.0014,ND,50.22
7808.50,14,1.78,6.80,30.50,ND,2.2895,2.2591,1.33,0.3945,0.0336,0.0135,0.0202,2.9167,ND,0.0078,0.0050,0.0053,0.0008,0.0016,0.0108,0.0144,0.0017,0.0178,0.0021,ND,ND,ND,ND,ND,ND,ND,0.0020,ND,ND,ND,51.59
7809.05,14,1.45,5.94,32.88,ND,1.9907,1.9128,1.73,0.3595,0.0224,0.0160,0.0192,2.7507,ND,0.0063,0.0036,0.0192,0.0007,0.0016,0.0092,0.0153,0.0015,0.0184,0.0023,ND,ND,ND,ND,ND,ND,ND,0.0015,ND,ND,ND,50.84
7809.50,14,1.57,5.57,29.90,0.0850,2.4131,1.7484,4.17,0.3628,0.0284,0.0144,0.0200,3.1405,ND,0.0051,0.0029,0.0086,0.0010,0.0014,0.0088,0.0321,0.0021,0.0187,0.0019,0.0005,ND,ND,ND,ND,ND,ND,0.0011,ND,0.0012,ND,50.89
7810.00,14,1.70,4.96,34.28,ND,1.1445,1.6383,2.07,0.3422,0.0240,0.0115,0.0161,2.3845,ND,0.0044,0.0028,0.0128,0.0007,0.0008,0.0080,0.0185,0.0012,0.0179,0.0019,ND,ND,ND,ND,ND,ND,ND,0.0010,ND,0.0009,ND,51.35
7810.50,14,1.67,5.14,34.03,ND,1.1766,1.7053,2.15,0.3285,0.0228,0.0125,0.0167,2.6646,ND,0.0052,0.0034,0.0142,0.0009,0.0012,0.0084,0.0169,0.0012,0.0175,0.0019,ND,ND,ND,ND,ND,ND,ND,0.0011,ND,ND,ND,51.01
7811.05,14,1.45,3.77,31.65,ND,1.3433,0.9471,7.82,0.2843,0.0141,0.0086,0.0177,2.1081,ND,0.0052,0.0025,0.0053,0.0005,0.0006,0.0052,0.0454,0.0017,0.0134,0.0010,ND,ND,ND,ND,ND,ND,ND,0.0009,ND,0.0011,ND,50.50
7811.50,14,1.56,4.97,29.18,ND,2.3636,1.6329,3.84,0.3217,0.0230,0.0106,0.0164,2.3395,ND,0.0057,0.0040,0.0392,0.0007,0.0008,0.0086,0.0177,0.0015,0.0164,0.0018,ND,ND,ND,ND,ND,ND,ND,0.0012,ND,ND,ND,53.65
7812.03,14,0.79,1.59,24.03,ND,0.4287,0.2486,18.92,0.1267,0.0145,0.0087,0.0205,1.2964,ND,0.0036,0.0017,0.0019,0.0004,0.0007,0.0023,0.0796,0.0018,0.0064,0.0006,ND,ND,ND,ND,ND,ND,0.0007,0.0006,ND,0.0015,ND,52.42
7812.54,14,1.09,1.24,13.19,ND,0.2982,0.1389,31.33,0.1132,0.0155,0.0067,0.0393,1.1473,ND,0.0037,0.0018,0.0014,0.0004,0.0006,0.0014,0.1499,0.0032,0.0062,0.0007,ND,ND,ND,ND,ND,0.0013,ND,0.0005,ND,0.0028,ND,51.22
7813.04,14,1.40,1.41,18.58,0.2228,0.5957,0.0767,27.36,0.0866,0.0127,0.0068,0.0257,1.1140,ND,ND,0.0010,0.0014,0.0003,0.0005,0.0008,0.1235,0.0020,0.0045,ND,ND,ND,ND,ND,ND,ND,ND,0.0004,ND,0.0021,ND,48.98
7813.54,14,1.46,5.27,35.64,ND,1.3052,1.6356,1.03,0.3262,0.0175,0.0180,0.0136,2.3162,ND,0.0039,0.0027,0.1742,0.0006,0.0013,0.0082,0.0173,0.0012,0.0176,0.0019,ND,ND,0,ND,ND,0.0045,ND,0.0011,ND,ND,0.0005,50.73
7814.00,14,1.53,5.66,31.88,0.2593,2.0836,1.7996,2.70,0.3482,0.0315,0.0160,0.0172,2.8642,ND,0.0053,0.0032,0.0095,0.0010,0.0015,0.0088,0.0187,0.0011,0.0170,0.0019,ND,ND,ND,ND,ND,ND,ND,0.0013,ND,0.0011,ND,50.75
7814.50,14,1.95,6.07,32.80,ND,1.7737,2.0640,1.21,0.4047,0.0322,0.0161,0.0183,2.7128,ND,0.0047,0.0029,0.0196,0.0008,0.0011,0.0105,0.0167,0.0013,0.0187,0.0022,ND,ND,ND,ND,ND,ND,0.0006,0.0013,ND,0.0009,0.0005,50.87
7815.04,14,1.10,3.99,37.07,ND,0.8155,1.1713,1.31,0.3033,0.0244,0.0071,0.0153,1.7156,ND,0.0033,0.0020,0.0052,0.0006,0.0005,0.0059,0.0253,0.0011,0.0153,0.0014,ND,ND,ND,ND,ND,ND,ND,0.0006,ND,ND,ND,52.42
7815.54,14,2.00,6.09,33.11,ND,1.5407,1.8822,1.22,0.3551,0.0268,0.0116,0.0156,2.3934,ND,0.0057,0.0038,0.0533,0.0007,0.0006,0.0085,0.0159,0.0016,0.0175,0.0020,ND,ND,ND,ND,ND,ND,ND,0.0012,ND,0.0010,ND,51.24
7816.00,14,1.61,6.53,32.34,ND,2.2250,2.1404,0.69,0.3502,0.0254,0.0137,0.0175,2.8473,ND,0.0090,0.0045,0.0202,0.0013,0.0014,0.0101,0.0135,0.0019,0.0151,0.0020,ND,ND,ND,ND,ND,ND,ND,0.0011,ND,0.0016,ND,51.13
7816.50,14,1.62,6.65,32.38,ND,1.4201,2.1642,1.33,0.4023,0.0317,0.0143,0.0200,3.0315,ND,0.0082,0.0046,0.0187,0.0006,0.0015,0.0109,0.0127,0.0022,0.0182,0.0023,0.0005,ND,ND,ND,ND,ND,0.0005,0.0018,ND,ND,0.0005,50.85
7817.04,14,1.92,6.05,32.37,0.1009,1.8897,1.9409,1.13,0.3761,0.0316,0.0204,0.0171,2.6764,ND,0.0080,0.0037,0.0220,0.0008,0.0022,0.0098,0.0120,0.0015,0.0150,0.0021,0.0005,ND,ND,ND,ND,ND,ND,0.0015,ND,ND,ND,51.39
7817.50,14,1.66,5.92,28.76,0.4239,1.4554,1.8545,4.47,0.4038,0.0429,0.0290,0.0175,2.9870,ND,0.0096,0.0036,0.0064,0.0008,0.0026,0.0101,0.0244,0.0023,0.0162,0.0021,0.0011,ND,ND,ND,ND,ND,0.0005,0.0019,ND,0.0011,ND,51.89
7818.00,14,1.54,5.47,32.56,ND,1.9467,1.6372,2.07,0.3420,0.0291,0.0110,0.0171,2.7751,ND,0.0045,0.0025,0.0107,0.0010,0.0013,0.0074,0.0174,0.0016,0.0164,0.0017,0.0005,ND,ND,ND,ND,ND,ND,0.0011,ND,0.0010,ND,51.54
7818.50,14,1.55,4.73,31.62,ND,1.8214,1.4296,4.16,0.3145,0.0294,0.0116,0.0215,3.3142,ND,0.0116,0.0043,0.0108,0.0012,0.0015,0.0076,0.0183,0.0017,0.0131,0.0015,ND,ND,ND,ND,ND,ND,ND,0.0013,ND,ND,0.0006,50.92
7819.05,14,1.62,5.93,30.70,0.1402,1.9361,2.0174,2.28,0.3606,0.0307,0.0228,0.0150,3.0528,ND,0.0114,0.0049,0.0097,0.0012,0.0022,0.0100,0.0136,0.0020,0.0185,0.0021,ND,ND,ND,ND,ND,ND,0.0006,0.0013,ND,0.0009,ND,51.80
7819.50,14,1.46,6.63,32.96,ND,1.4644,2.2242,0.88,0.3744,0.0312,0.0170,0.0195,2.7570,ND,0.0071,0.0039,0.0121,0.0007,0.0018,0.0107,0.0117,0.0018,0.0161,0.0021,ND,ND,ND,ND,ND,ND,0.0005,0.0017,ND,ND,ND,51.10
7820.00,14,2.40,6.32,28.77,ND,1.0079,2.1097,4.24,0.3823,0.0293,0.0104,0.0282,3.3516,ND,0.0056,0.0037,0.0202,0.0007,0.0005,0.0108,0.0173,0.0021,0.0161,0.0018,ND,ND,ND,ND,ND,0.0016,ND,0.0013,ND,0.0010,ND,51.27
7820.50,14,1.97,7.29,32.01,ND,1.5313,2.3877,0.97,0.3924,0.0318,0.0208,0.0159,2.7788,ND,0.0080,0.0044,0.0127,0.0010,0.0015,0.0106,0.0132,0.0020,0.0189,0.0018,ND,ND,ND,ND,ND,ND,0.0005,0.0013,ND,0.0015,ND,50.53
7821.04,14,1.24,4.24,31.83,0.3967,1.7493,1.2262,5.33,0.2913,0.0240,0.0107,0.0175,2.7017,ND,0.0050,0.0023,0.0048,0.0008,0.0011,0.0056,0.0296,0.0017,0.0139,0.0016,ND,ND,ND,ND,ND,ND,ND,0.0011,ND,0.0017,ND,50.88
7821.54,14,1.66,6.53,32.79,ND,1.7145,2.1944,1.13,0.4308,0.0284,0.0148,0.0170,2.9139,ND,0.0049,0.0025,0.0087,0.0007,0.0006,0.0112,0.0167,0.0016,0.0201,0.0026,ND,ND,ND,ND,ND,ND,ND,0.0015,ND,ND,ND,50.51
7822.00,14,1.38,4.54,26.27,2.9842,2.0662,1.1676,11.34,0.2710,0.0424,0.0202,0.0234,2.5884,ND,0.0055,0.0028,0.0021,0.0008,0.0011,0.0051,0.0644,0.0219,0.0132,0.0018,ND,ND,ND,ND,ND,ND,0.0006,0.0009,ND,0.0013,0.0012,47.18
7822.50,14,1.59,5.95,30.95,0.5329,2.5953,1.8837,3.21,0.3680,0.0319,0.0120,0.0247,2.6841,ND,0.0054,0.0037,0.0068,0.0009,0.0012,0.0095,0.0222,0.0054,0.0182,0.0021,ND,ND,ND,ND,ND,ND,0.0005,0.0015,ND,0.0014,0.0010,50.09
7823.04,14,1.89,7.34,28.97,0.2142,1.9791,2.4386,1.92,0.4239,0.0387,0.0232,0.0191,3.0967,ND,0.0128,0.0056,0.0080,0.0008,0.0018,0.0115,0.0145,0.0017,0.0194,0.0026,ND,ND,ND,ND,ND,ND,0,0,ND,ND,ND,51.55
7823.53,14,1.48,5.26,33.47,ND,2.1228,1.7068,1.14,0.3403,0.0276,0.0135,0.0151,2.6042,ND,0.0047,0.0024,0.0084,0.0009,0.0014,0.0083,0.0172,0.0012,0.0178,0.0021,0.0010,ND,ND,ND,ND,ND,ND,0,ND,ND,ND,51.75
7913.04,15,7.71,1.96,9.35,0.0585,0.3487,0.3848,21.09,0.1771,0.0417,0.0072,0.0744,3.3003,ND,0.0014,0.0030,0.0022,0.0004,0.0003,0.0022,0.0973,0.0016,0.0086,ND,ND,ND,ND,ND,ND,ND,ND,ND,ND,0.0013,ND,55.38
7913.55,15,1.85,6.77,31.67,0.0415,1.0536,2.2228,1.25,0.4668,0.0322,0.0127,0.0225,2.2853,ND,0.0043,0.0044,0.0050,0.0008,0.0005,0.0095,0.0177,0.0026,0.0269,0.0024,ND,ND,ND,ND,ND,ND,ND,0.0016,ND,0.0010,ND,52.25
7914.00,15,2.14,6.75,31.46,ND,1.3515,2.0845,1.47,0.3937,0.0315,0.0123,0.0217,1.9447,ND,0.0029,0.0046,0.0082,0.0004,0.0002,0.0087,0.0188,0.0024,0.0251,0.0022,ND,ND,ND,ND,ND,ND,ND,0.0012,ND,ND,ND,52.27
7914.50,15,1.99,7.68,30.90,ND,1.1414,2.4638,1.16,0.4483,0.0246,0.0081,0.0211,1.9293,ND,0.0027,0.0037,0.0052,0.0005,0.0002,0.0081,0.0174,0.0022,0.0254,0.0020,ND,ND,ND,ND,ND,ND,0.0004,0.0011,ND,0.0009,ND,52.17
7915.04,15,5.94,2.58,13.61,0.0284,0.3586,0.3678,19.75,0.2066,0.0401,0.0061,0.1249,3.7111,ND,ND,0.0026,0.0020,0.0005,ND,0.0017,0.0956,0.0018,0.0095,ND,ND,ND,ND,0.0029,ND,ND,ND,ND,ND,0.0017,ND,53.16
7915.55,15,2.11,5.59,33.07,ND,1.0154,1.6642,2.07,0.4035,0.0254,0.0077,0.0222,1.7835,ND,0.0019,0.0042,0.0043,0.0006,0.0002,0.0076,0.0182,0.0023,0.0268,0.0020,ND,ND,ND,ND,ND,ND,ND,0.0009,ND,ND,ND,52.17
7915.99,15,1.53,4.66,36.51,ND,0.6339,1.3337,1.75,0.3042,0.0184,0.0053,0.0198,1.3413,ND,ND,0.0020,0.0130,0.0003,ND,0.0049,0.0269,0.0015,0.0182,0.0013,ND,ND,ND,ND,ND,ND,ND,0.0006,ND,ND,ND,51.82
7916.50,15,2.15,8.04,30.16,ND,1.1465,2.5991,1.33,0.4366,0.0214,0.0083,0.0255,2.0480,ND,0.0025,0.0037,0.0074,ND,0.0002,0.0086,0.0204,0.0024,0.0265,0.0021,ND,ND,ND,ND,ND,ND,ND,0.0014,ND,ND,ND,51.96
7917.04,15,2.30,7.57,31.17,ND,0.8609,2.4355,1.46,0.4691,0.0271,0.0111,0.0302,2.0769,ND,0.0022,0.0026,0.0130,0.0006,0.0002,0.0092,0.0190,0.0025,0.0287,0.0026,ND,ND,ND,ND,ND,ND,ND,0.0014,ND,ND,ND,51.50
7917.50,15,1.64,6.24,32.29,ND,0.7497,2.0063,1.39,0.4501,0.0237,0.0123,0.0328,1.9456,ND,0.0021,0.0030,0.0060,0.0007,0.0002,0.0092,0.0174,0.0025,0.0291,0.0027,ND,ND,ND,ND,ND,0.0011,ND,0.0014,ND,ND,ND,53.15
7918.02,15,1.95,5.94,34.97,ND,0.4870,1.8661,1.25,0.4238,0.0152,0.0082,0.0308,1.6100,ND,0.0020,0.0023,0.0064,0.0004,ND,0.0082,0.0176,0.0022,0.0273,0.0021,ND,ND,ND,ND,ND,ND,ND,0.0012,ND,0.0015,ND,51.37
7918.52,15,2.09,6.05,31.11,ND,1.0135,1.8584,1.49,0.4371,0.0228,0.0071,0.0391,2.0053,ND,0.0023,0.0026,0.0039,0.0004,ND,0.0096,0.0219,0.0028,0.0275,0.0023,ND,ND,ND,ND,ND,ND,ND,0.0014,ND,ND,ND,53.80
7919.04,15,2.18,6.67,32.91,ND,0.8387,2.1481,1.26,0.4837,0.0346,0.0108,0.0317,2.0425,ND,0.0029,0.0033,0.0083,0.0008,ND,0.0104,0.0191,0.0027,0.0286,0.0028,ND,ND,ND,ND,ND,0.0011,ND,0.0013,ND,ND,ND,51.30
7919.50,15,1.88,7.08,32.75,ND,0.7216,2.2090,1.33,0.4893,0.0309,0.0102,0.0291,2.1531,ND,0.0028,0.0025,0.0072,0.0005,0.0002,0.0097,0.0188,0.0027,0.0288,0.0029,ND,ND,ND,ND,ND,ND,ND,0.0014,ND,ND,ND,51.24
7920.00,15,1.59,6.49,31.68,ND,0.8370,2.0526,1.52,0.4460,0.0362,0.0085,0.0257,1.9632,ND,0.0021,0.0051,0.0061,0.0006,0.0002,0.0086,0.0195,0.0023,0.0287,0.0023,ND,ND,ND,ND,ND,0.0011,ND,0.0012,ND,ND,ND,53.27
7920.51,15,1.69,6.21,32.95,ND,1.4639,1.9951,1.29,0.4225,0.0274,0.0074,0.0208,2.0835,ND,0.0018,0.0028,0.0031,0.0007,ND,0.0074,0.0233,0.0023,0.0254,0.0020,ND,ND,ND,ND,ND,ND,ND,0.0014,ND,0.0010,ND,51.77
7921.04,15,2.47,5.38,27.64,ND,0.7997,1.3413,6.62,0.3504,0.0170,0.0071,0.0557,3.6718,ND,ND,0.0023,0.0022,0.0004,0.0002,0.0056,0.0220,0.0029,0.0225,0.0018,ND,ND,ND,ND,ND,ND,ND,0.0009,ND,0.0012,ND,51.58
7921.50,15,3.04,4.82,24.98,ND,0.7050,1.1778,8.27,0.3454,0.0215,0.0068,0.0728,4.3565,ND,0.0016,0.0019,0.0019,0.0004,ND,0.0058,0.0200,0.0026,0.0227,0.0018,ND,ND,ND,ND,ND,ND,ND,0.0009,ND,ND,ND,52.15
7922.00,15,7.54,2.47,10.73,0.0791,0.3563,0.5267,19.02,0.1995,0.0489,ND,0.0506,2.6437,ND,ND,0.0012,0.0014,0.0006,ND,0.0027,0.1211,0.0011,0.0093,ND,ND,ND,ND,ND,ND,ND,ND,ND,ND,0.0018,ND,56.20
7922.50,15,1.48,3.62,34.53,ND,0.7208,0.8601,3.95,0.3359,0.0387,ND,0.0324,2.1825,ND,ND,0.0013,0.0007,0.0007,ND,0.0036,0.4184,0.0018,0.0312,0.0013,ND,ND,ND,ND,ND,ND,ND,0.0005,ND,0.0045,ND,51.79
7923.04,15,1.58,4.30,33.49,ND,0.9363,1.1417,3.36,0.3716,0.0269,ND,0.0289,2.1422,ND,ND,0.0020,0.0008,0.0006,ND,0.0044,0.1542,0.0021,0.0313,0.0017,ND,ND,ND,ND,ND,ND,ND,0.0008,ND,0.0028,ND,52.41
7923.50,15,1.80,6.39,29.07,ND,1.5196,1.8067,3.22,0.4344,0.0280,0.0087,0.0313,2.5538,ND,0.0021,0.0030,0.0014,0.0007,0.0003,0.0079,0.0200,0.0027,0.0334,0.0021,ND,ND,ND,ND,ND,ND,ND,0.0009,ND,0.0013,ND,53.07
7924.00,15,1.97,6.49,30.64,ND,2.1230,2.0011,1.82,0.4654,0.0276,0.0094,0.0217,2.0050,ND,0.0018,0.0025,0.0017,0.0006,0.0003,0.0088,0.0192,0.0023,0.0330,0.0023,ND,ND,ND,ND,ND,ND,0.0005,0.0013,ND,ND,ND,52.37
7924.50,15,1.69,6.51,30.89,ND,1.6535,2.0131,1.50,0.4439,0.0273,0.0080,0.0213,2.0517,ND,0.0012,0.0025,0.0018,0.0006,0.0003,0.0087,0.0210,0.0026,0.0336,0.0024,ND,ND,ND,ND,ND,ND,ND,0.0014,ND,0.0013,ND,53.13
7925.10,15,2.15,6.39,31.27,ND,1.7713,1.8973,1.66,0.4210,0.0319,0.0114,0.0225,2.0643,ND,0.0024,0.0030,0.0021,0.0007,0.0003,0.0081,0.0188,0.0025,0.0275,0.0022,ND,ND,ND,ND,ND,ND,0.0005,0.0015,ND,ND,ND,52.24
7925.50,15,1.80,6.07,31.42,0.0276,1.8759,1.8713,1.68,0.4509,0.0255,0.0107,0.0204,2.1591,ND,0.0027,0.0031,0.0035,0.0009,0.0004,0.0083,0.0196,0.0028,0.0307,0.0024,ND,ND,ND,ND,ND,ND,ND,0.0013,ND,ND,ND,52.51
7926.00,15,1.77,6.23,31.76,ND,1.7705,1.8624,1.57,0.4324,0.0315,0.0108,0.0210,2.0369,ND,0.0025,0.0024,0.0038,0.0006,0.0003,0.0082,0.0196,0.0026,0.0315,0.0023,ND,ND,ND,ND,ND,ND,ND,0.0012,ND,ND,0.0005,52.43
7926.50,15,1.90,6.45,31.81,ND,1.3360,1.9124,1.34,0.4194,0.0298,0.0112,0.0194,1.9200,ND,0.0031,0.0028,0.0034,0.0008,0.0004,0.0082,0.0187,0.0023,0.0307,0.0024,ND,ND,ND,ND,ND,ND,ND,0.0014,ND,0.0015,ND,52.77
7927.04,15,2.10,6.41,32.06,ND,1.0029,1.9807,1.44,0.4439,0.0305,0.0114,0.0218,2.0464,ND,0.0043,0.0025,0.0040,0.0006,0.0006,0.0090,0.0167,0.0025,0.0305,0.0023,ND,ND,ND,ND,ND,0.0012,ND,0.0018,ND,ND,ND,52.37
7927.50,15,6.06,2.60,12.93,0.0505,0.3403,0.4533,18.54,0.1798,0.0311,0.0064,0.1110,4.7256,ND,ND,0.0014,0.0025,0.0005,0.0002,0.0024,0.0782,0.0021,0.0095,0.0010,ND,ND,ND,ND,ND,ND,ND,ND,ND,ND,ND,53.88
7928.00,15,1.61,6.26,32.56,ND,1.5119,2.0426,1.71,0.3990,0.0217,0.0115,0.0208,2.0083,ND,0.0039,0.0030,0.0038,0.0008,0.0004,0.0089,0.0191,0.0022,0.0243,0.0019,ND,ND,ND,ND,ND,0.0012,ND,0.0013,ND,0.0015,ND,51.77
7928.50,15,1.86,7.64,31.48,ND,0.8125,2.5834,1.07,0.5066,0.0285,0.0144,0.0195,2.5116,ND,0.0082,0.0036,0.0054,0.0009,0.0009,0.0112,0.0151,0.0026,0.0288,0.0031,ND,ND,ND,ND,ND,0.0012,0.0005,0.0015,ND,0.0011,ND,51.40
7929.04,15,1.47,4.51,37.03,ND,0.5660,1.1340,1.69,0.3462,0.0145,0.0053,0.0165,1.1564,ND,ND,0.0012,0.0021,ND,ND,0.0043,0.0219,0.0019,0.0220,0.0015,ND,ND,ND,ND,ND,ND,ND,0.0007,ND,0.0011,ND,52.01
7929.50,15,1.67,6.79,33.14,ND,0.6145,2.1993,1.15,0.4774,0.0357,0.0091,0.0200,2.0230,ND,0.0020,0.0031,0.0073,0.0007,0.0002,0.0105,0.0168,0.0027,0.0321,0.0025,ND,ND,ND,ND,ND,ND,ND,0.0012,ND,0.0013,ND,51.80
7930.00,15,1.66,5.96,33.75,ND,0.5253,1.8563,1.13,0.4015,0.0229,0.0067,0.0185,1.6763,ND,0.0015,0.0023,0.0036,0.0004,ND,0.0084,0.0193,0.0025,0.0264,0.0022,ND,ND,ND,ND,ND,ND,ND,0.0011,ND,0.0012,ND,52.93
7930.49,15,1.90,9.27,29.38,ND,0.9337,3.5106,0.35,0.5747,0.0425,0.0155,0.0217,3.0584,ND,0.0037,0.0062,0.0035,0.0009,0.0003,0.0197,0.0204,0.0031,0.0207,0.0035,ND,ND,ND,ND,ND,ND,0.0008,0.0023,ND,0.0014,ND,50.85
7931.05,15,2.22,7.77,31.59,ND,0.8698,2.4514,1.05,0.4536,0.0233,0.0084,0.0221,1.9096,ND,0.0024,0.0027,0.0054,0.0004,0.0003,0.0091,0.0204,0.0025,0.0277,0.0024,ND,ND,ND,ND,ND,ND,0.0005,0.0010,ND,0.0011,ND,51.55
7931.49,15,7.50,1.82,11.82,0.0620,0.2025,0.3001,19.22,0.2048,0.0416,0.0052,0.0648,2.0423,ND,ND,ND,0.0009,0.0003,ND,0.0018,0.1161,0.0012,0.0129,0.0007,ND,ND,ND,ND,ND,ND,ND,ND,ND,0.0017,ND,56.59
7932.00,15,1.28,5.14,34.59,ND,0.8014,1.5638,1.97,0.3849,0.0279,0.0063,0.0221,1.7918,ND,ND,0.0016,0.0029,0.0004,ND,0.0069,0.0248,0.0020,0.0242,0.0020,ND,ND,ND,ND,ND,ND,ND,0.0009,ND,ND,ND,52.35
7932.50,15,2.14,5.01,29.95,ND,1.1003,1.3307,5.03,0.3410,0.0209,0.0108,0.0459,2.8168,ND,0.0019,0.0025,0.0014,ND,ND,0.0060,0.0301,0.0023,0.0199,0.0014,ND,ND,ND,ND,ND,ND,ND,0.0009,ND,ND,ND,52.13
7933.04,15,2.11,5.81,25.35,ND,1.9314,1.6543,5.31,0.3646,0.0216,0.0087,0.0484,3.0705,ND,0.0021,0.0029,0.0011,0.0006,0.0002,0.0067,0.0201,0.0028,0.0223,0.0021,ND,ND,ND,ND,ND,0.0011,ND,0.0010,ND,ND,ND,54.25
7933.50,15,4.27,2.84,22.46,ND,0.2366,0.4957,12.24,0.2180,0.0305,ND,0.0891,3.5541,ND,ND,0.0010,0.0009,0.0003,ND,0.0028,0.0437,0.0025,0.0195,0.0013,ND,ND,ND,ND,ND,ND,ND,0.0006,ND,ND,ND,53.49
7934.00,15,2.19,5.96,30.95,ND,1.3617,1.6958,2.75,0.3510,0.0274,0.0077,0.0291,2.0071,ND,0.0015,0.0022,0.0012,0.0005,0.0002,0.0070,0.0192,0.0020,0.0222,0.0020,ND,ND,ND,ND,ND,0.0010,ND,0.0009,ND,ND,ND,52.62
7934.50,15,2.51,5.07,30.79,ND,1.2479,1.4457,4.85,0.3571,0.0234,0.0090,0.0434,2.7221,ND,0.0025,0.0024,0.0011,0.0005,0.0002,0.0062,0.0215,0.0022,0.0211,0.0018,ND,ND,ND,0.0026,ND,ND,ND,0.0011,ND,0.0010,ND,50.87
7935.04,15,2.46,4.71,27.79,ND,0.8993,1.1689,6.59,0.2954,0.0178,0.0047,0.0548,3.0966,ND,ND,0.0020,0.0013,0.0005,0.0002,0.0055,0.0202,0.0019,0.0177,0.0019,ND,ND,ND,ND,ND,ND,ND,0.0005,ND,ND,ND,52.86
7935.50,15,2.46,4.82,26.10,ND,1.3700,1.2281,6.74,0.3346,0.0254,0.0059,0.0570,3.3262,ND,0.0016,0.0018,0.0010,0.0005,ND,0.0061,0.0208,0.0018,0.0215,0.0017,ND,ND,ND,ND,ND,ND,ND,0.0006,ND,0.0010,ND,53.47
7936.00,15,2.55,4.60,26.48,ND,1.0062,1.1550,7.20,0.3461,0.0152,0.0076,0.0600,3.4880,ND,ND,0.0017,0.0013,0.0005,0.0002,0.0058,0.0211,0.0021,0.0238,0.0017,ND,ND,ND,ND,ND,ND,ND,0.0006,ND,ND,ND,53.04
7936.50,15,6.26,2.71,14.04,0.0615,0.3894,0.5886,17.47,0.2263,0.0323,ND,0.1470,3.9543,ND,ND,0.0015,0.0010,0.0005,ND,0.0029,0.0854,0.0020,0.0120,0.0010,ND,ND,ND,ND,ND,ND,ND,0.0005,ND,0.0020,ND,54.02
7937.04,15,2.33,4.62,28.82,ND,0.9509,1.2508,5.50,0.3735,0.0219,0.0083,0.0397,2.9191,ND,0.0016,0.0017,0.0014,0.0006,0.0002,0.0064,0.0228,0.0026,0.0259,0.0020,ND,ND,ND,ND,ND,ND,0.0005,0.0007,ND,ND,ND,53.11
7937.50,15,1.97,6.65,28.64,0.0301,2.2483,1.9247,2.81,0.4021,0.0234,0.0087,0.0261,2.1021,ND,0.0020,0.0024,0.0012,0.0006,ND,0.0074,0.0207,0.0025,0.0270,0.0021,ND,ND,ND,ND,ND,0.0010,ND,0.0007,ND,ND,ND,53.09
7938.00,15,1.79,6.25,31.21,ND,1.9862,1.7907,2.61,0.4148,0.0219,0.0097,0.0275,2.1840,ND,0.0017,0.0029,0.0014,0.0006,0.0003,0.0073,0.0218,0.0024,0.0271,0.0023,ND,ND,ND,ND,ND,ND,ND,0.0010,ND,0.0011,ND,51.63
7938.50,15,1.92,6.13,32.19,ND,1.5958,1.8211,1.89,0.4301,0.0230,0.0089,0.0201,1.9568,ND,0.0022,0.0026,0.0014,0.0007,0.0003,0.0080,0.0192,0.0026,0.0271,0.0024,ND,ND,ND,ND,ND,ND,0.0005,0.0010,ND,ND,ND,51.94
7939.04,15,1.86,6.33,30.48,ND,1.7619,1.9681,1.71,0.4400,0.0294,0.0088,0.0249,2.3018,ND,0.0038,0.0035,0.0021,0.0010,0.0006,0.0088,0.0194,0.0025,0.0272,0.0023,ND,ND,ND,ND,ND,ND,0.0005,0.0014,ND,0.0011,ND,53.02
7939.50,15,1.96,7.38,29.91,ND,2.0768,2.3693,1.34,0.4606,0.0244,0.0124,0.0222,2.5228,ND,0.0045,0.0036,0.0043,0.0009,0.0008,0.0092,0.0193,0.0025,0.0256,0.0025,ND,ND,ND,ND,ND,ND,ND,0.0016,ND,0.0013,ND,51.86
7940.00,15,1.93,7.72,30.87,ND,1.4921,2.5082,1.12,0.4558,0.0287,0.0146,0.0228,2.5082,ND,0.0063,0.0037,0.0043,0.0010,0.0009,0.0103,0.0172,0.0027,0.0263,0.0025,ND,ND,ND,ND,ND,ND,0.0004,0.0013,ND,0.0010,ND,51.26
7940.50,15,1.92,6.99,32.59,ND,0.8584,2.2586,1.38,0.4591,0.0241,0.0132,0.0186,1.8649,ND,0.0038,0.0020,0.0078,0.0005,0.0002,0.0099,0.0190,0.0027,0.0265,0.0025,ND,ND,ND,ND,ND,ND,0.0005,0.0007,ND,0.0015,ND,51.56
7941.04,15,2.22,7.41,31.36,ND,0.6543,2.3076,1.37,0.4688,0.0278,0.0122,0.0226,2.1912,ND,0.0029,0.0036,0.0037,0.0005,0.0002,0.0113,0.0195,0.0028,0.0258,0.0027,ND,ND,ND,ND,ND,ND,0.0007,0.0014,ND,ND,ND,51.88
7941.50,15,1.94,6.55,32.96,ND,0.7574,2.0987,1.50,0.4225,0.0237,0.0106,0.0272,2.1606,ND,0.0026,0.0036,0.0046,0.0006,0.0002,0.0097,0.0202,0.0023,0.0261,0.0024,ND,ND,ND,ND,ND,0.0011,ND,0.0012,ND,ND,ND,51.48
7942.00,15,2.22,6.55,31.06,ND,1.1578,2.2225,1.52,0.4710,0.0218,0.0077,0.0248,2.4173,ND,0.0030,0.0031,0.0051,0.0008,0.0003,0.0109,0.0203,0.0027,0.0249,0.0025,ND,ND,ND,ND,ND,0.0012,ND,0.0014,ND,0.0014,ND,52.24
7942.54,15,1.98,6.71,32.13,ND,0.8105,2.1543,1.26,0.4043,0.0339,0.0078,0.0276,2.1502,ND,0.0034,0.0028,0.0057,0.0005,0.0002,0.0099,0.0176,0.0025,0.0239,0.0026,ND,ND,ND,ND,ND,0.0011,ND,0.0013,ND,ND,ND,52.25
7943.04,15,1.80,6.35,31.37,0.0199,1.7960,1.9911,1.88,0.4164,0.0252,0.0133,0.0239,2.0937,ND,0.0032,0.0037,0.0092,0.0005,0.0003,0.0092,0.0185,0.0022,0.0235,0.0025,ND,ND,ND,ND,ND,0.0011,ND,0.0014,ND,ND,ND,52.15
7943.50,15,1.83,5.50,31.19,ND,2.8185,1.6892,2.03,0.3943,0.0282,0.0061,0.0254,2.0942,ND,0.0036,0.0039,0.0105,0.0008,0.0004,0.0076,0.0179,0.0027,0.0263,0.0021,ND,ND,ND,ND,ND,ND,ND,0.0015,ND,0.0014,ND,52.33
7944.00,15,1.66,7.18,31.92,ND,1.6787,2.3851,1.39,0.4505,0.0296,0.0137,0.0258,2.3716,ND,0.0044,0.0037,0.0290,0.0005,0.0007,0.0098,0.0185,0.0025,0.0249,0.0023,ND,ND,ND,ND,ND,0.0020,ND,0.0016,ND,ND,ND,50.79
7944.50,15,1.67,7.21,31.69,ND,1.3422,2.4221,1.33,0.4426,0.0355,0.0139,0.0238,2.6582,ND,0.0054,0.0036,0.0078,0.0008,0.0010,0.0109,0.0173,0.0027,0.0245,0.0028,ND,ND,ND,ND,ND,ND,ND,0.0016,ND,0.0013,ND,51.08
7945.04,15,1.87,7.13,30.76,0.0374,1.8051,2.3973,1.60,0.4545,0.0343,0.0204,0.0266,2.9844,ND,0.0069,0.0037,0.0175,0.0018,0.0014,0.0106,0.0156,0.0025,0.0226,0.0024,ND,ND,ND,ND,ND,ND,ND,0.0014,ND,ND,ND,50.80
7945.50,15,2.13,7.79,29.86,ND,2.2598,2.6444,1.43,0.4459,0.0375,0.0209,0.0244,3.0680,ND,0.0077,0.0044,0.0140,0.0016,0.0018,0.0109,0.0159,0.0025,0.0225,0.0021,ND,ND,ND,ND,ND,0.0014,ND,0.0016,ND,0.0015,0.0005,50.20
7946.00,15,1.62,6.05,25.97,3.6195,1.2004,1.9667,8.29,0.3884,0.0587,0.0292,0.0361,2.1093,ND,0.0070,0.0037,0.0081,0.0009,0.0010,0.0086,0.0469,0.0365,0.0186,0.0020,ND,ND,ND,ND,ND,ND,ND,0.0009,ND,0.0012,0.0031,48.52
7946.50,15,2.02,6.83,31.57,ND,1.4624,2.2380,1.60,0.4625,0.0262,0.0138,0.0264,2.6600,ND,0.0064,0.0037,0.0166,0.0012,0.0010,0.0098,0.0167,0.0025,0.0233,0.0021,ND,ND,ND,ND,ND,ND,0.0007,0.0014,ND,0.0015,ND,51.00
7947.04,15,2.09,7.65,30.89,ND,1.6063,2.5228,1.43,0.4415,0.0315,0.0120,0.0267,2.7256,ND,0.0067,0.0028,0.0074,0.0012,0.0010,0.0099,0.0145,0.0025,0.0229,0.0024,ND,ND,ND,ND,ND,0.0013,ND,0.0014,ND,0.0013,ND,50.50
7947.50,15,2.18,7.14,31.86,ND,0.7906,2.3736,1.57,0.4452,0.0328,0.0128,0.0298,2.3970,ND,0.0041,0.0035,0.0076,0.0008,0.0006,0.0101,0.0158,0.0025,0.0234,0.0025,ND,ND,ND,ND,ND,0.0013,ND,0.0015,ND,0.0012,ND,51.10
7948.00,15,1.79,6.54,31.65,ND,2.0588,2.1950,1.79,0.4075,0.0202,0.0108,0.0251,2.8936,ND,0.0047,0.0032,0.0030,0.0013,0.0005,0.0097,0.0182,0.0021,0.0224,0.0022,ND,ND,ND,ND,ND,0.0013,ND,0.0017,ND,0.0013,ND,50.56
7948.50,15,1.91,7.07,32.48,ND,0.7432,2.3026,1.55,0.4222,0.0299,0.0098,0.0315,2.2897,ND,0.0033,0.0026,0.0055,0.0006,0.0003,0.0101,0.0172,0.0023,0.0234,0.0024,ND,ND,ND,ND,ND,0.0013,ND,0.0015,ND,0.0011,ND,51.08
7949.04,15,1.97,7.25,31.44,ND,1.2907,2.4204,1.65,0.4409,0.0201,0.0127,0.0278,2.4784,ND,0.0036,0.0027,0.0051,0.0006,0.0002,0.0097,0.0165,0.0023,0.0221,0.0024,ND,ND,ND,ND,ND,0.0012,ND,0.0013,ND,ND,ND,50.93
7949.50,15,1.65,6.31,30.81,0.0294,1.6200,2.0470,2.32,0.3838,0.0289,0.0116,0.0317,2.7531,ND,0.0051,0.0033,0.0046,0.0006,0.0006,0.0091,0.0187,0.0025,0.0198,0.0020,ND,ND,ND,ND,ND,ND,0.0005,0.0013,ND,ND,ND,51.94
7950.00,15,1.86,0.61,8.78,ND,0.2091,ND,36.44,0.1014,0.0311,ND,0.1430,2.1245,ND,ND,0.0030,0.0010,0.0006,0.0003,ND,0.2154,0.0011,0.0078,0.0007,ND,ND,ND,ND,ND,ND,ND,ND,ND,0.0038,ND,49.46
7950.51,15,5.31,0.48,4.33,0.0352,0.1254,ND,31.68,0.0695,0.0374,ND,0.1614,3.8691,ND,ND,0.0011,0.0011,0.0004,0.0002,ND,0.1181,0.0005,0.0044,ND,ND,ND,ND,ND,ND,ND,ND,ND,ND,0.0026,ND,53.77
7951.04,15,5.22,0.58,4.32,0.0249,0.2927,ND,30.08,0.0715,0.0271,ND,0.2341,5.1899,ND,ND,0.0013,0.0011,0.0004,ND,0.0002,0.1048,0.0006,0.0045,ND,ND,ND,ND,ND,ND,ND,0.0007,ND,ND,0.0023,ND,53.84
7951.50,15,3.14,5.01,20.12,0.0893,0.8057,1.2246,12.12,0.2913,0.0239,0.0070,0.0845,4.9387,ND,0.0019,0.0027,0.0014,0.0007,0.0005,0.0053,0.0218,0.0014,0.0149,0.0017,ND,ND,ND,ND,ND,ND,ND,0.0008,ND,ND,ND,52.08
7952.00,15,1.66,6.33,29.84,ND,1.3072,2.0461,3.16,0.4249,0.0356,0.0147,0.0257,2.7415,ND,0.0070,0.0046,0.0017,0.0010,0.0011,0.0097,0.0186,0.0021,0.0238,0.0027,0.0008,ND,ND,ND,ND,ND,ND,0.0013,ND,ND,0.0005,52.35
7952.50,15,1.71,5.13,22.89,2.4066,1.3413,1.4299,9.14,0.4085,0.0355,0.0149,0.0281,2.3446,ND,0.0046,0.0028,0.0018,0.0006,0.0007,0.0087,0.0272,0.0060,0.0232,0.0023,ND,ND,ND,ND,ND,ND,ND,0.0013,ND,ND,0.0007,53.04
7953.04,15,2.02,5.87,31.12,ND,0.9175,1.8390,3.15,0.4092,0.0278,0.0113,0.0254,2.4374,ND,0.0032,0.0032,0.0015,0.0008,0.0006,0.0088,0.0184,0.0021,0.0232,0.0022,ND,ND,ND,ND,ND,ND,ND,0.0012,ND,ND,0.0007,52.11
7953.50,15,2.03,5.85,30.88,ND,1.4346,1.7807,3.38,0.3789,0.0258,0.0123,0.0276,2.5997,ND,0.0051,0.0033,0.0015,0.0010,0.0008,0.0088,0.0212,0.0020,0.0209,0.0021,0.0007,ND,ND,ND,ND,ND,ND,0.0013,ND,ND,0.0006,51.54
7954.00,15,1.80,5.76,30.61,ND,1.5992,1.8450,3.44,0.3702,0.0359,0.0120,0.0254,2.4146,ND,0.0044,0.0029,0.0018,0.0010,0.0006,0.0085,0.0203,0.0022,0.0229,0.0019,0.0005,ND,ND,ND,ND,ND,ND,0.0012,ND,0.0010,0.0005,52.03
7954.50,15,2.04,6.67,29.00,ND,2.0531,2.0795,3.53,0.3970,0.0359,0.0143,0.0297,2.8937,ND,0.0059,0.0036,0.0019,0.0011,0.0011,0.0087,0.0193,0.0021,0.0223,0.0026,0.0011,ND,ND,ND,ND,ND,0.0005,0.0012,ND,ND,ND,51.19
7955.04,15,2.00,5.39,30.90,ND,0.9974,1.6685,4.33,0.3659,0.0249,0.0094,0.0308,2.5750,ND,0.0021,0.0028,0.0013,0.0008,0.0005,0.0078,0.0195,0.0021,0.0225,0.0020,ND,ND,ND,ND,ND,ND,ND,0.0013,ND,0.0009,ND,51.65
7955.50,15,1.89,4.18,25.97,0.1078,1.5221,1.1417,11.45,0.3386,0.0294,0.0183,0.0277,2.6529,ND,0.0043,0.0025,0.0014,0.0013,0.0008,0.0058,0.0344,0.0036,0.0197,0.0017,ND,ND,ND,ND,ND,0.0011,ND,0.0011,ND,0.0011,0.0007,50.59
7956.00,15,1.45,2.93,27.06,0.0528,6.3029,0.4612,12.29,0.1721,0.0123,ND,0.0222,8.7856,ND,0.0022,0.0021,0.0006,0.0015,0.0027,0.0021,0.0403,0.0028,0.0114,0.0008,0.0013,ND,ND,ND,ND,ND,0.0008,0.0008,ND,0.0024,ND,40.39
7956.50,15,1.78,7.26,29.54,ND,2.5098,2.3482,2.76,0.4469,0.0404,0.0203,0.0210,3.0479,ND,0.0104,0.0050,0.0101,0.0015,0.0025,0.0099,0.0182,0.0025,0.0207,0.0024,0.0033,ND,ND,ND,ND,ND,ND,0.0014,ND,0.0011,0.0011,50.14
7957.04,15,1.54,7.70,29.85,0.1781,1.6067,2.6409,2.08,0.4154,0.0465,0.0211,0.0168,3.2125,ND,0.0094,0.0048,0.0046,0.0017,0.0021,0.0120,0.0144,0.0024,0.0207,0.0023,0.0005,ND,ND,ND,ND,ND,ND,0.0016,ND,ND,ND,50.61
7957.50,15,1.63,5.96,28.37,0.4164,1.3798,1.9323,5.50,0.3649,0.0566,0.0277,0.0171,2.8143,ND,0.0131,0.0051,0.0046,0.0019,0.0036,0.0095,0.0211,0.0042,0.0159,0.0018,0.0024,ND,ND,ND,ND,ND,0.0005,0.0012,ND,0.0012,0.0024,51.44
7957.96,15,1.85,6.82,29.72,0.0301,1.0008,2.4375,2.05,0.4108,0.0656,0.0373,0.0192,2.7528,ND,0.0149,0.0062,0.0096,0.0014,0.0040,0.0120,0.0118,0.0020,0.0172,0.0022,0.0015,ND,ND,ND,ND,ND,ND,0.0016,ND,ND,0.0009,52.72
7958.50,15,1.84,6.34,33.29,ND,1.0573,2.1739,1.64,0.3919,0.0385,0.0197,0.0209,2.6001,ND,0.0096,0.0029,0.0186,0.0007,0.0017,0.0101,0.0108,0.0015,0.0183,0.0021,0.0005,ND,ND,ND,ND,ND,0.0006,0.0014,ND,0.0009,ND,50.50
7959.06,15,1.68,6.78,28.43,0.0487,0.7993,2.2831,3.23,0.4151,0.0542,0.0310,0.0188,2.6123,ND,0.0148,0.0055,0.0093,0.0011,0.0032,0.0112,0.0140,0.0025,0.0181,0.0021,0.0008,ND,ND,ND,ND,ND,0.0006,0.0012,ND,0.0010,0.0016,53.53
7959.50,15,1.58,7.15,33.06,ND,1.7927,2.3863,0.22,0.4203,0.0373,0.0123,0.0146,3.0540,ND,0.0072,0.0035,0.0101,0.0011,0.0010,0.0110,0.0118,0.0013,0.0194,0.0025,0.0012,ND,ND,ND,ND,ND,ND,0.0015,ND,ND,ND,50.20
7959.96,15,2.01,6.49,31.70,ND,1.3583,2.1433,2.53,0.4125,0.0457,0.0244,0.0204,3.0307,ND,0.0080,0.0049,0.0085,0.0016,0.0022,0.0102,0.0138,0.0018,0.0183,0.0020,0.0009,ND,ND,ND,ND,ND,0.0005,0.0015,ND,ND,ND,50.16
7960.50,15,1.62,4.60,24.90,0.0621,1.9009,1.3151,11.18,0.3027,0.0462,0.0231,0.0210,2.8019,ND,0.0071,0.0039,0.0037,0.0013,0.0020,0.0073,0.0337,0.0031,0.0135,0.0018,0.0017,ND,ND,ND,ND,0.0013,ND,0.0014,ND,ND,0.0014,51.13
7961.04,15,0.83,0.43,5.28,0.0339,0.4374,ND,40.27,0.0617,0.0279,ND,0.0478,1.1970,ND,ND,0.0016,0.0013,0.0006,0.0004,0.0004,0.0900,0.0015,0.0034,ND,ND,ND,ND,ND,ND,ND,0.0007,ND,ND,0.0016,ND,51.28
7961.50,15,1.56,0.41,2.68,0.0914,0.2095,ND,41.39,0.0739,0.0335,ND,0.0416,0.5067,ND,ND,0.0014,0.0008,ND,0.0002,0.0005,0.1084,0.0005,0.0033,ND,ND,ND,ND,ND,ND,ND,ND,0.0006,ND,0.0022,ND,52.88
7962.00,15,ND,0.45,3.08,0.0984,0.2255,ND,40.90,0.0958,0.0253,0.0055,0.0493,0.5681,ND,ND,0.0021,0.0016,0.0003,0.0004,0.0005,0.0887,0.0008,0.0032,ND,ND,ND,ND,ND,ND,0.0015,ND,0.0005,ND,0.0018,ND,54.40
7962.50,15,1.75,4.08,22.40,0.2319,1.1636,1.0414,14.87,0.2660,0.0361,0.0251,0.0246,2.3592,ND,0.0086,0.0052,0.0083,0.0011,0.0021,0.0057,0.0432,0.0034,0.0124,0.0015,0.0009,ND,ND,ND,ND,ND,ND,0.0011,ND,0.0011,ND,51.67
7963.04,15,1.81,7.13,30.16,ND,2.5035,2.2143,2.18,0.3907,0.0286,0.0138,0.0198,3.6582,ND,0.0087,0.0055,0.0210,0.0024,0.0014,0.0103,0.0148,0.0019,0.0197,0.0024,0.0006,ND,ND,ND,ND,ND,ND,0.0016,ND,0.0010,ND,49.80
7963.50,15,1.75,6.67,32.69,ND,1.7519,2.1574,1.15,0.4177,0.0328,0.0094,0.0225,2.9438,ND,0.0062,0.0032,0.0248,0.0012,0.0006,0.0104,0.0165,0.0017,0.0204,0.0021,0.0009,ND,ND,ND,ND,0.0013,ND,0.0015,ND,0.0010,0.0005,50.32
7964.00,15,1.67,6.90,31.63,0.0325,1.7274,2.2664,0.91,0.4145,0.0383,0.0162,0.0185,2.6476,ND,0.0077,0.0039,0.0238,0.0010,0.0010,0.0108,0.0136,0.0021,0.0209,0.0027,0.0005,ND,ND,ND,ND,ND,ND,0.0017,ND,0.0019,ND,51.64
7964.50,15,1.44,6.12,28.28,0.1066,1.3817,2.0236,6.10,0.3553,0.0416,0.0262,0.0214,2.8000,ND,0.0089,0.0050,0.0076,0.0022,0.0022,0.0097,0.0216,0.0025,0.0177,0.0022,0.0009,ND,ND,ND,ND,0.0012,ND,0.0016,ND,0.0014,ND,51.22
7965.04,15,1.63,7.91,29.56,ND,1.6522,2.6905,1.61,0.4604,0.0705,0.0342,0.0181,3.2379,ND,0.0154,0.0079,0.0250,0.0015,0.0037,0.0128,0.0157,0.0025,0.0200,0.0026,0.0039,ND,ND,ND,ND,ND,0.0005,0.0022,ND,ND,0.0012,51.02
7965.50,15,1.53,5.55,32.47,ND,2.2339,1.6284,2.41,0.3814,0.0233,0.0108,0.0190,2.0907,ND,0.0017,0.0021,0.0015,0.0008,0.0005,0.0064,0.0217,0.0019,0.0263,0.0016,0.0005,ND,ND,ND,ND,0.0012,ND,0.0012,ND,0.0011,ND,51.59
7966.00,15,1.96,5.86,32.50,ND,1.0451,1.7010,2.93,0.3699,0.0243,0.0070,0.0339,2.2737,ND,0.0018,0.0028,0.0042,0.0005,0.0002,0.0068,0.0202,0.0020,0.0245,0.0019,ND,ND,ND,ND,ND,ND,ND,0.0011,ND,ND,ND,51.23
7966.50,15,2.06,6.13,31.99,ND,1.3589,1.7794,2.71,0.3949,0.0183,0.0118,0.0345,2.2085,ND,0.0027,0.0025,0.0030,0.0003,0.0002,0.0078,0.0187,0.0019,0.0246,0.0022,ND,ND,ND,ND,ND,ND,ND,0.0012,ND,ND,ND,51.23
7967.04,15,2.33,5.54,31.29,ND,1.3834,1.5941,3.77,0.3551,0.0278,0.0092,0.0317,2.4324,ND,0.0028,0.0025,0.0028,0.0006,0.0003,0.0075,0.0191,0.0020,0.0204,0.0020,ND,ND,ND,ND,ND,ND,ND,0.0011,ND,ND,ND,51.18
7967.51,15,2.77,4.48,26.17,ND,0.7879,1.1348,9.14,0.3000,0.0198,0.0083,0.0534,3.7179,ND,0.0014,0.0023,0.0012,0.0005,0.0004,0.0056,0.0247,0.0023,0.0184,0.0016,ND,ND,ND,ND,ND,ND,ND,0.0008,ND,ND,ND,51.37
7968.00,15,2.55,5.73,25.22,ND,1.7028,1.4547,8.20,0.3257,0.0173,0.0075,0.0576,4.1997,ND,0.0019,0.0033,0.0012,0.0006,ND,0.0052,0.0243,0.0023,0.0181,0.0016,ND,ND,ND,ND,ND,0.0014,ND,0.0009,ND,0.0014,ND,50.48
7968.50,15,2.06,6.07,30.49,ND,1.7532,1.7519,3.73,0.3564,0.0259,0.0072,0.0293,2.5859,ND,0.0020,0.0026,0.0012,0.0007,0.0003,0.0067,0.0212,0.0023,0.0222,0.0020,ND,ND,ND,ND,ND,ND,ND,0.0011,ND,ND,ND,51.09
7969.04,15,1.89,5.56,30.38,ND,1.5989,1.7014,3.83,0.3619,0.0260,0.0073,0.0285,2.4872,ND,0.0028,0.0029,0.0016,0.0009,0.0004,0.0083,0.0208,0.0023,0.0221,0.0020,ND,ND,ND,ND,ND,ND,ND,0.0010,ND,ND,ND,52.06
7969.53,15,2.07,6.34,30.02,ND,1.0727,1.8733,2.91,0.4015,0.0264,0.0084,0.0274,2.3628,ND,0.0034,0.0025,0.0017,0.0008,0.0006,0.0085,0.0229,0.0026,0.0236,0.0021,ND,ND,ND,ND,ND,0.0010,ND,0.0012,ND,ND,ND,52.82
7970.00,15,1.57,7.45,30.89,ND,1.7130,2.4205,1.52,0.4457,0.0309,0.0148,0.0204,2.7331,ND,0.0053,0.0037,0.0035,0.0012,0.0009,0.0101,0.0189,0.0024,0.0246,0.0025,ND,ND,ND,ND,ND,0.0011,ND,0.0015,ND,ND,0.0005,51.13
7970.50,15,1.89,6.99,30.09,ND,2.5861,2.1604,1.84,0.4207,0.0344,0.0074,0.0205,2.2090,ND,0.0029,0.0029,0.0027,0.0007,0.0004,0.0095,0.0205,0.0024,0.0264,0.0027,ND,ND,ND,0.0025,ND,ND,ND,0.0012,ND,ND,ND,51.68
7971.04,15,2.15,7.52,30.72,ND,1.4363,2.3206,1.78,0.4184,0.0293,0.0100,0.0279,2.4041,ND,0.0048,0.0030,0.0054,0.0008,0.0004,0.0089,0.0195,0.0024,0.0228,0.0023,ND,ND,ND,ND,ND,ND,ND,0.0012,ND,0.0010,ND,51.11
7971.50,15,1.94,6.92,30.42,ND,1.6680,2.0873,2.74,0.4092,0.0322,0.0113,0.0242,2.4063,ND,0.0037,0.0026,0.0164,0.0009,0.0007,0.0085,0.0200,0.0023,0.0220,0.0021,ND,ND,ND,ND,ND,0.0015,ND,0.0011,ND,ND,0.0006,51.26
7972.00,15,2.09,6.36,30.55,ND,1.3349,2.1388,2.54,0.4212,0.0460,0.0125,0.0271,2.5929,ND,0.0054,0.0033,0.0036,0.0011,0.0013,0.0098,0.0223,0.0026,0.0235,0.0024,0.0009,ND,ND,ND,ND,0.0010,ND,0.0015,ND,0.0011,ND,51.81
7972.50,15,1.82,6.83,28.58,ND,2.1487,2.3514,2.88,0.4480,0.0552,0.0205,0.0246,2.8954,ND,0.0081,0.0043,0.0039,0.0014,0.0016,0.0108,0.0199,0.0028,0.0221,0.0024,0.0021,ND,ND,ND,ND,ND,ND,0.0014,ND,ND,0.0011,51.87
7973.05,15,2.03,7.14,29.93,ND,1.6232,2.4626,2.20,0.4672,0.0595,0.0176,0.0250,2.9371,ND,0.0107,0.0048,0.0110,0.0014,0.0024,0.0111,0.0177,0.0029,0.0228,0.0028,0.0029,ND,ND,ND,ND,ND,0.0005,0.0013,ND,ND,0.0010,51.02
7973.48,15,1.78,7.20,30.47,ND,1.4971,2.4047,2.68,0.4528,0.0611,0.0190,0.0259,2.9110,ND,0.0093,0.0061,0.0054,0.0011,0.0023,0.0115,0.0186,0.0028,0.0223,0.0023,0.0029,ND,ND,ND,ND,ND,0.0007,0.0018,ND,0.0015,ND,50.40
7974.00,15,1.86,7.32,29.74,ND,1.1440,2.4935,2.27,0.4664,0.0444,0.0195,0.0242,2.5370,ND,0.0075,0.0044,0.0056,0.0011,0.0015,0.0114,0.0168,0.0028,0.0230,0.0026,0.0009,ND,ND,ND,ND,ND,0.0005,0.0016,ND,0.0012,0.0007,52.00
7974.49,15,1.80,6.26,30.45,ND,1.7152,1.9120,3.51,0.3790,0.0360,0.0150,0.0225,2.2537,ND,0.0037,0.0024,0.0045,0.0008,0.0007,0.0083,0.0238,0.0025,0.0216,0.0020,0.0005,ND,ND,ND,ND,ND,ND,0.0013,ND,ND,ND,51.58
7975.04,15,1.81,6.83,29.89,ND,1.8156,2.0777,2.91,0.3912,0.0295,0.0115,0.0267,2.5927,ND,0.0051,0.0039,0.0049,0.0010,0.0008,0.0086,0.0217,0.0024,0.0221,0.0018,0.0008,ND,ND,ND,ND,ND,0.0005,0.0013,ND,ND,ND,51.54
7975.50,15,1.95,6.30,29.80,ND,1.1646,2.0133,3.72,0.4128,0.0376,0.0148,0.0291,2.8783,ND,0.0054,0.0050,0.0048,0.0009,0.0010,0.0093,0.0195,0.0026,0.0226,0.0026,0.0009,ND,ND,ND,ND,0.0014,ND,0.0015,ND,0.0010,ND,51.60
7976.00,15,1.81,6.07,27.35,ND,1.5877,1.7839,5.87,0.3736,0.0361,0.0106,0.0404,3.4774,ND,0.0048,0.0041,0.0054,0.0011,0.0010,0.0080,0.0219,0.0025,0.0206,0.0020,0.0012,ND,ND,ND,ND,ND,ND,0.0010,ND,0.0014,ND,51.52
7976.51,15,1.82,6.63,31.44,ND,1.4756,2.1424,2.43,0.4127,0.0414,0.0119,0.0233,2.4542,ND,0.0059,0.0032,0.0035,0.0010,0.0009,0.0093,0.0231,0.0026,0.0248,0.0021,0.0011,ND,ND,ND,ND,ND,ND,0.0016,ND,0.0010,ND,51.03
7977.05,15,1.68,6.43,30.40,ND,1.7709,1.7959,4.03,0.3871,0.0352,0.0107,0.0240,2.2137,ND,0.0039,0.0034,0.0016,0.0011,0.0006,0.0074,0.0227,0.0026,0.0203,0.0022,0.0004,ND,ND,ND,ND,ND,ND,0.0010,ND,0.0011,0.0005,51.16
7977.50,15,1.85,5.75,30.07,ND,2.5730,1.7074,3.18,0.3834,0.0390,0.0087,0.0228,2.2840,ND,0.0033,0.0031,0.0020,0.0009,0.0006,0.0081,0.0216,0.0025,0.0241,0.0021,0.0007,ND,ND,ND,ND,ND,ND,0.0012,ND,0.0013,ND,52.06
7978.07,15,1.56,5.33,29.64,ND,2.7659,1.6144,3.44,0.3831,0.0258,0.0113,0.0197,2.1115,ND,0.0040,0.0028,0.0013,0.0007,0.0005,0.0075,0.0253,0.0023,0.0247,0.0019,0.0007,ND,ND,ND,ND,ND,ND,0.0013,ND,0.0010,ND,53.02
7978.50,15,1.50,5.58,30.57,ND,1.7394,1.7212,2.87,0.3971,0.0347,0.0103,0.0198,2.1016,ND,0.0041,0.0033,0.0016,0.0011,0.0006,0.0086,0.0238,0.0023,0.0247,0.0020,0.0004,ND,ND,ND,ND,ND,ND,0.0011,ND,0.0013,ND,53.39
7979.05,15,1.91,7.08,29.88,ND,2.3850,2.1541,2.13,0.4168,0.0406,0.0107,0.0239,2.5239,ND,0.0049,0.0043,0.0015,0.0012,0.0008,0.0094,0.0228,0.0025,0.0245,0.0023,ND,ND,ND,ND,ND,ND,0.0004,0.0014,ND,ND,ND,51.37
7979.50,15,1.82,7.27,30.26,ND,1.9232,2.2477,2.33,0.4238,0.0366,0.0096,0.0217,2.3204,ND,0.0053,0.0031,0.0017,0.0012,0.0008,0.0094,0.0234,0.0025,0.0238,0.0024,ND,ND,ND,ND,ND,ND,0.0005,0.0010,ND,ND,ND,51.27
7980.07,15,1.77,7.48,30.57,ND,1.4324,2.2778,1.80,0.4353,0.0402,0.0141,0.0216,2.0594,ND,0.0028,0.0030,0.0017,0.0006,0.0007,0.0084,0.0225,0.0023,0.0233,0.0019,ND,ND,ND,ND,ND,ND,ND,0.0013,ND,ND,ND,52.03
7980.50,15,1.82,7.77,31.09,ND,1.4210,2.4502,1.97,0.4440,0.0297,0.0156,0.0232,2.2590,ND,0.0049,0.0026,0.0032,0.0007,0.0008,0.0096,0.0199,0.0025,0.0235,0.0028,ND,ND,ND,ND,ND,0.0013,ND,0.0015,ND,ND,ND,50.63
7981.05,15,1.86,7.63,30.72,ND,1.5215,2.3839,2.30,0.4167,0.0246,0.0148,0.0220,2.0838,ND,0.0033,0.0036,0.0023,0.0009,0.0006,0.0090,0.0209,0.0027,0.0237,0.0023,ND,ND,ND,ND,ND,ND,ND,0.0009,ND,ND,ND,50.94
7981.48,15,1.67,6.64,32.73,ND,1.4088,2.0906,2.03,0.4316,0.0300,0.0091,0.0205,2.3795,ND,0.0039,0.0034,0.0037,0.0014,0.0006,0.0092,0.0212,0.0024,0.0237,0.0022,ND,ND,ND,ND,ND,0.0011,ND,0.0012,ND,0.0010,ND,50.48
7981.99,15,2.04,7.02,30.87,0.0447,1.5896,2.1581,2.67,0.4242,0.0304,0.0134,0.0213,2.2237,ND,0.0037,0.0027,0.0026,0.0008,0.0007,0.0086,0.0219,0.0024,0.0235,0.0020,ND,ND,ND,ND,ND,ND,ND,0.0011,ND,ND,ND,50.82
7982.54,15,1.92,5.45,30.61,0.0285,1.8611,1.7021,3.06,0.3638,0.0283,0.0101,0.0226,2.0982,ND,0.0038,0.0019,0.0016,0.0008,0.0006,0.0083,0.0234,0.0022,0.0229,0.0020,ND,ND,ND,ND,ND,ND,0.0006,0.0013,ND,ND,ND,52.77
7983.04,15,1.86,6.05,31.50,ND,1.4803,1.8209,3.72,0.3747,0.0285,0.0124,0.0258,2.2244,ND,0.0034,0.0030,0.0017,0.0009,0.0007,0.0078,0.0236,0.0025,0.0181,0.0022,0.0004,ND,ND,ND,ND,ND,ND,0.0010,ND,0.0015,ND,50.84
7983.50,15,1.71,6.10,30.80,ND,1.8355,1.9729,2.51,0.4031,0.0505,0.0148,0.0206,2.3097,ND,0.0063,0.0031,0.0036,0.0010,0.0010,0.0094,0.0216,0.0023,0.0216,0.0025,0.0014,ND,ND,ND,ND,0.0011,ND,0.0013,ND,ND,0.0006,52.20
7984.00,15,1.31,4.98,30.11,0.0510,1.0151,1.3962,6.24,0.4335,0.0612,0.0132,0.0246,2.2484,ND,0.0052,0.0023,0.0013,0.0012,0.0010,0.0071,0.2156,0.0034,0.0273,0.0022,ND,ND,ND,ND,ND,ND,ND,0.0010,ND,0.0025,0.0009,51.84
7984.50,15,1.65,6.51,29.96,ND,2.6642,1.9846,2.30,0.3815,0.0291,0.0134,0.0212,2.2103,ND,0.0051,0.0028,0.0020,0.0008,0.0007,0.0083,0.0224,0.0023,0.0238,0.0024,0.0010,ND,ND,ND,ND,ND,ND,0.0013,ND,0.0014,ND,52.20
7985.04,15,1.80,5.87,31.50,ND,1.6421,1.8184,3.95,0.3750,0.0265,0.0101,0.0233,2.2019,ND,0.0029,0.0030,0.0013,0.0007,0.0003,0.0082,0.0241,0.0023,0.0207,0.0021,ND,ND,ND,ND,ND,ND,ND,0.0014,ND,ND,ND,50.73
7985.50,15,3.18,3.46,20.89,ND,0.8044,0.7118,13.89,0.2558,0.0143,0.0077,0.0617,3.7349,ND,ND,0.0022,0.0006,0.0007,0.0003,0.0039,0.0401,0.0024,0.0171,0.0010,ND,ND,ND,ND,ND,0.0015,ND,0.0005,ND,0.0015,ND,52.92
7986.00,15,2.25,4.63,24.90,ND,0.7614,1.1361,12.41,0.3114,0.0277,0.0053,0.0677,2.1720,ND,ND,0.0021,0.0017,0.0006,0.0002,0.0056,0.0267,0.0018,0.0190,0.0016,ND,ND,ND,ND,ND,ND,ND,0.0006,ND,ND,ND,51.27
7986.52,15,3.45,4.42,22.28,ND,0.7563,1.0753,10.80,0.2875,0.0224,0.0055,0.0685,4.1385,ND,0.0014,0.0023,0.0010,0.0006,0.0003,0.0056,0.0228,0.0016,0.0183,0.0014,ND,ND,ND,ND,ND,ND,ND,0.0007,ND,ND,ND,52.64
7987.04,15,3.19,3.94,22.55,ND,0.6446,0.8923,10.75,0.2854,0.0157,0.0087,0.0717,3.9430,ND,ND,0.0020,0.0012,0.0006,0.0003,0.0051,0.0225,0.0015,0.0173,0.0014,ND,ND,ND,ND,ND,ND,ND,0.0006,ND,ND,ND,53.65
7987.50,15,2.83,4.79,22.71,ND,1.5552,1.2058,9.94,0.3065,0.0266,0.0080,0.0572,3.7678,ND,0.0023,0.0020,0.0015,0.0006,0.0003,0.0062,0.0237,0.0020,0.0180,0.0018,ND,ND,ND,ND,ND,ND,ND,0.0012,ND,ND,ND,52.75
7988.00,15,3.08,4.96,23.52,ND,0.9658,1.2005,9.65,0.3085,0.0219,0.0101,0.0625,3.8321,ND,0.0026,0.0020,0.0010,0.0006,0.0003,0.0059,0.0222,0.0019,0.0173,0.0015,ND,ND,ND,ND,ND,ND,ND,0.0008,ND,ND,ND,52.33
7988.50,15,2.65,5.05,26.02,ND,0.9965,1.2964,7.73,0.3208,0.0209,0.0074,0.0511,3.4095,ND,0.0021,0.0020,0.0015,0.0007,0.0005,0.0064,0.0235,0.0021,0.0197,0.0019,ND,ND,ND,ND,ND,ND,ND,0.0009,ND,0.0010,ND,52.38
7989.08,15,1.64,5.72,32.50,ND,1.0623,1.8053,2.67,0.3829,0.0350,0.0117,0.0228,2.0739,ND,0.0033,0.0025,0.0012,0.0009,0.0005,0.0081,0.0242,0.0023,0.0242,0.0021,ND,ND,ND,ND,ND,0.0011,ND,0.0012,ND,0.0013,ND,52.00
7989.50,15,1.86,6.42,31.09,ND,1.7735,2.0006,2.44,0.3973,0.0303,0.0092,0.0223,2.4118,ND,0.0039,0.0027,0.0014,0.0010,0.0006,0.0083,0.0221,0.0021,0.0236,0.0021,ND,ND,ND,ND,ND,ND,ND,0.0011,ND,ND,ND,51.48
7990.00,15,1.94,7.12,33.17,ND,0.7873,2.3706,1.33,0.4807,0.0306,0.0124,0.0216,2.2269,ND,0.0040,0.0025,0.0103,0.0007,0.0004,0.0107,0.0188,0.0026,0.0257,0.0024,ND,ND,ND,ND,ND,ND,ND,0.0013,ND,0.0012,ND,50.44
7990.50,15,1.86,7.29,32.28,ND,1.0593,2.4143,1.37,0.4474,0.0259,0.0132,0.0232,2.2931,ND,0.0034,0.0024,0.0071,0.0008,0.0007,0.0105,0.0171,0.0021,0.0240,0.0023,ND,ND,ND,ND,ND,ND,ND,0.0013,ND,0.0011,ND,50.85
7991.08,15,1.79,7.57,29.76,ND,1.2991,2.3509,2.37,0.4478,0.0278,0.0140,0.0232,2.2615,ND,0.0039,0.0028,0.0051,0.0006,0.0007,0.0089,0.0204,0.0026,0.0223,0.0024,ND,ND,ND,ND,ND,ND,ND,0.0013,ND,ND,ND,52.01
7991.51,15,1.78,6.41,30.01,ND,1.5737,2.0166,2.74,0.4149,0.0344,0.0131,0.0256,2.1936,ND,0.0035,0.0027,0.0137,0.0010,0.0006,0.0088,0.0256,0.0026,0.0224,0.0022,ND,ND,ND,ND,ND,0.0012,ND,0.0013,ND,ND,ND,52.71
7991.98,15,1.90,6.37,28.76,ND,1.7109,2.0055,4.24,0.4530,0.0306,0.0161,0.0257,2.8386,ND,0.0052,0.0029,0.0020,0.0011,0.0010,0.0092,0.0202,0.0028,0.0217,0.0024,0.0012,ND,ND,ND,ND,0.0013,ND,0.0015,ND,0.0010,0.0005,51.58
7992.50,15,1.87,6.73,30.91,ND,2.0433,2.1650,2.46,0.4271,0.0374,0.0149,0.0194,2.4706,ND,0.0066,0.0035,0.0066,0.0010,0.0013,0.0093,0.0199,0.0025,0.0231,0.0024,0.0017,ND,ND,ND,ND,ND,ND,0.0012,ND,ND,ND,50.76
7993.04,15,1.66,6.60,28.76,0.0355,1.4059,2.0746,6.01,0.4557,0.0418,0.0207,0.0251,2.6069,ND,0.0061,0.0031,0.0023,0.0010,0.0012,0.0096,0.0243,0.0035,0.0204,0.0025,0.0008,ND,ND,ND,ND,0.0012,ND,0.0015,ND,ND,0.0008,50.22
7993.50,15,1.65,6.64,30.68,ND,2.3102,2.0677,2.54,0.3844,0.0331,0.0098,0.0221,2.4141,ND,0.0055,0.0032,0.0048,0.0011,0.0011,0.0089,0.0202,0.0024,0.0220,0.0018,0.0016,ND,ND,ND,ND,ND,ND,0.0013,ND,0.0010,0.0006,51.18
7994.00,15,2.09,7.57,30.28,ND,1.7854,2.3281,2.05,0.4089,0.0478,0.0142,0.0234,2.4387,ND,0.0058,0.0035,0.0032,0.0011,0.0010,0.0096,0.0195,0.0026,0.0232,0.0023,0.0011,ND,ND,ND,ND,ND,ND,0.0012,ND,ND,ND,50.89
7994.50,15,1.86,6.83,28.84,0.0328,1.6443,2.2253,4.88,0.4359,0.0368,0.0198,0.0247,2.8409,ND,0.0055,0.0034,0.0018,0.0014,0.0009,0.0100,0.0230,0.0036,0.0205,0.0022,0.0012,ND,ND,ND,ND,ND,ND,0.0017,ND,ND,ND,50.25
7995.04,15,1.84,7.16,30.45,ND,1.9579,2.2325,2.29,0.4194,0.0420,0.0135,0.0231,2.5052,ND,0.0052,0.0040,0.0017,0.0011,0.0010,0.0093,0.0203,0.0022,0.0213,0.0020,0.0019,ND,ND,ND,ND,ND,ND,0.0013,ND,ND,0.0006,50.99
7995.50,15,1.73,6.04,30.64,ND,2.2386,1.9693,3.04,0.4036,0.0299,0.0110,0.0249,2.4571,ND,0.0063,0.0036,0.0017,0.0012,0.0010,0.0087,0.0198,0.0023,0.0206,0.0019,0.0021,ND,ND,ND,ND,ND,ND,0.0011,ND,0.0013,ND,51.34
7996.00,15,2.05,7.24,30.31,0.0444,1.9248,2.1699,2.59,0.4013,0.0282,0.0134,0.0221,2.4151,ND,0.0053,0.0031,0.0019,0.0012,0.0012,0.0088,0.0224,0.0022,0.0220,0.0021,0.0013,ND,ND,ND,ND,0.0011,ND,0.0012,ND,0.0011,ND,50.71
7996.50,15,1.49,5.64,27.48,0.1043,1.2093,1.6145,7.73,0.3754,0.0385,0.0184,0.0266,2.2940,ND,0.0039,0.0030,0.0017,0.0010,0.0009,0.0076,0.0373,0.0040,0.0204,0.0019,0.0006,ND,ND,ND,ND,ND,ND,0.0014,ND,0.0010,ND,51.89
7997.04,15,1.71,5.36,31.98,ND,1.3961,1.5676,3.84,0.3901,0.0244,0.0099,0.0224,2.2558,ND,0.0035,0.0023,0.0014,0.0009,0.0007,0.0070,0.0236,0.0025,0.0237,0.0022,0.0009,ND,ND,ND,ND,ND,ND,0.0011,ND,0.0011,ND,51.38
7997.50,15,1.82,6.32,30.00,ND,1.9138,1.8465,3.78,0.3513,0.0367,0.0105,0.0266,2.5448,ND,0.0036,0.0028,0.0951,0.0012,0.0007,0.0079,0.0235,0.0023,0.0183,0.0021,0.0007,ND,ND,ND,ND,0.0019,ND,0.0014,ND,ND,ND,51.19
7998.00,15,2.07,6.57,26.97,ND,1.7089,1.9505,5.44,0.3863,0.0336,0.0163,0.0227,2.7882,ND,0.0053,0.0025,0.0016,0.0011,0.0011,0.0084,0.0233,0.0028,0.0183,0.0022,0.0013,ND,ND,ND,ND,ND,0.0005,0.0013,ND,ND,0.0006,51.98
7998.50,15,1.83,6.76,31.09,ND,2.0243,2.0991,2.16,0.3989,0.0409,0.0106,0.0204,2.5766,ND,0.0066,0.0032,0.0013,0.0011,0.0011,0.0089,0.0212,0.0023,0.0212,0.0024,0.0010,ND,ND,ND,ND,0.0011,ND,0.0010,ND,0.0010,ND,50.92
7999.04,15,1.62,5.72,27.01,ND,1.4420,1.7192,7.19,0.3761,0.0324,0.0159,0.0274,2.7051,ND,0.0045,0.0028,0.0014,0.0010,0.0008,0.0078,0.0263,0.0029,0.0196,0.0020,0.0008,ND,ND,ND,ND,ND,ND,0.0014,ND,ND,ND,52.06
7999.50,15,1.80,6.07,25.94,0.0427,1.3321,1.8960,8.15,0.3890,0.0357,0.0172,0.0261,2.7450,ND,0.0055,0.0027,0.0016,0.0009,0.0011,0.0089,0.0276,0.0031,0.0166,0.0024,0.0005,ND,ND,ND,ND,ND,ND,0.0018,ND,ND,ND,51.47
8000.00,15,1.79,6.73,30.33,ND,1.5736,1.9754,3.15,0.3914,0.0328,0.0099,0.0263,2.2436,ND,0.0035,0.0024,0.0018,0.0009,0.0006,0.0083,0.0236,0.0024,0.0212,0.0021,ND,ND,ND,ND,ND,ND,ND,0.0011,ND,ND,ND,51.68
8000.50,15,1.62,6.35,31.06,ND,1.0327,1.9846,3.05,0.4306,0.0368,0.0122,0.0246,2.3868,ND,0.0044,0.0027,0.0015,0.0010,0.0008,0.0089,0.0218,0.0027,0.0229,0.0024,ND,ND,ND,ND,ND,ND,ND,0.0013,ND,0.0010,ND,51.94
8001.11,15,1.65,6.75,27.85,0.4142,1.7785,2.0966,5.50,0.4248,0.0432,0.0195,0.0280,2.9897,ND,0.0070,0.0033,0.0019,0.0011,0.0012,0.0093,0.0261,0.0064,0.0194,0.0026,0.0005,ND,ND,ND,ND,ND,0.0005,0.0013,ND,ND,0.0009,50.38
8001.50,15,2.02,7.16,31.16,ND,1.4758,2.2905,1.33,0.4530,0.0271,0.0093,0.0211,2.6877,ND,0.0045,0.0031,0.0019,0.0013,0.0006,0.0103,0.0178,0.0023,0.0231,0.0024,0.0004,ND,ND,ND,ND,ND,0.0005,0.0014,ND,0.0014,ND,51.30
8002.00,15,1.53,7.14,32.11,ND,1.3766,2.3096,1.45,0.4510,0.0341,0.0108,0.0219,2.3619,ND,0.0026,0.0030,0.0019,0.0010,0.0004,0.0101,0.0205,0.0023,0.0243,0.0026,ND,ND,ND,ND,ND,ND,ND,0.0010,ND,0.0011,ND,51.13
8002.49,15,2.04,6.38,29.37,0.0991,1.7309,1.9158,4.56,0.4493,0.0196,0.0160,0.0237,2.8945,ND,0.0048,0.0029,0.0019,0.0010,0.0009,0.0088,0.0230,0.0033,0.0219,0.0023,0.0006,ND,ND,ND,ND,ND,ND,0.0017,ND,ND,ND,50.42
8003.04,15,1.72,6.13,29.14,ND,1.8243,1.8700,3.71,0.3906,0.0342,0.0102,0.0251,2.2808,ND,0.0053,0.0030,0.0017,0.0009,0.0008,0.0085,0.0252,0.0024,0.0212,0.0021,0.0004,ND,ND,ND,ND,ND,ND,0.0013,ND,ND,ND,52.79
8003.50,15,1.99,6.24,31.59,ND,1.5678,1.8445,2.69,0.3966,0.0298,0.0099,0.0210,2.1681,ND,0.0039,0.0023,0.0014,0.0010,0.0007,0.0081,0.0261,0.0021,0.0215,0.0020,0.0003,ND,ND,ND,ND,ND,ND,0.0009,ND,0.0014,ND,51.38
8004.00,15,1.59,6.11,31.68,ND,1.5846,1.7732,3.11,0.3707,0.0346,0.0093,0.0227,1.9923,ND,0.0027,0.0027,0.0016,0.0007,0.0005,0.0075,0.0318,0.0022,0.0241,0.0019,ND,ND,ND,ND,ND,ND,0.0005,0.0010,ND,ND,ND,51.65
8004.50,15,1.71,5.90,25.00,0.3128,1.7465,1.8679,8.93,0.4089,0.0288,0.0185,0.0300,3.0170,ND,0.0070,0.0037,0.0016,0.0012,0.0010,0.0093,0.0306,0.0048,0.0170,0.0021,ND,ND,ND,ND,ND,ND,0.0006,0.0017,ND,ND,ND,50.93
8005.04,15,1.84,6.18,31.55,ND,1.0115,1.9260,2.93,0.4215,0.0223,0.0159,0.0239,2.2245,ND,0.0030,0.0028,0.0017,0.0009,0.0006,0.0089,0.0217,0.0023,0.0239,0.0023,ND,ND,ND,ND,ND,ND,ND,0.0013,ND,0.0014,ND,51.78
8005.50,15,1.67,5.92,31.55,ND,1.4065,1.8171,3.03,0.3618,0.0310,0.0135,0.0219,2.1534,ND,0.0044,0.0032,0.0016,0.0008,0.0007,0.0080,0.0275,0.0020,0.0219,0.0023,0.0008,ND,ND,ND,ND,ND,ND,0.0012,ND,0.0011,0.0006,51.94
8005.99,15,1.80,6.27,31.39,ND,1.4131,1.9013,3.30,0.3655,0.0308,0.0128,0.0226,2.2333,ND,0.0039,0.0029,0.0016,0.0008,0.0008,0.0077,0.0269,0.0021,0.0213,0.0018,0.0006,ND,ND,ND,ND,ND,ND,0.0015,ND,ND,ND,51.19
8006.50,15,1.76,6.74,30.64,ND,2.3239,2.0031,2.70,0.3997,0.0273,0.0138,0.0226,2.2849,ND,0.0043,0.0029,0.0016,0.0008,0.0007,0.0086,0.0251,0.0023,0.0227,0.0019,0.0003,ND,ND,ND,ND,ND,0.0004,0.0013,ND,ND,ND,51.01
8007.04,15,1.51,6.30,31.85,ND,1.4673,1.8916,2.57,0.4061,0.0298,0.0098,0.0203,2.1134,ND,0.0031,0.0029,0.0011,0.0011,0.0006,0.0078,0.0291,0.0024,0.0243,0.0021,ND,ND,ND,ND,ND,ND,ND,0.0011,ND,0.0011,ND,51.75
8007.50,15,1.99,5.37,30.74,0.0552,1.6753,1.6445,4.11,0.3492,0.0327,0.0114,0.0269,1.9730,ND,0.0028,0.0026,0.0010,0.0007,0.0006,0.0077,0.0244,0.0028,0.0179,0.0019,ND,ND,ND,ND,ND,ND,ND,0.0010,ND,0.0011,ND,51.95
8008.03,15,1.84,6.53,29.33,ND,1.5938,2.1005,3.88,0.4121,0.0299,0.0159,0.0223,2.5876,ND,0.0061,0.0031,0.0017,0.0011,0.0011,0.0093,0.0212,0.0025,0.0186,0.0021,0.0009,ND,ND,ND,ND,ND,ND,0.0015,ND,0.0013,ND,51.58
8008.50,15,1.67,6.42,32.14,ND,1.7154,2.0812,2.18,0.3904,0.0451,0.0138,0.0196,2.2581,ND,0.0051,0.0031,0.0015,0.0009,0.0011,0.0091,0.0248,0.0022,0.0207,0.0024,0.0015,ND,ND,ND,ND,ND,ND,0.0013,ND,0.0012,ND,51.00
8009.04,15,1.90,6.67,31.99,ND,1.4746,2.0635,2.06,0.4184,0.0364,0.0129,0.0192,2.2467,ND,0.0072,0.0036,0.0015,0.0008,0.0012,0.0091,0.0201,0.0022,0.0242,0.0024,0.0013,ND,ND,ND,ND,0.0010,ND,0.0013,ND,0.0013,0.0005,51.03
8009.50,15,1.81,5.26,31.08,ND,1.8451,1.5913,3.71,0.3873,0.0258,0.0094,0.0223,2.0207,ND,0.0035,0.0025,0.0012,0.0009,0.0005,0.0075,0.0294,0.0018,0.0224,0.0020,0.0005,ND,ND,ND,ND,ND,ND,0.0010,ND,ND,ND,52.17
8010.03,15,3.34,3.83,24.03,ND,0.6203,0.8480,11.26,0.2579,0.0243,0.0081,0.0530,3.3726,ND,ND,0.0025,0.0010,0.0005,0.0002,0.0044,0.0354,0.0020,0.0138,0.0012,ND,ND,ND,ND,ND,ND,ND,0.0007,ND,ND,ND,52.29
8010.50,15,2.99,4.60,22.75,ND,0.8057,1.1389,10.90,0.2989,0.0291,0.0073,0.0657,3.9176,ND,ND,0.0026,0.0008,0.0005,0.0002,0.0053,0.0237,0.0019,0.0188,0.0015,ND,ND,ND,ND,ND,ND,ND,0.0009,ND,ND,ND,52.43
8011.04,15,2.61,3.04,20.46,0.0620,1.1231,0.5436,16.80,0.2195,0.0187,0.0061,0.0584,3.7981,ND,0.0020,0.0019,0.0013,0.0006,0.0003,0.0030,0.0665,0.0025,0.0171,0.0012,ND,ND,ND,ND,ND,ND,ND,0.0011,ND,ND,ND,51.16
8011.50,15,2.48,5.48,25.09,ND,1.0857,1.5231,7.98,0.3154,0.0189,0.0064,0.0432,3.1989,ND,0.0027,0.0025,0.0014,0.0008,0.0002,0.0065,0.0244,0.0018,0.0160,0.0017,ND,ND,ND,ND,ND,ND,ND,0.0008,ND,0.0012,ND,52.72
8012.00,15,3.10,5.68,23.50,0.0525,1.3103,1.3201,9.63,0.2784,0.0254,0.0072,0.0631,3.7419,ND,0.0018,0.0019,0.0008,0.0008,0.0003,0.0051,0.0227,0.0019,0.0167,0.0012,ND,ND,ND,ND,ND,ND,ND,0.0005,ND,ND,ND,51.24
8012.50,15,2.67,5.06,24.69,ND,0.9119,1.2584,9.04,0.3092,0.0191,0.0063,0.0557,3.3571,ND,0.0023,0.0023,0.0013,0.0005,0.0004,0.0063,0.0230,0.0019,0.0191,0.0013,ND,ND,ND,ND,ND,ND,ND,0.0010,ND,ND,ND,52.56
8013.04,15,1.88,5.52,33.32,ND,0.9979,1.7609,1.90,0.4072,0.0260,0.0100,0.0275,2.0552,ND,0.0022,0.0021,0.0015,0.0005,0.0004,0.0073,0.0224,0.0021,0.0219,0.0021,ND,ND,ND,ND,ND,ND,ND,0,ND,ND,0,52.03
8013.50,15,1.42,6.50,34.81,ND,1.3956,2.1382,0.60,0.4470,0.0322,0.0108,0.0183,2.1807,ND,0.0031,0.0030,0.0018,0.0008,0.0006,0.0086,0.0210,0.0023,0.0235,0.0020,ND,ND,ND,ND,ND,ND,0.0005,0.0011,ND,0.0013,ND,50.38
8014.00,15,1.99,7.10,33.35,ND,0.9029,2.3117,1.39,0.4464,0.0241,0.0130,0.0243,2.2258,ND,0.0045,0.0030,0.0020,0.0008,0.0007,0.0100,0.0179,0.0022,0.0224,0.0025,ND,ND,ND,ND,ND,ND,ND,0.0012,ND,0.0010,ND,50.16
8014.55,15,1.64,7.62,32.65,ND,1.6987,2.5629,ND,0.4591,0.0280,0.0131,0.0165,2.2956,ND,0.0050,0.0034,0.0017,0.0007,0.0008,0.0100,0.0164,0.0023,0.0209,0.0025,ND,ND,ND,ND,ND,ND,0.0006,0.0012,ND,0.0013,ND,50.95
8015.04,15,1.83,6.73,31.37,ND,1.3749,2.1859,2.59,0.4195,0.0387,0.0156,0.0264,2.4342,ND,0.0051,0.0027,0.0014,0.0007,0.0010,0.0088,0.0216,0.0030,0.0202,0.0021,ND,ND,ND,ND,ND,0.0012,0.0005,0.0012,ND,0.0010,0.0005,50.90
8015.50,15,1.86,6.25,32.12,ND,0.8240,1.9744,2.86,0.4104,0.0359,0.0105,0.0268,2.1939,ND,0.0026,0.0029,0.0018,0.0009,0.0006,0.0086,0.0196,0.0024,0.0215,0.0019,ND,ND,ND,ND,ND,ND,ND,0.0012,ND,ND,ND,51.37
8016.05,15,1.73,6.03,33.13,ND,1.2074,2.0014,2.45,0.3800,0.0369,0.0140,0.0229,2.1861,ND,0.0040,0.0025,0.0015,0.0007,0.0007,0.0084,0.0210,0.0023,0.0201,0.0021,0.0005,ND,ND,ND,ND,ND,ND,0.0011,ND,ND,ND,50.76
8016.50,15,1.69,5.62,31.26,ND,1.4065,1.6983,4.05,0.3675,0.0174,0.0139,0.0254,2.3090,ND,0.0029,0.0027,0.0021,0.0011,0.0005,0.0074,0.0212,0.0022,0.0179,0.0018,0.0005,ND,ND,ND,ND,ND,0.0005,0.0012,ND,0.0009,ND,51.47
8017.04,15,1.82,6.46,28.88,0.0972,1.2468,2.0825,5.75,0.4270,0.0395,0.0172,0.0273,2.4429,ND,0.0051,0.0031,0.0017,0.0011,0.0011,0.0089,0.0249,0.0034,0.0193,0.0019,0.0005,ND,ND,ND,ND,ND,ND,0.0015,ND,0.0010,0.0009,50.64
8017.52,15,1.70,6.25,30.35,0.0721,1.1766,2.0165,4.54,0.4098,0.0348,0.0161,0.0219,2.3094,ND,0.0046,0.0033,0.0014,0.0010,0.0009,0.0091,0.0220,0.0033,0.0189,0.0021,0.0005,ND,ND,ND,ND,ND,ND,0.0014,ND,ND,ND,51.04
8018.00,15,1.72,6.40,29.33,ND,2.3383,1.9732,2.55,0.3710,0.0351,0.0109,0.0224,2.3114,ND,0.0048,0.0026,0.0018,0.0009,0.0011,0.0083,0.0201,0.0022,0.0195,0.0020,0.0016,ND,ND,ND,ND,ND,0.0004,0.0012,ND,0.0010,ND,52.86
8018.54,15,1.72,6.47,29.13,ND,2.4180,2.0748,2.81,0.4275,0.0309,0.0131,0.0221,2.3910,ND,0.0062,0.0033,0.0016,0.0009,0.0012,0.0092,0.0203,0.0024,0.0219,0.0023,0.0009,ND,ND,ND,ND,ND,ND,0.0012,ND,ND,0.0005,52.42
8019.04,15,1.74,5.63,30.71,ND,1.1483,1.7812,5.60,0.3878,0.0287,0.0139,0.0236,2.3143,ND,0.0043,0.0023,0.0013,0.0009,0.0007,0.0082,0.0234,0.0029,0.0211,0.0022,ND,ND,ND,ND,ND,0.0011,ND,0.0012,ND,ND,ND,50.55
8019.52,15,2.74,4.90,24.06,ND,1.3514,1.3735,9.52,0.2923,0.0295,0.0122,0.0520,3.5764,ND,0.0035,0.0030,0.0018,0.0008,0.0006,0.0065,0.0237,0.0027,0.0154,0.0015,0.0010,ND,ND,ND,ND,ND,0.0005,0.0010,ND,0.0012,ND,52.03
8020.02,15,1.62,6.38,30.14,0.0234,1.3269,2.0343,4.51,0.4219,0.0295,0.0121,0.0238,2.4308,ND,0.0065,0.0021,0.0021,0.0010,0.0009,0.0091,0.0210,0.0032,0.0213,0.0020,ND,ND,ND,ND,ND,ND,ND,0.0013,ND,ND,0.0005,50.97
8020.54,15,1.93,6.17,31.24,ND,1.3945,1.9649,4.00,0.4398,0.0271,0.0125,0.0235,2.1742,ND,0.0040,0.0028,0.0016,0.0009,0.0007,0.0086,0.0194,0.0029,0.0242,0.0023,ND,ND,ND,ND,ND,0.0012,ND,0.0013,ND,ND,0.0005,50.57
8021.04,15,2.37,5.29,23.01,ND,1.6989,1.4219,9.39,0.3234,0.0245,0.0112,0.0596,3.7925,ND,0.0031,0.0030,0.0015,0.0008,0.0006,0.0064,0.0210,0.0021,0.0191,0.0015,0.0008,ND,ND,ND,ND,ND,ND,0.0011,ND,ND,ND,52.54
8021.50,15,2.82,4.14,22.45,ND,0.8862,1.1190,11.08,0.3217,0.0201,0.0084,0.0675,3.8672,ND,0.0026,0.0020,0.0015,0.0010,0.0005,0.0058,0.0217,0.0018,0.0168,0.0014,0.0004,ND,ND,ND,ND,ND,ND,0.0009,ND,0.0013,ND,53.16
8022.04,15,1.94,5.65,29.28,ND,1.5110,1.7438,5.18,0.3664,0.0219,0.0117,0.0306,2.5719,ND,0.0044,0.0029,0.0016,0.0009,0.0008,0.0079,0.0183,0.0021,0.0221,0.0020,0.0005,ND,ND,ND,ND,ND,ND,0.0011,ND,0.0013,ND,51.63
8022.50,15,1.53,5.39,26.56,0.1727,1.1659,1.6310,9.24,0.3819,0.0320,0.0187,0.0241,2.3606,ND,0.0048,0.0031,0.0018,0.0011,0.0011,0.0077,0.0323,0.0037,0.0198,0.0016,0.0004,ND,ND,ND,ND,ND,ND,0.0012,ND,ND,ND,51.42
8023.04,15,1.98,4.60,25.28,0.2159,2.6668,1.0860,8.54,0.2952,0.0155,0.0084,0.0310,2.2216,ND,0.0021,0.0017,0.0017,0.0007,0.0004,0.0044,0.0334,0.0034,0.0172,0.0014,ND,ND,ND,ND,ND,ND,ND,0.0005,ND,0.0013,ND,52.99
8023.50,15,2.28,4.58,27.56,ND,1.0874,1.3680,6.98,0.3572,0.0161,0.0091,0.0337,2.9864,ND,0.0036,0.0025,0.0012,0.0007,0.0006,0.0067,0.0201,0.0023,0.0202,0.0019,0.0011,ND,ND,ND,ND,ND,0.0006,0.0009,ND,ND,ND,52.67
8024.00,15,1.97,4.55,28.50,ND,1.0771,1.2119,7.80,0.3277,0.0224,0.0089,0.0397,3.0477,ND,0.0018,0.0022,0.0009,0.0011,0.0003,0.0057,0.0228,0.0022,0.0187,0.0015,ND,ND,ND,ND,ND,ND,ND,0.0008,ND,ND,ND,51.40
8024.53,15,1.96,5.58,31.81,ND,1.3692,1.7376,3.80,0.3752,0.0285,0.0088,0.0310,2.3473,ND,0.0025,0.0025,0.0013,0.0011,0.0005,0.0076,0.0189,0.0024,0.0206,0.0021,ND,ND,ND,ND,ND,ND,ND,0.0011,ND,ND,ND,50.89
8025.04,15,1.77,6.32,30.25,ND,2.3722,1.9704,2.71,0.3943,0.0335,0.0106,0.0229,2.5864,ND,0.0051,0.0031,0.0015,0.0013,0.0010,0.0079,0.0181,0.0022,0.0210,0.0019,0.0007,ND,ND,0.0027,ND,ND,ND,0.0011,ND,0.0013,ND,51.49
8025.50,15,1.32,6.44,32.80,ND,2.2567,2.2076,0.88,0.4131,0.0480,0.0120,0.0197,2.6255,ND,0.0058,0.0035,0.0015,0.0013,0.0013,0.0090,0.0167,0.0019,0.0216,0.0022,0.0015,ND,ND,ND,ND,0.0011,ND,0.0015,ND,0.0013,ND,50.90
8025.98,15,1.78,6.31,30.60,ND,2.2579,2.0858,2.64,0.3789,0.0448,0.0151,0.0192,2.7215,ND,0.0098,0.0038,0.0017,0.0015,0.0024,0.0096,0.0163,0.0021,0.0204,0.0022,0.0036,ND,ND,ND,ND,ND,0.0007,0.0017,ND,0.0013,0.0008,51.07
8026.53,15,1.68,7.08,28.94,0.1643,1.5080,2.4334,4.08,0.4057,0.0418,0.0261,0.0194,3.1433,ND,0.0090,0.0038,0.0039,0.0017,0.0024,0.0113,0.0217,0.0036,0.0171,0.0025,0.0007,ND,ND,ND,ND,ND,ND,0.0014,ND,0.0012,0.0009,50.40
8027.04,15,1.59,6.69,32.81,ND,2.0768,2.3682,0.61,0.4119,0.0403,0.0199,0.0146,3.0461,ND,0.0088,0.0042,0.0092,0.0015,0.0018,0.0110,0.0113,0.0017,0.0180,0.0022,0.0008,ND,ND,ND,ND,ND,0.0007,0.0014,ND,0.0010,ND,50.25
8027.50,15,1.79,5.29,28.28,0.0537,1.4734,1.6944,7.10,0.3477,0.0591,0.0351,0.0173,2.8727,ND,0.0119,0.0045,0.0063,0.0015,0.0040,0.0084,0.0251,0.0027,0.0143,0.0019,0.0028,ND,ND,ND,ND,ND,0.0005,0.0014,ND,0.0014,0.0021,50.90
8028.00,15,1.30,6.65,32.16,ND,1.3903,2.4436,ND,0.4364,0.0503,0.0237,0.0118,2.7404,ND,0.0083,0.0037,0.0478,0.0009,0.0015,0.0122,0.0089,0.0016,0.0200,0.0027,0.0008,ND,ND,ND,ND,0.0017,ND,0.0017,ND,ND,0.0006,52.68
8028.49,15,1.41,6.50,33.71,ND,1.5481,2.2612,1.02,0.3915,0.0518,0.0266,0.0167,2.7398,ND,0.0123,0.0051,0.0048,0.0014,0.0030,0.0100,0.0136,0.0018,0.0174,0.0020,0.0025,ND,ND,ND,ND,ND,ND,0.0012,ND,0.0012,0.0005,50.24
8029.09,15,1.27,6.15,34.82,ND,1.2931,2.1377,ND,0.4283,0.0429,0.0160,0.0121,2.4597,ND,0.0064,0.0040,0.0205,0.0013,0.0015,0.0105,0.0158,0.0014,0.0222,0.0023,0.0008,ND,ND,ND,ND,ND,0.0005,0.0011,ND,0.0012,ND,51.28
8029.50,15,1.35,6.46,34.92,ND,1.9099,2.1937,ND,0.3783,0.0323,0.0139,0.0120,2.6975,ND,0.0063,0.0034,0.0113,0.0010,0.0010,0.0101,0.0162,0.0014,0.0179,0.0020,0.0007,ND,ND,ND,ND,0.0014,0.0006,0.0015,ND,0.0013,ND,49.96
8030.01,15,1.44,6.73,30.04,ND,2.2023,2.1575,2.01,0.3843,0.0555,0.0262,0.0133,2.9509,ND,0.0114,0.0048,0.0106,0.0012,0.0028,0.0108,0.0151,0.0016,0.0190,0.0022,0.0025,ND,ND,ND,ND,ND,0.0006,0.0016,ND,0.0010,ND,51.90
8030.50,15,ND,0.59,8.34,0.0364,0.5364,ND,36.54,0.0766,0.0217,ND,0.0343,1.3164,ND,ND,ND,0.0013,0.0009,0.0003,ND,0.3001,0.0019,0.0079,ND,ND,ND,ND,ND,ND,ND,ND,ND,ND,0.0042,ND,52.20
8031.04,15,1.42,1.30,6.77,ND,0.8016,0.0434,39.14,0.1085,0.0356,ND,0.0321,1.4477,ND,ND,0.0016,0.0034,0.0010,0.0004,ND,0.2293,0.0016,0.0043,ND,ND,ND,ND,ND,ND,ND,0.0006,ND,ND,0.0032,ND,48.65
8031.50,15,1.75,5.53,28.34,0.0293,2.4539,1.7448,5.13,0.3332,0.0410,0.0200,0.0159,4.0535,ND,0.0107,0.0051,0.0057,0.0026,0.0027,0.0090,0.0194,0.0021,0.0158,0.0023,0.0010,ND,ND,ND,ND,ND,0.0006,0.0012,ND,ND,0.0008,50.48
8032.02,15,1.49,6.25,33.43,ND,1.5303,2.0080,1.34,0.3871,0.0327,0.0096,0.0177,2.3481,ND,0.0036,0.0024,0.0036,0.0009,0.0005,0.0095,0.0136,0.0014,0.0207,0.0022,ND,ND,ND,ND,ND,0.0014,ND,0.0009,ND,0.0012,ND,51.09
8032.50,15,1.50,6.04,35.43,ND,1.7274,2.0020,0.75,0.3593,0.0274,0.0174,0.0174,2.7789,ND,0.0060,0.0026,0.0157,0.0014,0.0010,0.0093,0.0126,0.0014,0.0177,0.0023,0.0005,ND,ND,ND,ND,ND,ND,0.0015,ND,0.0010,ND,49.27
8033.07,15,1.58,6.50,31.97,ND,1.8962,2.1694,1.93,0.3996,0.0579,0.0287,0.0143,2.9799,ND,0.0122,0.0071,0.0237,0.0014,0.0029,0.0102,0.0141,0.0019,0.0180,0.0020,0.0024,ND,ND,ND,ND,0.0013,ND,0.0017,ND,ND,0.0010,50.38
8033.50,15,1.25,1.42,11.71,0.2369,0.8139,0.1778,31.59,0.1033,0.0339,0.0092,0.0276,1.5865,ND,0.0029,0.0023,0.4522,0.0013,0.0016,0.0011,0.2017,0.0042,0.0097,ND,0.0006,ND,0.0067,ND,ND,ND,ND,ND,ND,0.0038,0.0016,50.36
8033.99,15,1.82,3.19,21.09,0.1394,1.0128,0.8141,17.72,0.2455,0.0343,0.0196,0.0240,2.1714,ND,0.0061,0.0027,0.0043,0.0008,0.0018,0.0046,0.0518,0.0033,0.0115,0.0013,0.0007,ND,ND,ND,ND,ND,ND,0.0013,ND,ND,0.0007,51.63
8034.50,15,2.12,2.98,23.69,0.2594,1.1385,0.6465,15.87,0.2304,0.0229,0.0125,0.0229,2.2047,ND,0.0058,0.0022,0.0045,0.0011,0.0011,0.0044,0.0661,0.0040,0.0117,0.0012,0.0006,ND,ND,ND,ND,ND,ND,0.0005,ND,ND,0.0009,50.69
8035.07,15,1.71,5.86,32.58,ND,1.7838,1.8847,1.50,0.3979,0.0407,0.0087,0.0155,2.9159,ND,0.0057,0.0043,0.0044,0.0013,0.0006,0.0095,0.0155,0.0020,0.0185,0.0020,0.0004,ND,ND,ND,ND,0.0012,ND,0.0011,ND,0.0013,ND,51.23
8035.48,15,1.79,6.66,32.24,ND,2.0308,2.3038,1.32,0.4383,0.0413,0.0190,0.0204,3.2046,ND,0.0067,0.0038,0.0043,0.0017,0.0014,0.0115,0.0153,0.0021,0.0203,0.0025,0.0011,ND,ND,ND,ND,0.0012,0.0006,0.0016,ND,0.0011,ND,49.86
8036.00,15,1.62,5.02,27.99,ND,1.4240,1.4745,8.51,0.3275,0.0420,0.0184,0.0234,2.7509,ND,0.0065,0.0027,0.0020,0.0014,0.0018,0.0073,0.0474,0.0027,0.0168,0.0020,0.0009,ND,ND,ND,ND,0.0012,ND,0.0013,ND,0.0013,ND,50.70
8036.51,15,1.60,6.38,29.60,0.2371,1.8118,2.1564,2.74,0.3957,0.0701,0.0277,0.0155,3.1981,ND,0.0126,0.0055,0.0129,0.0015,0.0032,0.0102,0.0183,0.0027,0.0194,0.0022,0.0032,ND,ND,ND,ND,0.0013,ND,0.0012,ND,0.0012,0.0014,51.66
8037.07,15,1.75,6.64,30.74,ND,1.6234,2.1580,2.19,0.4164,0.0625,0.0237,0.0156,2.9730,ND,0.0112,0.0046,0.0247,0.0017,0.0030,0.0103,0.0178,0.0022,0.0223,0.0024,0.0032,ND,ND,ND,ND,0.0015,0.0005,0.0013,ND,0.0014,0.0017,51.31
8037.49,15,1.79,6.53,30.99,ND,1.4266,2.1613,3.03,0.4143,0.0652,0.0226,0.0173,2.8063,ND,0.0125,0.0057,0.0294,0.0014,0.0026,0.0103,0.0197,0.0025,0.0203,0.0020,0.0036,ND,ND,ND,ND,0.0016,0.0006,0.0016,ND,0.0011,0.0016,50.63
8037.96,15,0.92,3.13,24.73,0.1199,1.5184,0.7269,13.81,0.2728,0.0338,0.0105,0.0214,2.6257,ND,0.0052,0.0019,0.0030,0.0012,0.0011,0.0045,0.0634,0.0033,0.0142,0.0012,0.0008,ND,ND,ND,ND,ND,0.0005,0.0010,ND,0.0012,0.0010,51.98
8038.50,15,1.74,6.94,33.59,ND,1.5076,2.3646,0.58,0.4275,0.0435,0.0158,0.0146,2.6705,ND,0.0055,0.0032,0.0245,0.0011,0.0012,0.0109,0.0205,0.0016,0.0232,0.0023,0.0006,ND,ND,ND,ND,0.0015,ND,0.0014,ND,ND,ND,50.01
8039.04,15,1.59,6.72,30.10,ND,1.1374,2.2815,2.22,0.4290,0.0552,0.0340,0.0151,2.3854,ND,0.0107,0.0051,0.0092,0.0012,0.0030,0.0108,0.0174,0.0018,0.0219,0.0023,0.0012,ND,ND,ND,ND,ND,ND,0.0011,ND,0.0009,ND,52.94
8039.51,15,1.63,1.26,11.95,0.0608,0.5923,0.1038,30.89,0.1774,0.0436,0.0070,0.0332,1.3753,ND,ND,0.0010,0.0012,0.0007,0.0008,0.0010,0.2724,0.0026,0.0125,ND,ND,ND,ND,ND,ND,ND,ND,ND,ND,0.0025,ND,51.58
8040.00,15,1.42,5.26,26.28,0.2115,1.9113,1.5868,7.07,0.3773,0.0379,0.0206,0.0198,2.4932,ND,0.0104,0.0040,0.0012,0.0009,0.0024,0.0084,0.0234,0.0030,0.0222,0.0021,0.0007,ND,ND,ND,ND,0.0015,ND,0.0013,ND,ND,0.0007,53.23
8040.50,15,1.40,4.83,30.13,ND,1.4339,1.4221,6.07,0.3545,0.0293,0.0076,0.0181,2.1475,ND,0.0028,0.0018,0.0014,0.0008,0.0005,0.0071,0.0243,0.0015,0.0192,0.0018,ND,ND,ND,ND,ND,ND,ND,0.0012,ND,0.0012,ND,52.10
8041.07,15,1.32,4.28,25.79,0.3086,1.6518,1.0591,12.77,0.2777,0.0228,0.0116,0.0218,2.2068,ND,0.0032,0.0023,0.0015,0.0008,0.0005,0.0051,0.0490,0.0049,0.0146,0.0013,ND,ND,ND,ND,ND,ND,ND,0.0010,ND,ND,ND,50.20
8041.52,15,1.70,5.48,30.16,ND,1.7715,1.7243,5.12,0.3704,0.0304,0.0147,0.0179,2.4042,ND,0.0037,0.0026,0.0013,0.0008,0.0009,0.0084,0.0224,0.0020,0.0208,0.0020,ND,ND,ND,ND,ND,0.0015,ND,0.0016,ND,ND,ND,51.14
8042.00,15,1.55,5.52,32.35,ND,1.2903,1.7427,3.15,0.3907,0.0312,0.0185,0.0141,2.1976,ND,0.0051,0.0033,0.0016,0.0008,0.0013,0.0079,0.0225,0.0019,0.0233,0.0020,0.0004,ND,ND,ND,ND,0.0012,ND,0.0013,ND,0.0009,ND,51.68
8042.52,15,1.87,5.52,27.76,0.0197,0.9133,1.6748,5.87,0.3634,0.0432,0.0266,0.0210,2.2311,ND,0.0106,0.0042,0.0018,0.0008,0.0023,0.0080,0.0263,0.0022,0.0216,0.0018,0.0003,ND,ND,ND,ND,0.0011,ND,0.0013,ND,0.0010,0.0011,53.60
8043.06,15,1.68,6.04,34.46,ND,1.5626,1.8884,0.95,0.4263,0.0286,0.0121,0.0161,2.3310,ND,0.0039,0.0029,0.0021,0.0010,0.0008,0.0088,0.0187,0.0017,0.0245,0.0025,0.0004,ND,ND,ND,ND,ND,ND,0.0012,ND,ND,ND,50.53
8043.49,15,1.65,6.15,33.52,ND,1.7627,2.0828,0.36,0.4383,0.0311,0.0124,0.0150,2.6597,ND,0.0043,0.0030,0.0019,0.0014,0.0009,0.0084,0.0195,0.0017,0.0220,0.0023,0.0005,ND,ND,ND,ND,0.0014,0.0005,0.0013,ND,0.0011,ND,51.24
8044.00,15,2.21,5.81,28.62,ND,1.2506,1.8011,5.97,0.3690,0.0285,0.0144,0.0227,2.6784,ND,0.0035,0.0028,0.0019,0.0008,0.0009,0.0087,0.0217,0.0015,0.0200,0.0018,ND,ND,ND,ND,ND,ND,0.0005,0.0013,ND,ND,ND,51.16
8044.50,15,1.90,4.85,28.14,ND,2.1967,1.4137,5.69,0.3393,0.0272,0.0120,0.0190,2.3442,ND,0.0037,0.0020,0.0015,0.0006,0.0008,0.0075,0.0227,0.0016,0.0182,0.0019,ND,ND,ND,ND,ND,0.0011,ND,0.0013,ND,ND,ND,53.01
8045.03,15,1.72,4.00,17.92,1.2297,1.0983,1.0746,18.75,0.2593,0.0491,0.0242,0.0255,1.8852,ND,0.0094,0.0033,0.0016,0.0010,0.0018,0.0055,0.0652,0.0108,0.0134,0.0012,0.0006,ND,ND,ND,ND,ND,ND,0.0006,ND,0.0021,0.0026,51.85
8045.50,15,1.78,4.90,27.93,0.0803,1.4888,1.4615,7.01,0.3479,0.0266,0.0115,0.0212,2.5238,ND,0.0040,0.0022,0.0014,0.0009,0.0008,0.0074,0.0246,0.0021,0.0183,0.0015,0.0004,ND,ND,ND,ND,ND,ND,0.0013,ND,0.0012,ND,52.35
8046.00,15,1.74,5.57,30.21,ND,1.2377,1.6534,5.53,0.3811,0.0280,0.0127,0.0253,2.4909,ND,0.0030,0.0027,0.0017,0.0007,0.0007,0.0081,0.0225,0.0017,0.0193,0.0020,ND,ND,ND,ND,ND,0.0012,ND,0.0012,ND,0.0010,ND,51.06
8046.50,15,1.70,5.42,32.29,0.0275,1.7326,1.6815,3.86,0.3554,0.0366,0.0131,0.0186,2.4973,ND,0.0054,0.0023,0.0017,0.0007,0.0010,0.0078,0.0221,0.0021,0.0189,0.0018,ND,ND,ND,ND,ND,0.0013,ND,0.0013,ND,ND,0.0005,50.30
8047.03,15,1.46,2.50,12.87,1.3101,0.7089,0.5031,27.57,0.1439,0.0406,0.0264,0.0224,1.1657,ND,0.0055,0.0025,0.0013,0.0005,0.0012,0.0026,0.0933,0.0112,0.0069,ND,0.0004,ND,ND,ND,ND,ND,ND,ND,ND,0.0018,0.0014,51.54
8047.47,15,2.24,6.11,30.41,ND,1.4637,1.8686,3.57,0.4006,0.0313,0.0140,0.0199,2.5836,ND,0.0054,0.0036,0.0017,0.0009,0.0011,0.0094,0.0209,0.0020,0.0221,0.0021,ND,ND,ND,ND,ND,ND,ND,0.0012,ND,0.0012,ND,51.21
8048.00,15,1.50,5.52,32.21,ND,1.9419,1.6869,2.12,0.3897,0.0289,0.0122,0.0150,2.0521,ND,0.0040,0.0024,0.0015,0.0007,0.0006,0.0087,0.0261,0.0017,0.0209,0.0022,ND,ND,ND,ND,ND,ND,0.0006,0.0011,ND,0.0009,ND,52.45
8048.50,15,1.47,6.16,32.59,ND,1.4327,1.9372,1.86,0.3967,0.0255,0.0130,0.0154,2.4882,ND,0.0065,0.0032,0.0019,0.0009,0.0010,0.0094,0.0222,0.0018,0.0220,0.0023,0.0007,ND,ND,ND,ND,ND,0.0005,0.0014,ND,0.0014,ND,51.54
8049.04,15,1.24,5.84,32.03,ND,1.4784,1.8929,2.90,0.3848,0.0283,0.0147,0.0151,2.3830,ND,0.0062,0.0037,0.0017,0.0008,0.0013,0.0089,0.0222,0.0017,0.0187,0.0021,ND,ND,ND,ND,ND,ND,0.0006,0.0014,ND,ND,ND,51.74
8049.54,15,1.75,4.98,25.20,0.7558,1.2754,1.5703,9.75,0.3177,0.0370,0.0246,0.0194,2.2717,ND,0.0066,0.0030,0.0020,0.0008,0.0017,0.0080,0.0357,0.0025,0.0151,0.0015,ND,ND,ND,ND,ND,0.0012,ND,0.0010,ND,ND,0.0006,51.96
8050.02,15,1.42,5.52,30.37,ND,1.3971,1.7695,5.54,0.3450,0.0325,0.0142,0.0175,2.3248,ND,0.0054,0.0032,0.0015,0.0007,0.0014,0.0084,0.0243,0.0014,0.0160,0.0019,ND,ND,ND,ND,ND,ND,0.0005,0.0014,ND,ND,0.0005,51.18
8050.50,15,1.23,5.25,24.21,0.0592,0.8838,1.6445,11.52,0.3190,0.0366,0.0262,0.0185,1.9903,ND,0.0084,0.0037,0.0016,0.0009,0.0018,0.0087,0.0401,0.0027,0.0131,0.0015,0.0007,ND,ND,ND,ND,0.0011,0.0006,0.0011,ND,0.0012,0.0009,52.72
8051.04,15,1.39,3.06,21.03,ND,0.8980,0.7298,18.60,0.1970,0.0188,0.0115,0.0227,1.8298,ND,0.0025,0.0015,0.0012,0.0004,0.0006,0.0044,0.0715,0.0014,0.0093,0.0012,ND,ND,ND,ND,ND,ND,ND,0.0006,ND,ND,ND,52.12
8051.50,15,2.58,2.98,18.38,ND,0.9744,0.7419,18.96,0.1754,0.0244,ND,0.0424,2.7849,ND,0.0029,0.0019,0.0012,0.0007,0.0006,0.0042,0.0554,0.0012,0.0086,0.0009,ND,ND,ND,ND,ND,0.0016,ND,0.0005,ND,0.0013,ND,52.28
8052.00,15,3.44,1.99,14.28,ND,0.5693,0.4430,23.88,0.1469,0.0167,ND,0.0537,2.9692,ND,0.0024,ND,0.0013,0.0008,0.0003,0.0029,0.0689,0.0012,0.0067,0.0006,ND,ND,ND,ND,ND,ND,ND,ND,ND,0.0018,ND,52.13
8052.52,15,2.97,2.19,14.42,ND,0.5156,0.3967,25.12,0.1497,0.0159,0.0076,0.0450,2.4130,ND,0.0020,0.0014,0.0015,0.0005,0.0003,0.0026,0.0789,0.0013,0.0064,ND,ND,ND,ND,ND,ND,ND,ND,0.0005,ND,0.0018,ND,51.66
8053.05,15,2.07,3.16,20.15,ND,0.7689,0.7352,18.60,0.2135,0.0224,0.0083,0.0231,1.7835,ND,0.0017,0.0017,0.0014,0.0004,0.0006,0.0046,0.0691,0.0020,0.0105,0.0011,ND,ND,ND,ND,ND,ND,0.0005,0.0011,ND,0.0014,ND,52.37
8053.50,15,2.18,4.62,25.41,ND,1.1137,1.3629,10.49,0.2992,0.0285,0.0089,0.0240,2.4075,ND,0.0037,0.0022,0.0016,0.0009,0.0007,0.0074,0.0410,0.0017,0.0132,0.0019,ND,ND,ND,ND,ND,ND,ND,0.0009,ND,0.0015,ND,51.98
8054.02,15,2.22,4.06,23.24,ND,1.1672,1.0913,13.61,0.2334,0.0231,0.0090,0.0264,2.3282,ND,0.0038,0.0021,0.0014,0.0009,0.0006,0.0062,0.0450,0.0018,0.0110,0.0012,ND,ND,ND,ND,ND,ND,ND,0.0010,ND,0.0012,ND,51.92
8054.52,15,1.20,3.85,26.95,ND,1.0219,1.0532,11.07,0.2616,0.0259,0.0135,0.0170,1.9348,ND,0.0039,0.0018,0.0011,0.0006,0.0009,0.0062,0.0383,0.0014,0.0113,0.0014,ND,ND,ND,ND,ND,0.0011,ND,0.0009,ND,ND,ND,52.53
8055.05,15,1.65,4.68,24.53,ND,1.5579,1.2657,10.93,0.2881,0.0319,0.0238,0.0138,2.5897,ND,0.0100,0.0035,0.0138,0.0010,0.0023,0.0075,0.0340,0.0019,0.0121,0.0016,0.0006,ND,ND,ND,ND,ND,ND,0.0009,ND,ND,ND,52.35
8055.43,15,1.62,5.53,29.12,ND,1.2714,1.8117,4.58,0.3401,0.0397,0.0267,0.0131,2.2463,ND,0.0107,0.0034,0.0342,0.0006,0.0025,0.0090,0.0165,0.0015,0.0141,0.0019,0.0005,ND,ND,ND,ND,ND,ND,0.0014,ND,ND,ND,53.30
8056.02,15,1.35,1.00,15.77,0.0305,0.6150,0.1296,27.57,0.0999,0.0175,0.0123,0.0187,0.8587,ND,0.0020,0.0016,0.0025,0.0005,0.0006,0.0015,0.0877,0.0018,0.0052,ND,ND,ND,ND,ND,ND,0.0012,ND,ND,ND,0.0018,ND,52.42
8056.50,15,1.25,0.20,6.53,0.1830,0.2538,ND,39.67,0.0630,0.0140,ND,0.0284,0.8591,ND,ND,ND,0.0081,0.0004,0.0003,ND,0.1138,0.0018,0.0027,ND,ND,ND,ND,ND,ND,ND,ND,ND,ND,0.0031,ND,50.82
8057.04,15,1.48,5.65,28.95,ND,1.4829,1.8633,4.77,0.3587,0.0330,0.0200,0.0161,2.4475,ND,0.0077,0.0039,0.0286,0.0010,0.0019,0.0093,0.0199,0.0013,0.0164,0.0020,ND,ND,ND,ND,ND,0.0015,ND,0.0015,ND,0.0010,ND,52.83
8057.49,15,1.17,1.48,11.69,ND,0.7687,0.2258,31.17,0.1414,ND,0.0077,0.0222,1.4399,ND,0.0022,0.0011,0.0099,0.0008,0.0008,0.0022,0.2211,0.0015,0.0095,ND,ND,ND,ND,ND,ND,ND,ND,0.0006,ND,0.0044,ND,51.62
8057.98,15,1.56,4.33,26.02,0.2406,1.1943,1.1910,9.59,0.3079,0.0354,0.0202,0.0149,2.1018,ND,0.0075,0.0021,0.0124,0.0006,0.0018,0.0075,0.0277,0.0014,0.0128,0.0015,ND,ND,ND,ND,ND,ND,ND,0.0013,ND,ND,ND,53.32
8058.45,15,0.79,0.37,41.89,ND,0.0982,ND,4.22,0.0272,0.0096,ND,ND,0.1559,ND,ND,ND,0.0022,ND,ND,ND,0.0649,ND,0.0015,ND,ND,ND,ND,ND,ND,ND,ND,ND,ND,ND,ND,52.37
8059.11,15,1.69,1.13,11.34,0.1190,0.6273,0.0578,33.47,0.0843,0.0179,0.0097,0.0245,1.0015,ND,0.0020,0.0011,0.0028,ND,0.0007,0.0006,0.1301,0.0031,0.0046,ND,ND,ND,ND,ND,ND,0.0014,ND,0.0005,ND,0.0018,0.0012,50.27
8059.50,15,1.50,4.06,32.52,ND,1.3592,1.2009,3.57,0.2495,0.0280,0.0153,0.0127,2.0945,ND,0.0102,0.0029,0.0063,0.0009,0.0018,0.0069,0.0196,0.0012,0.0107,0.0016,0.0008,ND,ND,ND,ND,ND,ND,0.0009,ND,ND,0.0006,53.33
8060.00,15,1.10,3.50,31.17,ND,1.4757,0.9170,7.66,0.2315,0.0181,0.0122,0.0098,1.9237,ND,0.0077,0.0019,0.0078,0.0009,0.0011,0.0054,0.0425,0.0020,0.0095,0.0012,0.0005,ND,ND,ND,ND,ND,ND,0.0006,ND,0.0010,0.0009,51.90
8060.50,15,1.43,5.23,32.21,ND,1.4426,1.6233,3.39,0.3181,0.0301,0.0169,0.0139,2.2808,ND,0.0076,0.0020,0.0150,0.0010,0.0015,0.0086,0.0174,0.0010,0.0149,0.0018,0.0004,ND,ND,ND,ND,ND,ND,0.0012,ND,0.0010,ND,51.94
8061.04,15,1.35,4.77,26.68,ND,1.1252,1.3770,9.74,0.3190,0.0315,0.0207,0.0149,2.0854,ND,0.0075,0.0028,0.0158,0.0008,0.0018,0.0080,0.0353,0.0014,0.0127,0.0018,ND,ND,ND,ND,ND,0.0014,ND,0.0012,ND,0.0009,ND,52.40
8061.50,15,1.74,5.50,26.93,ND,1.9074,1.7534,5.89,0.3353,0.0412,0.0227,0.0160,2.5716,ND,0.0087,0.0046,0.0091,0.0014,0.0025,0.0095,0.0196,0.0015,0.0142,0.0019,0.0003,ND,ND,ND,ND,0.0012,ND,0.0013,ND,ND,ND,53.22
8062.00,15,1.79,5.39,26.08,ND,1.2148,1.8746,6.56,0.3574,0.0464,0.0333,0.0168,2.3260,ND,0.0110,0.0041,0.0087,0.0012,0.0027,0.0099,0.0197,0.0017,0.0146,0.0016,0.0005,ND,ND,ND,ND,ND,0.0005,0.0016,ND,0.0011,0.0006,54.22
8062.49,15,1.49,3.10,19.09,0.0630,1.0264,0.7668,19.81,0.2050,0.0358,0.0245,0.0139,1.6012,ND,0.0077,0.0023,0.0135,0.0006,0.0020,0.0051,0.0552,0.0016,0.0091,0.0012,ND,ND,ND,ND,ND,ND,0.0006,0.0010,ND,0.0011,ND,52.67
8063.04,15,1.67,3.37,19.22,0.3868,1.1383,0.7944,18.80,0.2106,0.0399,0.0235,0.0152,1.6277,ND,0.0099,0.0029,0.0016,0.0008,0.0020,0.0051,0.0792,0.0026,0.0096,0.0009,0.0004,ND,ND,ND,ND,ND,ND,0.0007,ND,0.0011,0.0008,52.58
8063.50,15,1.65,3.78,22.99,0.0833,1.2118,0.9500,14.63,0.2337,0.0336,0.0200,0.0144,2.0254,ND,0.0102,0.0035,0.0114,0.0012,0.0024,0.0054,0.0584,0.0020,0.0101,0.0009,0.0007,ND,ND,ND,ND,ND,ND,0.0007,ND,0.0017,0.0007,52.27
8064.00,15,1.56,5.65,31.16,ND,1.2655,1.7749,4.29,0.3584,0.0316,0.0150,0.0166,2.2264,ND,0.0071,0.0034,0.0173,0.0008,0.0013,0.0090,0.0280,0.0020,0.0164,0.0020,ND,ND,ND,ND,ND,ND,ND,0.0012,ND,0.0011,0.0006,51.56
8064.50,15,1.32,4.81,32.90,ND,1.5530,1.4120,4.16,0.3359,0.0225,0.0125,0.0135,2.3895,ND,0.0056,0.0023,0.0036,0.0008,0.0011,0.0074,0.0322,0.0016,0.0148,0.0014,0.0004,ND,ND,ND,ND,ND,0.0005,0.0012,ND,0.0015,ND,50.99
8065.07,15,1.35,5.08,27.73,ND,1.1723,1.3354,8.83,0.3381,0.0277,0.0151,0.0177,2.1979,ND,0.0058,0.0019,0.0016,0.0006,0.0012,0.0079,0.0323,0.0018,0.0155,0.0016,ND,ND,ND,ND,ND,ND,ND,0.0013,ND,0.0011,ND,51.82
8065.50,15,1.57,5.52,29.74,ND,1.2191,1.6326,5.34,0.3697,0.0305,0.0162,0.0214,2.4397,ND,0.0039,0.0030,0.0019,0.0007,0.0012,0.0088,0.0216,0.0015,0.0174,0.0021,ND,ND,ND,ND,ND,ND,0.0005,0.0015,ND,ND,ND,52.04
8066.00,15,1.33,1.32,8.83,0.0439,0.4446,0.1100,36.45,0.1091,0.0228,0.0093,0.0444,1.0009,ND,ND,0.0015,0.0019,0.0004,0.0004,0.0011,0.1001,0.0018,0.0050,ND,ND,ND,ND,ND,ND,ND,ND,0.0005,ND,0.0017,ND,50.17
8066.50,15,1.45,5.93,29.47,ND,1.4696,1.9230,4.93,0.3540,0.0280,0.0279,0.0185,2.5867,ND,0.0094,0.0035,0.0015,0.0008,0.0025,0.0100,0.0203,0.0014,0.0142,0.0021,ND,ND,ND,ND,ND,0.0013,ND,0.0017,ND,ND,ND,51.74
8067.04,15,1.19,2.84,22.26,2.0566,0.9664,0.6791,18.12,0.1624,0.0333,0.0188,0.0154,1.2723,ND,0.0073,0.0025,0.0032,0.0006,0.0015,0.0033,0.0861,0.0077,0.0072,0.0008,ND,ND,ND,ND,ND,0.0012,ND,0.0006,ND,0.0012,0.0026,50.26
8067.52,15,1.49,4.10,26.84,0.3125,1.1133,1.1302,10.21,0.2743,0.0324,0.0283,0.0146,1.9190,ND,0.0120,0.0034,0.0039,0.0008,0.0025,0.0072,0.0310,0.0017,0.0123,0.0018,0.0008,ND,ND,ND,ND,0.0010,ND,0.0011,ND,ND,ND,52.45
8068.00,15,1.25,4.34,32.72,ND,1.6235,1.2002,5.63,0.2693,0.0244,0.0110,0.0138,2.3963,ND,0.0050,0.0023,0.0016,0.0010,0.0009,0.0066,0.0354,0.0014,0.0127,0.0016,0.0004,ND,ND,ND,ND,ND,ND,0.0009,ND,0.0010,0.0005,50.45
8068.50,15,1.32,4.08,27.66,1.1008,1.6205,1.1245,9.72,0.2745,0.0290,0.0160,0.0179,2.4359,ND,0.0080,0.0028,0.0013,0.0010,0.0018,0.0061,0.0440,0.0074,0.0126,0.0015,0.0009,ND,ND,ND,ND,0.0011,0.0005,0.0008,ND,ND,0.0024,50.50
8069.04,15,1.50,3.92,24.21,1.2178,1.1228,0.9695,13.96,0.2495,0.0337,0.0184,0.0181,2.0477,ND,0.0045,0.0029,0.0014,0.0009,0.0012,0.0058,0.0578,0.0063,0.0111,0.0014,ND,ND,ND,ND,ND,ND,ND,0.0010,ND,0.0014,0.0008,50.64
8069.50,15,ND,0.82,7.35,0.0926,0.4377,0.0171,39.13,0.0652,0.0192,0.0113,0.0334,0.8790,ND,ND,0.0017,0.0014,0.0004,0.0004,0.0004,0.1411,0.0013,0.0039,0.0007,ND,ND,ND,ND,ND,0.0014,ND,ND,ND,0.0032,ND,50.99
8070.00,15,1.28,2.37,15.30,0.8383,0.8757,0.4344,26.34,0.1462,0.0307,0.0189,0.0177,1.4767,ND,0.0074,0.0024,0.0127,0.0006,0.0017,0.0029,0.1070,0.0044,0.0071,0.0006,0.0008,ND,ND,ND,ND,ND,ND,0.0007,ND,0.0020,0.0008,50.71
8070.55,15,1.46,5.04,33.46,ND,1.4497,1.5512,2.87,0.3325,0.0260,0.0122,0.0125,2.4266,ND,0.0054,0.0030,0.0070,0.0010,0.0010,0.0086,0.0204,0.0012,0.0158,0.0019,0.0004,ND,ND,ND,ND,ND,0.0006,0.0013,ND,0.0010,ND,51.29
8071.04,15,1.39,5.76,33.45,ND,1.6375,1.8203,2.22,0.3497,0.0287,0.0121,0.0125,2.5421,ND,0.0061,0.0033,0.0106,0.0011,0.0010,0.0091,0.0200,0.0013,0.0168,0.0020,0.0006,ND,ND,ND,ND,ND,ND,0.0012,ND,0.0015,ND,50.71
8071.50,15,1.42,4.27,24.21,0.0397,1.2254,1.1919,13.15,0.2809,0.0367,0.0177,0.0175,2.3094,ND,0.0054,0.0029,0.0042,0.0011,0.0016,0.0071,0.0620,0.0018,0.0121,0.0015,0.0004,ND,ND,ND,ND,ND,ND,0.0012,ND,ND,ND,51.73
8072.00,15,1.49,5.18,24.63,ND,1.8987,1.6774,9.29,0.2932,0.0453,0.0270,0.0153,2.4822,ND,0.0091,0.0039,0.0033,0.0011,0.0023,0.0094,0.0324,0.0017,0.0117,0.0018,0.0004,ND,ND,ND,ND,ND,ND,0.0015,ND,0.0015,ND,52.89
8072.50,15,1.04,0.20,2.49,0.1475,0.3520,ND,41.43,0.0683,0.0177,0.0068,0.0320,0.7930,ND,ND,0.0013,0.0012,0.0007,0.0004,0.0003,0.1366,0.0005,0.0035,ND,ND,ND,ND,ND,ND,ND,ND,ND,ND,0.0028,ND,53.27
8073.05,15,0.98,2.71,20.31,0.1535,1.2738,0.7165,18.56,0.2158,0.0338,0.0206,0.0179,2.0823,ND,0.0083,0.0042,0.0084,0.0010,0.0021,0.0054,0.0529,0.0016,0.0095,0.0012,0.0009,ND,ND,ND,ND,ND,ND,0.0009,ND,0.0015,ND,52.82
8073.51,15,1.60,4.77,25.60,0.6746,1.7445,1.4174,7.12,0.3189,0.0450,0.0292,0.0163,2.6436,ND,0.0116,0.0052,0.0132,0.0018,0.0031,0.0090,0.0208,0.0023,0.0147,0.0019,0.0006,ND,ND,ND,ND,ND,0.0005,0.0013,ND,0.0010,ND,53.93
8074.00,15,1.71,6.55,33.42,ND,1.6121,2.1748,0.71,0.3867,0.0372,0.0160,0.0180,2.8915,ND,0.0063,0.0039,0.0087,0.0015,0.0010,0.0114,0.0124,0.0013,0.0179,0.0021,0.0005,ND,ND,ND,ND,ND,ND,0.0014,ND,0.0011,ND,50.41
8074.52,15,1.57,7.11,29.22,ND,2.2715,2.3902,2.18,0.3850,0.0827,0.0436,0.0145,3.4641,ND,0.0173,0.0087,0.0277,0.0019,0.0050,0.0119,0.0125,0.0015,0.0146,0.0020,0.0040,ND,ND,ND,ND,ND,ND,0.0020,ND,0.0012,0.0007,51.16
8075.04,15,1.09,0.80,7.24,0.0721,0.4106,0.0772,36.23,0.0853,0.0390,0.0085,0.0414,1.1179,ND,ND,0.0015,0.0022,0.0006,0.0004,0.0009,0.0909,0.0032,0.0034,ND,ND,ND,ND,ND,ND,ND,ND,ND,ND,0.0013,ND,52.69
8075.50,15,1.52,4.97,28.22,0.1994,1.2298,1.5327,6.95,0.3186,0.0584,0.0261,0.0145,2.3531,ND,0.0096,0.0051,0.0139,0.0017,0.0031,0.0079,0.0329,0.0027,0.0159,0.0018,0.0015,ND,ND,ND,ND,ND,0.0006,0.0012,ND,0.0011,0.0012,52.51
8076.00,15,1.95,5.96,26.50,0.2216,2.1241,1.9001,5.39,0.3744,0.0682,0.0327,0.0153,3.0235,ND,0.0190,0.0073,0.0218,0.0023,0.0044,0.0104,0.0174,0.0025,0.0170,0.0020,0.0065,ND,ND,ND,ND,0.0013,ND,0.0012,ND,ND,0.0013,52.33
8076.52,15,1.65,4.91,27.34,ND,1.8809,1.4648,6.61,0.3420,0.0526,0.0202,0.0151,2.6213,ND,0.0109,0.0059,0.0079,0.0014,0.0022,0.0083,0.0229,0.0016,0.0186,0.0021,0.0029,ND,ND,ND,ND,ND,ND,0.0016,ND,ND,0.0008,52.99
8077.04,15,1.17,0.93,6.94,0.0881,0.4337,0.0440,37.97,0.0910,0.0390,ND,0.1387,1.2106,ND,ND,0.0013,0.0021,0.0006,0.0005,0.0007,0.1402,0.0019,0.0049,ND,ND,ND,ND,ND,ND,ND,ND,0.0006,ND,0.0024,ND,50.80
8077.51,15,1.63,7.22,33.24,ND,1.6652,2.4006,0.23,0.4125,0.0505,0.0177,0.0192,2.7435,ND,0.0068,0.0039,0.0036,0.0019,0.0013,0.0112,0.0149,0.0019,0.0209,0.0025,0.0006,ND,ND,ND,ND,ND,ND,0.0016,ND,ND,ND,50.30
8078.00,15,1.45,6.20,33.08,ND,2.2454,2.0342,1.14,0.3954,0.0512,0.0215,0.0122,2.9409,ND,0.0090,0.0046,0.0075,0.0021,0.0026,0.0088,0.0157,0.0020,0.0219,0.0020,0.0021,ND,ND,ND,ND,ND,ND,0.0016,ND,0.0010,ND,50.35
8078.50,15,1.72,5.96,27.74,0.0453,2.1290,1.6737,6.84,0.3777,0.0544,0.0291,0.0157,2.8395,ND,0.0153,0.0059,0.0129,0.0024,0.0037,0.0078,0.0386,0.0036,0.0200,0.0019,0.0047,ND,ND,ND,ND,ND,ND,0.0015,ND,0.0011,0.0026,50.45
8079.04,15,1.59,6.78,33.18,ND,1.4604,2.1401,0.65,0.4129,0.0396,0.0125,0.0184,2.2550,ND,0.0058,0.0035,0.0059,0.0013,0.0008,0.0098,0.0159,0.0021,0.0212,0.0020,ND,ND,ND,ND,ND,ND,ND,0.0013,ND,ND,ND,51.39
8079.51,15,1.21,5.34,34.53,ND,1.1484,1.5794,2.10,0.3722,0.0217,0.0090,0.0221,2.3308,ND,0.0025,0.0026,0.0014,0.0014,0.0006,0.0072,0.0233,0.0018,0.0205,0.0016,ND,ND,ND,ND,ND,ND,ND,0.0010,ND,ND,ND,51.27
8080.00,15,2.87,4.72,23.79,ND,0.6824,1.2137,10.12,0.3264,0.0255,0.0098,0.0495,3.4528,ND,0.0021,0.0022,0.0015,0.0010,0.0005,0.0062,0.0219,0.0021,0.0184,0.0017,ND,ND,ND,ND,ND,ND,ND,0.0009,ND,ND,ND,52.68
8080.50,15,3.46,4.41,21.01,ND,1.1934,1.0624,12.10,0.2924,0.0273,0.0062,0.0583,3.8072,ND,0.0021,0.0020,0.0017,0.0012,0.0005,0.0056,0.0225,0.0020,0.0165,0.0016,ND,ND,ND,ND,ND,ND,ND,0.0010,ND,ND,ND,52.52
8081.04,15,3.52,4.50,21.14,ND,1.0959,1.0241,12.62,0.3048,0.0297,0.0087,0.0647,3.8367,ND,0.0022,0.0020,0.0018,0.0011,0.0004,0.0051,0.0225,0.0024,0.0174,0.0015,0.0005,ND,ND,ND,ND,ND,ND,0.0007,ND,0.0011,ND,51.79
8081.50,15,2.04,5.07,30.00,ND,1.2821,1.4253,6.37,0.3560,0.0201,0.0068,0.0263,2.5185,ND,0.0033,0.0019,0.0011,0.0011,0.0004,0.0069,0.0276,0.0024,0.0175,0.0019,ND,ND,ND,ND,ND,0.0011,0.0005,0.0010,ND,0.0013,ND,50.82
8082.04,15,1.85,5.30,33.47,ND,2.5038,1.6341,1.67,0.3879,0.0290,0.0107,0.0162,2.1094,ND,0.0021,0.0019,0.0015,0.0014,0.0006,0.0070,0.0309,0.0018,0.0234,0.0019,0.0007,ND,ND,ND,ND,0.0011,ND,0.0012,ND,ND,ND,50.94
8082.55,15,1.23,5.08,30.74,0.0983,2.3519,1.5512,2.89,0.4014,0.0324,0.0114,0.0129,2.1613,ND,0.0042,0.0029,0.0015,0.0012,0.0008,0.0076,0.0254,0.0023,0.0258,0.0022,0.0011,ND,ND,ND,ND,ND,ND,0.0015,ND,0.0012,ND,53.36
8083.04,15,1.75,6.33,31.67,ND,1.9562,2.0252,1.59,0.4476,0.0459,0.0196,0.0143,2.5241,ND,0.0063,0.0042,0.0016,0.0013,0.0016,0.0090,0.0170,0.0025,0.0261,0.0023,0.0022,ND,ND,ND,ND,ND,ND,0.0018,ND,ND,0.0005,51.54
8083.50,15,1.89,6.94,31.35,ND,1.6994,2.2718,1.55,0.4580,0.0392,0.0233,0.0200,2.8569,ND,0.0069,0.0050,0.0040,0.0020,0.0018,0.0109,0.0147,0.0022,0.0229,0.0026,0.0008,ND,ND,ND,ND,ND,0.0006,0.0015,ND,0.0010,0.0007,50.82
8084.02,15,1.72,6.63,32.57,ND,1.4351,2.0793,1.87,0.4326,0.0301,0.0143,0.0166,2.4803,ND,0.0044,0.0027,0.0031,0.0010,0.0009,0.0091,0.0175,0.0024,0.0219,0.0024,ND,ND,ND,ND,ND,ND,ND,0.0015,ND,ND,ND,50.66
8084.47,15,1.67,6.23,32.45,0.0492,2.0077,1.9698,2.96,0.4110,0.0365,0.0196,0.0165,2.9156,ND,0.0050,0.0030,0.0030,0.0020,0.0015,0.0088,0.0214,0.0023,0.0214,0.0020,0.0006,ND,ND,ND,ND,ND,ND,0.0013,ND,ND,ND,49.19
8085.04,15,1.50,4.66,23.62,3.7516,1.5310,1.2830,12.84,0.2809,0.0604,0.0329,0.0244,2.2235,ND,0.0102,0.0044,0.0055,0.0013,0.0019,0.0060,0.0633,0.0302,0.0126,0.0017,0.0009,ND,ND,ND,ND,0.0014,ND,0.0008,ND,0.0016,0.0063,48.04
8085.50,15,1.57,4.98,26.08,0.3496,1.1473,1.3488,11.78,0.3129,0.0469,0.0308,0.0193,2.3751,ND,0.0092,0.0044,0.0062,0.0017,0.0027,0.0074,0.0334,0.0054,0.0126,0.0012,0.0006,ND,ND,ND,ND,0.0012,ND,0.0010,ND,ND,0.0015,49.87
8086.00,15,1.84,6.72,31.11,ND,1.0330,2.2777,2.34,0.3391,0.0459,0.0343,0.0135,2.3290,ND,0.0148,0.0054,0.0293,0.0018,0.0029,0.0110,0.0121,0.0016,0.0150,0.0018,0.0009,ND,ND,ND,ND,ND,ND,0.0021,ND,ND,ND,51.82
8086.50,15,1.43,6.55,34.18,ND,1.4189,2.2349,0.36,0.3684,0.0483,0.0238,0.0132,2.5195,ND,0.0082,0.0038,0.0076,0.0018,0.0019,0.0108,0.0132,0.0016,0.0167,0.0020,0.0007,ND,ND,ND,ND,ND,0.0006,0.0012,ND,0.0009,ND,50.79
8087.04,15,1.34,2.32,17.28,0.0410,1.5584,0.5467,24.21,0.1732,0.0464,0.0168,0.0204,1.5895,ND,0.0056,0.0019,0.0023,0.0012,0.0012,0.0035,0.0569,0.0023,0.0066,0.0010,0.0009,ND,ND,ND,ND,ND,0.0007,0.0009,ND,0.0013,0.0007,50.78
8087.50,15,1.71,6.29,30.87,ND,1.8065,2.1373,2.72,0.3653,0.1144,0.0379,0.0164,2.9600,ND,0.0186,0.0084,0.0340,0.0024,0.0056,0.0108,0.0132,0.0018,0.0165,0.0017,0.0095,ND,ND,ND,ND,ND,0.0006,0.0017,ND,0.0020,0.0011,50.85
8088.00,15,1.32,2.56,13.48,0.5153,1.1341,0.5190,26.83,0.1778,0.0597,0.0346,0.0209,2.0154,ND,0.0091,0.0033,0.0080,0.0025,0.0028,0.0030,0.2215,0.0069,0.0103,0.0011,0.0012,ND,ND,ND,ND,ND,ND,0.0007,ND,0.0029,0.0015,51.06
8088.50,15,1.48,6.36,32.85,ND,1.7981,2.1124,0.61,0.3740,0.0435,0.0212,0.0155,3.1003,ND,0.0108,0.0048,0.0056,0.0034,0.0031,0.0106,0.0114,0.0015,0.0155,0.0020,0.0012,ND,ND,ND,ND,ND,0.0006,0.0017,ND,0.0010,ND,51.15
8089.09,15,1.58,6.17,30.50,ND,2.1745,2.0761,2.86,0.3860,0.0836,0.0320,0.0129,3.0031,ND,0.0141,0.0068,0.0512,0.0025,0.0046,0.0101,0.0148,0.0019,0.0171,0.0020,0.0053,ND,ND,ND,ND,ND,ND,0.0018,ND,ND,0.0011,50.99
8089.50,15,1.44,6.35,34.09,ND,1.7877,2.1179,ND,0.4156,0.0643,0.0201,0.0110,2.6907,ND,0.0086,0.0040,0.0037,0.0029,0.0027,0.0102,0.0152,0.0018,0.0194,0.0023,0.0011,ND,ND,ND,ND,ND,0.0005,0.0016,ND,0.0009,0.0008,50.94
8090.00,15,1.53,6.08,31.82,ND,2.2421,2.0381,1.61,0.3873,0.0539,0.0223,0.0149,3.3369,ND,0.0082,0.0036,0.0039,0.0043,0.0023,0.0099,0.0142,0.0021,0.0161,0.0021,0.0015,ND,ND,ND,ND,ND,ND,0.0014,ND,0.0011,ND,50.80
8090.50,15,2.03,6.72,32.47,ND,2.2376,2.3666,0.62,0.3507,0.1036,0.0425,0.0138,3.2985,ND,0.0193,0.0085,0.0175,0.0031,0.0053,0.0109,0.0143,0.0019,0.0147,0.0021,0.0076,ND,ND,ND,ND,ND,0.0005,0.0019,0.0009,ND,0.0007,49.64
8091.04,15,1.64,6.44,32.34,ND,2.1639,2.1793,0.65,0.3801,0.0503,0.0190,0.0145,3.4876,ND,0.0086,0.0052,0.0040,0.0032,0.0023,0.0112,0.0115,0.0018,0.0169,0.0021,0.0008,ND,ND,ND,ND,ND,ND,0.0016,ND,0.0011,ND,50.55
8091.50,15,1.56,1.63,15.31,0.0608,1.2621,0.3303,26.88,0.1486,0.0405,0.0117,0.0282,1.4758,ND,0.0039,0.0025,0.0013,0.0011,0.0010,0.0026,0.0645,0.0035,0.0055,0.0006,0.0007,ND,ND,ND,ND,ND,ND,0.0007,ND,ND,0.0009,51.17
8092.00,15,1.90,6.01,28.00,ND,1.5464,1.9439,3.40,0.3690,0.1043,0.0467,0.0154,2.8978,ND,0.0286,0.0115,0.0214,0.0023,0.0063,0.0097,0.0127,0.0024,0.0157,0.0017,0.0160,ND,ND,ND,ND,ND,0.0007,0.0012,ND,ND,0.0027,53.63
8092.53,15,1.64,6.07,34.25,ND,2.0068,1.9891,0.94,0.3655,0.0560,0.0121,0.0172,3.1450,ND,0.0051,0.0041,0.0017,0.0036,0.0013,0.0099,0.0123,0.0020,0.0182,0.0022,0.0008,ND,ND,ND,ND,ND,ND,0.0017,ND,ND,0.0006,49.45
8093.05,15,1.66,6.35,32.24,ND,2.6149,2.0887,2.21,0.3637,0.0776,0.0284,0.0136,3.6795,ND,0.0111,0.0058,0.0039,0.0044,0.0040,0.0100,0.0146,0.0024,0.0154,0.0018,0.0037,ND,ND,ND,ND,ND,0.0006,0.0016,ND,0.0010,0.0008,48.60
8093.55,15,1.83,5.65,28.56,ND,1.5323,1.8272,3.66,0.3506,0.0928,0.0329,0.0188,2.8529,ND,0.0186,0.0084,0.0183,0.0023,0.0048,0.0091,0.0146,0.0025,0.0170,0.0018,0.0074,ND,ND,ND,ND,ND,0.0005,0.0014,ND,ND,0.0010,53.48
8094.00,15,1.58,6.68,33.32,0.0961,1.6308,2.3049,0.53,0.4184,0.0641,0.0209,0.0130,2.8596,ND,0.0096,0.0044,0.0103,0.0032,0.0025,0.0112,0.0121,0.0023,0.0183,0.0022,0.0011,ND,ND,ND,ND,ND,0.0007,0.0017,ND,0.0010,ND,50.39
8094.50,15,1.57,6.53,28.44,ND,1.9520,2.1153,2.05,0.3620,0.1324,0.0472,0.0130,3.3291,ND,0.0282,0.0099,0.0304,0.0029,0.0079,0.0109,0.0133,0.0024,0.0179,0.0021,0.0166,ND,ND,ND,0.0035,ND,ND,0.0021,ND,ND,0.0022,53.31
8095.04,15,1.86,6.42,29.39,ND,1.7656,2.0867,2.70,0.3771,0.0984,0.0351,0.0199,3.2301,ND,0.0203,0.0085,0.0130,0.0025,0.0055,0.0106,0.0147,0.0025,0.0172,0.0021,0.0085,ND,ND,ND,ND,ND,0.0007,0.0017,ND,ND,0.0017,51.91
8095.50,15,1.45,6.34,32.60,ND,2.6423,2.0202,1.15,0.3677,0.0725,0.0274,0.0120,3.8153,ND,0.0103,0.0048,0.0057,0.0036,0.0043,0.0099,0.0135,0.0020,0.0160,0.0019,0.0023,ND,ND,ND,ND,0.0012,0.0005,0.0018,ND,ND,ND,49.43
8096.00,15,2.10,6.29,29.08,ND,1.9046,1.9399,3.20,0.3769,0.0715,0.0301,0.0181,3.0940,ND,0.0168,0.0061,0.0087,0.0025,0.0041,0.0099,0.0157,0.0023,0.0197,0.0022,0.0039,ND,ND,ND,ND,ND,ND,0.0015,ND,0.0011,0.0015,51.81
8096.50,15,1.80,6.51,32.85,ND,1.6057,2.0455,1.12,0.4091,0.0429,0.0159,0.0145,2.4424,ND,0.0058,0.0026,0.0085,0.0016,0.0013,0.0099,0.0179,0.0022,0.0206,0.0021,ND,ND,ND,ND,ND,ND,ND,0.0014,ND,0.0012,0.0005,51.07
8097.04,15,1.74,6.87,32.85,0.0846,2.5430,2.3132,0.29,0.4292,0.0469,0.0252,0.0136,3.4093,ND,0.0066,0.0040,0.0018,0.0038,0.0020,0.0104,0.0172,0.0024,0.0187,0.0021,0.0008,ND,ND,ND,ND,0.0011,ND,0.0019,ND,0.0011,ND,49.31
8097.50,15,1.53,6.45,31.65,ND,3.1285,2.0270,1.88,0.4023,0.0485,0.0164,0.0169,3.0738,ND,0.0051,0.0028,0.0016,0.0025,0.0017,0.0086,0.0174,0.0021,0.0201,0.0021,0.0012,ND,ND,ND,ND,ND,ND,0.0015,ND,ND,ND,49.71
8098.01,15,1.49,5.49,31.41,ND,2.3770,1.7552,2.98,0.3938,0.0538,0.0169,0.0172,2.6138,ND,0.0060,0.0039,0.0016,0.0017,0.0019,0.0083,0.0180,0.0022,0.0229,0.0021,0.0021,ND,ND,ND,ND,0.0011,ND,0.0015,ND,0.0009,ND,51.33
8098.51,15,1.66,6.35,33.88,ND,2.1585,2.0461,0.36,0.4569,0.0823,0.0316,0.0124,2.5640,ND,0.0112,0.0050,0.1039,0.0018,0.0029,0.0089,0.0151,0.0024,0.0231,0.0023,0.0046,ND,0.0029,ND,ND,ND,ND,0.0017,ND,ND,0.0012,50.21
8099.04,15,1.89,7.75,31.28,ND,1.8118,2.4840,0.58,0.4801,0.0629,0.0193,0.0159,2.9244,ND,0.0044,0.0039,0.0178,0.0024,0.0014,0.0120,0.0130,0.0023,0.0230,0.0027,0.0006,ND,ND,ND,ND,ND,ND,0.0016,ND,0.0015,ND,50.62
8099.50,15,1.62,6.43,32.14,ND,1.5467,1.9774,1.64,0.3916,0.0376,0.0159,0.0155,2.7360,ND,0.0068,0.0033,0.0015,0.0017,0.0014,0.0093,0.0155,0.0018,0.0213,0.0022,0.0005,ND,ND,ND,ND,0.0014,ND,0.0015,ND,0.0010,ND,51.37
8100.00,15,1.44,4.05,23.39,1.0732,1.7398,1.1230,14.07,0.2975,0.0391,0.0181,0.0258,2.8500,ND,0.0049,0.0026,0.0016,0.0026,0.0012,0.0062,0.0408,0.0072,0.0139,0.0016,0.0007,ND,ND,ND,ND,ND,ND,0.0012,ND,ND,0.0007,49.80
8100.50,15,1.76,5.26,26.36,0.0814,1.7898,1.4795,8.96,0.3638,0.0316,0.0156,0.0233,3.0313,ND,0.0044,0.0031,0.0015,0.0021,0.0014,0.0075,0.0358,0.0031,0.0174,0.0018,0.0003,ND,ND,ND,ND,ND,0.0006,0.0013,ND,0.0011,ND,50.76
8101.04,15,1.60,3.91,21.45,2.0145,1.7189,0.9951,15.64,0.2491,0.0337,0.0181,0.0259,2.6185,ND,0.0038,0.0021,0.0011,0.0021,0.0010,0.0053,0.0479,0.0133,0.0119,0.0012,ND,ND,ND,ND,ND,ND,ND,0.0009,ND,0.0019,0.0012,49.63
8101.50,15,1.65,4.86,25.41,0.5118,1.5479,1.4039,9.76,0.3516,0.0343,0.0136,0.0235,2.8957,ND,0.0037,0.0027,0.0014,0.0019,0.0012,0.0075,0.0293,0.0036,0.0161,0.0020,ND,ND,ND,ND,ND,ND,0.0005,0.0013,ND,0.0010,ND,51.47
8102.00,15,1.58,6.52,31.53,ND,1.5132,2.0863,3.35,0.4165,0.0362,0.0122,0.0196,2.6960,ND,0.0056,0.0033,0.0017,0.0019,0.0012,0.0095,0.0285,0.0021,0.0217,0.0023,0.0004,ND,ND,ND,ND,ND,ND,0.0017,ND,0.0022,0.0007,50.16
8102.50,15,1.45,6.56,32.96,ND,1.5815,2.0302,2.09,0.3887,0.0361,0.0169,0.0182,2.7467,ND,0.0064,0.0031,0.0011,0.0017,0.0012,0.0096,0.0173,0.0017,0.0181,0.0022,ND,ND,ND,ND,ND,0.0012,ND,0.0018,ND,ND,ND,50.05
8103.04,15,1.61,4.55,24.85,0.0932,1.7836,1.2167,10.74,0.3226,0.0308,0.0142,0.0257,2.7721,ND,0.0041,0.0021,0.0015,0.0017,0.0011,0.0066,0.0312,0.0030,0.0149,0.0014,ND,ND,ND,ND,ND,ND,ND,0.0014,ND,ND,ND,51.93
8103.50,15,1.75,4.67,25.11,1.6903,1.7848,1.2564,12.16,0.3195,0.0434,0.0164,0.0264,2.8140,ND,0.0053,0.0032,0.0013,0.0024,0.0010,0.0062,0.0467,0.0134,0.0134,0.0014,0.0004,ND,ND,ND,ND,0.0013,ND,0.0010,ND,0.0015,0.0014,48.27
8104.00,15,3.46,5.07,21.20,ND,1.2262,1.1892,12.20,0.3001,0.0328,0.0100,0.0522,4.2607,ND,0.0029,0.0025,0.0014,0.0023,0.0009,0.0059,0.0221,0.0019,0.0138,0.0017,ND,ND,ND,ND,ND,ND,ND,0.0011,ND,ND,ND,50.95
8104.50,15,1.75,6.37,31.13,ND,1.7266,1.9264,3.70,0.3727,0.0522,0.0185,0.0203,2.8322,ND,0.0053,0.0030,0.0016,0.0020,0.0016,0.0092,0.0169,0.0019,0.0179,0.0021,0.0011,ND,ND,ND,ND,ND,ND,0.0016,ND,ND,ND,50.04
8105.04,15,1.77,6.30,27.42,0.2775,1.7927,1.9039,7.34,0.3878,0.0812,0.0383,0.0188,2.6670,ND,0.0139,0.0049,0.0080,0.0023,0.0034,0.0087,0.0308,0.0057,0.0164,0.0019,0.0025,ND,ND,ND,ND,ND,ND,0.0015,ND,0.0015,0.0021,49.90
8105.50,15,1.73,7.35,31.24,ND,2.1025,2.4441,1.13,0.4106,0.0685,0.0235,0.0177,3.1734,ND,0.0099,0.0057,0.4450,0.0028,0.0030,0.0121,0.0136,0.0020,0.0180,0.0024,0.0019,ND,0.0164,ND,ND,ND,ND,0.0022,ND,ND,0.0012,49.77
8106.00,15,1.81,5.98,29.20,0.1271,2.0803,1.7142,7.50,0.3783,0.0455,0.0181,0.0202,2.9375,ND,0.0066,0.0038,0.0014,0.0021,0.0016,0.0077,0.0305,0.0040,0.0141,0.0019,0.0006,ND,ND,ND,ND,0.0013,ND,0.0013,ND,ND,0.0013,48.11
8106.50,15,2.07,5.38,29.14,ND,1.0137,1.4837,6.75,0.3443,0.0368,0.0152,0.0283,2.9619,ND,0.0041,0.0024,0.0016,0.0015,0.0009,0.0075,0.0178,0.0020,0.0177,0.0019,ND,ND,ND,ND,ND,ND,0.0006,0.0012,ND,ND,ND,50.71
8107.06,15,2.17,5.95,27.96,ND,1.4949,1.7310,5.50,0.3721,0.0340,0.0154,0.0220,2.8141,ND,0.0067,0.0034,0.0019,0.0015,0.0012,0.0091,0.0183,0.0020,0.0179,0.0020,ND,ND,ND,ND,ND,0.0013,ND,0.0014,ND,0.0010,ND,51.87
8107.50,15,1.77,3.95,20.86,0.3005,1.2550,1.0296,16.30,0.2915,0.0314,0.0129,0.0279,2.5382,ND,0.0035,0.0025,0.0013,0.0018,0.0011,0.0058,0.0417,0.0043,0.0120,0.0013,0.0005,ND,ND,ND,ND,ND,ND,0.0009,ND,0.0017,ND,51.56
8108.00,15,3.52,5.42,22.72,ND,1.1154,1.3711,11.58,0.3017,0.0376,0.0121,0.0428,3.7682,ND,0.0042,0.0037,0.0012,0.0016,0.0011,0.0068,0.0213,0.0021,0.0131,0.0016,ND,ND,ND,ND,ND,ND,ND,0.0011,ND,ND,ND,50.05
8108.50,15,1.71,5.95,31.01,ND,2.1291,1.7972,3.80,0.3873,0.0443,0.0119,0.0180,2.8189,ND,0.0068,0.0035,0.0075,0.0018,0.0018,0.0086,0.0177,0.0022,0.0195,0.0020,0.0014,ND,ND,ND,ND,ND,ND,0.0017,ND,ND,ND,50.25
8109.07,15,1.67,6.46,30.44,0.1980,1.5581,1.9939,5.45,0.4201,0.0524,0.0282,0.0189,2.4886,ND,0.0090,0.0043,0.0092,0.0022,0.0021,0.0088,0.0270,0.0042,0.0168,0.0021,0.0019,ND,ND,ND,ND,ND,ND,0.0017,ND,0.0012,0.0019,49.13
8109.52,15,2.04,5.60,25.71,0.0593,1.2457,1.6326,7.08,0.3457,0.0836,0.0321,0.0187,2.4085,ND,0.0177,0.0074,0.0179,0.0019,0.0044,0.0090,0.0215,0.0032,0.0145,0.0016,0.0095,ND,ND,ND,ND,ND,0.0005,0.0010,ND,ND,0.0039,53.63
8110.00,15,1.34,6.01,31.36,ND,1.8459,1.8937,3.83,0.4025,0.0390,0.0181,0.0162,2.7611,ND,0.0100,0.0044,0.0053,0.0024,0.0022,0.0086,0.0322,0.0033,0.0165,0.0019,0.0008,ND,ND,ND,ND,ND,ND,0.0012,ND,0.0011,0.0012,50.39
8110.50,15,1.56,5.35,28.94,0.1691,1.5919,1.5731,8.29,0.3544,0.0480,0.0242,0.0186,2.5673,ND,0.0084,0.0032,0.0048,0.0024,0.0019,0.0075,0.0327,0.0042,0.0147,0.0018,0.0009,ND,ND,ND,ND,ND,ND,0.0014,ND,ND,0.0007,49.44
8111.09,15,1.45,6.40,33.82,ND,1.8141,2.1392,0.45,0.3859,0.0766,0.0260,0.0112,2.5357,ND,0.0136,0.0057,0.0148,0.0020,0.0033,0.0101,0.0143,0.0021,0.0177,0.0022,0.0052,ND,ND,ND,ND,ND,ND,0.0015,ND,ND,0.0009,50.81
8111.50,15,1.63,3.94,24.13,0.2989,1.0516,1.1013,12.46,0.2815,0.0644,0.0244,0.0180,2.0452,ND,0.0097,0.0043,0.0207,0.0018,0.0029,0.0063,0.0315,0.0050,0.0117,0.0014,0.0023,ND,ND,ND,ND,0.0019,ND,0.0007,ND,0.0010,0.0063,52.85
8111.98,15,1.57,5.55,33.78,ND,1.0526,1.7391,1.65,0.3732,0.0511,0.0178,0.0153,2.1349,ND,0.0072,0.0038,0.0248,0.0016,0.0020,0.0091,0.0154,0.0020,0.0195,0.0019,0.0005,ND,ND,ND,ND,0.0013,ND,0.0014,ND,ND,0.0006,51.98
8112.50,15,1.65,5.21,28.78,0.0253,1.3233,1.4730,7.92,0.3429,0.0363,0.0184,0.0185,2.3136,ND,0.0064,0.0031,0.0020,0.0018,0.0012,0.0087,0.0230,0.0022,0.0141,0.0017,ND,ND,ND,ND,ND,ND,ND,0.0010,ND,ND,ND,50.83
8113.08,15,1.84,4.64,25.39,0.2886,1.4623,1.2465,11.60,0.3069,0.0516,0.0286,0.0185,2.5267,ND,0.0099,0.0032,0.0115,0.0018,0.0026,0.0069,0.0309,0.0042,0.0119,0.0012,0.0012,ND,ND,ND,ND,ND,0.0006,0.0014,ND,ND,0.0007,50.51
8113.50,15,1.42,2.99,16.42,0.5589,0.7045,0.5932,26.06,0.2127,0.0443,0.0256,0.0215,1.4110,ND,0.0088,0.0029,0.0081,0.0011,0.0020,0.0033,0.0746,0.0056,0.0080,0.0008,0.0008,ND,ND,ND,ND,ND,0.0007,0.0006,ND,0.0017,0.0028,49.41
8114.02,15,2.95,4.35,24.41,ND,0.8791,1.0465,10.47,0.2777,0.0263,0.0078,0.0393,3.5610,ND,0.0034,0.0019,0.0027,0.0009,0.0005,0.0061,0.0218,0.0020,0.0125,0.0014,ND,ND,ND,ND,ND,ND,ND,0.0008,ND,0.0012,ND,51.92
8114.52,15,1.87,4.50,27.20,ND,1.2974,1.2426,9.19,0.3127,0.0318,0.0109,0.0269,2.7543,ND,0.0045,0.0031,0.0022,0.0013,0.0006,0.0069,0.0249,0.0021,0.0130,0.0017,ND,ND,ND,ND,ND,ND,ND,0.0010,ND,0.0012,ND,51.50
8115.04,15,1.47,3.96,22.65,0.1281,1.2062,1.1363,13.54,0.2921,0.0313,0.0154,0.0229,2.2810,ND,0.0062,0.0024,0.0018,0.0015,0.0013,0.0066,0.0376,0.0034,0.0114,0.0018,0.0008,ND,ND,ND,ND,ND,ND,0.0007,ND,0.0017,0.0008,53.20
8115.49,15,1.49,5.97,32.74,ND,1.8302,1.9000,2.50,0.3870,0.0346,0.0206,0.0134,3.0543,ND,0.0061,0.0038,0.0018,0.0021,0.0022,0.0094,0.0204,0.0019,0.0171,0.0023,0.0006,ND,ND,ND,ND,0.0011,ND,0.0016,ND,ND,ND,50.00
8116.00,15,1.72,6.71,30.92,ND,1.6476,2.2280,1.40,0.4241,0.0870,0.0426,0.0146,2.6869,ND,0.0269,0.0093,0.0287,0.0014,0.0053,0.0101,0.0123,0.0018,0.0179,0.0020,0.0078,ND,ND,ND,ND,0.0019,ND,0.0015,ND,ND,0.0012,51.98
8116.50,15,1.24,5.38,35.16,0.0448,1.7294,1.7470,0.83,0.3861,0.0338,0.0132,0.0151,2.5786,ND,0.0052,0.0036,0.0017,0.0012,0.0011,0.0074,0.0213,0.0025,0.0160,0.0016,ND,ND,ND,ND,ND,ND,0.0005,0.0011,ND,ND,ND,50.78
8117.04,15,1.67,5.58,35.70,ND,1.9428,1.7642,1.59,0.3872,0.0287,0.0148,0.0158,2.4850,ND,0.0067,0.0032,0.0012,0.0015,0.0012,0.0074,0.0241,0.0025,0.0147,0.0017,0.0003,ND,ND,ND,ND,0.0011,0.0005,0.0008,ND,ND,0.0009,48.75
8117.52,15,1.86,0.80,9.57,0.1303,0.7059,0.0090,35.60,0.1112,0.0432,ND,0.0264,1.5394,ND,ND,ND,0.0016,0.0006,0.0003,ND,0.3805,0.0023,0.0083,ND,ND,ND,ND,ND,ND,ND,ND,0.0009,ND,0.0033,ND,49.21
8118.00,15,2.42,3.71,20.91,0.1350,1.3541,0.9095,17.07,0.2527,0.0292,0.0136,0.0228,2.8310,ND,0.0045,0.0025,0.0014,0.0011,0.0014,0.0052,0.0394,0.0023,0.0100,0.0012,0.0007,ND,ND,ND,ND,ND,0.0006,0.0009,ND,0.0012,ND,50.27
8118.48,15,1.77,5.20,25.66,0.1241,1.1809,1.5359,11.33,0.3440,0.0374,0.0214,0.0188,2.2908,ND,0.0072,0.0030,0.0022,0.0011,0.0018,0.0082,0.0298,0.0024,0.0135,0.0019,0.0004,ND,ND,ND,ND,0.0012,0.0005,0.0013,ND,0.0010,ND,50.40
8119.06,15,1.51,6.58,33.13,0.0218,1.4636,2.1875,0.99,0.4067,0.0469,0.0323,0.0133,2.2522,ND,0.0106,0.0057,0.0125,0.0016,0.0030,0.0103,0.0146,0.0031,0.0175,0.0021,0.0010,ND,ND,ND,ND,0.0011,0.0006,0.0014,ND,0.0013,0.0013,51.28
8119.50,15,1.76,5.35,31.81,0.1312,2.0013,1.6084,4.11,0.3365,0.0354,0.0160,0.0153,3.0369,ND,0.0077,0.0037,0.0032,0.0013,0.0017,0.0084,0.0234,0.0015,0.0150,0.0018,0.0011,ND,ND,ND,ND,0.0011,0.0005,0.0013,ND,0.0010,ND,49.71
8120.03,15,1.47,2.61,16.09,0.4501,0.6605,0.5488,23.70,0.1707,0.0266,0.0251,0.0225,1.5460,ND,0.0078,0.0026,0.0080,0.0008,0.0020,0.0038,0.0554,0.0034,0.0065,ND,0.0007,ND,ND,ND,ND,ND,ND,0.0008,ND,0.0013,ND,52.59
8120.50,15,1.53,0.85,6.84,0.0804,0.7576,0.0197,37.73,0.0732,0.0190,0.0070,0.0367,1.3732,ND,ND,0.0017,0.0018,0.0005,0.0006,0.0005,0.0910,0.0010,0.0033,ND,ND,ND,ND,ND,ND,ND,ND,ND,ND,0.0022,ND,50.58
8121.04,15,1.53,2.18,20.22,0.1187,0.7244,0.3857,22.49,0.1278,0.0315,0.0116,0.0197,1.3885,ND,0.0041,0.0018,0.0016,0.0005,0.0009,0.0027,0.0503,0.0015,0.0057,0.0006,0.0004,ND,ND,ND,ND,0.0012,ND,0.0005,ND,ND,ND,50.70
8121.53,15,0.87,0.38,5.38,0.0287,0.6787,ND,39.03,0.0873,0.0253,ND,0.0349,1.1828,ND,ND,ND,0.0018,0.0009,0.0004,ND,0.3159,0.0007,0.0068,ND,ND,ND,ND,ND,ND,ND,ND,ND,ND,0.0051,ND,51.97
8122.04,15,1.83,6.77,31.25,0.0543,1.7288,2.3891,1.43,0.3849,0.0395,0.0219,0.0142,3.0912,ND,0.0133,0.0050,0.0314,0.0014,0.0025,0.0122,0.0108,0.0013,0.0149,0.0024,0.0005,ND,ND,ND,ND,ND,0.0006,0.0014,ND,0.0015,ND,50.91
8122.48,15,1.60,6.89,32.40,ND,1.2059,2.4306,0.32,0.4233,0.0263,0.0173,0.0161,2.6302,ND,0.0085,0.0052,0.0053,0.0011,0.0013,0.0127,0.0101,0.0008,0.0168,0.0027,0.0005,ND,ND,ND,ND,0.0011,ND,0.0016,ND,0.0009,ND,51.97
8123.05,15,0.59,0.20,41.82,ND,0.6062,ND,2.22,0.0359,ND,ND,0.0031,0.3843,ND,ND,0.0010,0.0006,ND,0.0003,0.0002,0.0110,0.0004,0.0011,ND,ND,ND,ND,ND,ND,ND,ND,ND,ND,ND,0.0007,54.12
8123.50,15,1.10,0.24,4.15,0.0629,0.3043,ND,40.82,0.0609,0.0163,ND,0.0264,0.9753,ND,ND,ND,0.0018,0.0005,0.0004,ND,0.1217,0.0015,0.0026,ND,ND,ND,ND,ND,ND,ND,ND,ND,ND,0.0027,ND,52.10
8124.09,15,1.69,6.06,27.24,1.2962,2.0595,1.9165,3.83,0.3671,0.0391,0.0319,0.0141,3.1481,ND,0.0170,0.0064,0.0322,0.0017,0.0035,0.0111,0.0111,0.0021,0.0140,0.0020,ND,ND,ND,ND,ND,ND,0.0006,0.0014,ND,ND,ND,52.21
8124.50,15,1.37,4.08,25.21,0.1683,1.5259,1.0400,13.36,0.2581,0.0354,0.0162,0.0172,2.1644,ND,0.0073,0.0039,0.0037,0.0010,0.0017,0.0062,0.0429,0.0020,0.0108,0.0013,0.0005,ND,ND,ND,ND,0.0013,ND,0.0010,ND,0.0016,ND,50.67
8125.06,15,1.53,2.81,19.18,0.2737,1.1656,0.6637,19.50,0.1961,0.0343,0.0206,0.0178,1.5161,ND,0.0065,0.0037,0.0017,0.0007,0.0013,0.0044,0.0437,0.0022,0.0071,0.0010,ND,ND,ND,ND,ND,ND,ND,0.0006,ND,0.0012,ND,53.02
8125.53,15,1.45,5.37,31.52,0.0248,1.3980,1.7871,2.67,0.3485,0.0376,0.0283,0.0147,2.4979,ND,0.0118,0.0059,0.0091,0.0012,0.0032,0.0088,0.0161,0.0029,0.0148,0.0019,0.0006,ND,ND,ND,ND,ND,0.0007,0.0015,ND,ND,0.0010,52.77
8126.00,15,1.54,6.07,34.28,ND,1.7241,1.8901,0.85,0.3903,0.0308,0.0152,0.0134,2.7951,ND,0.0063,0.0034,0.0070,0.0010,0.0015,0.0094,0.0109,0.0016,0.0192,0.0021,0.0004,ND,ND,ND,ND,ND,0.0005,0.0011,ND,ND,ND,50.35
8126.47,15,1.38,5.68,33.38,ND,1.5280,1.9416,0.75,0.3482,0.0380,0.0167,0.0133,2.6240,ND,0.0089,0.0050,0.0086,0.0010,0.0020,0.0096,0.0112,0.0012,0.0155,0.0021,0.0005,ND,ND,ND,ND,ND,0.0005,0.0014,ND,0.0009,ND,52.23
8127.04,15,1.52,6.50,32.98,ND,1.6883,2.1709,0.52,0.3717,0.0414,0.0199,0.0152,2.9427,ND,0.0088,0.0053,0.0104,0.0012,0.0028,0.0115,0.0116,0.0011,0.0158,0.0023,0.0007,ND,ND,ND,ND,0.0017,ND,0.0015,ND,ND,ND,51.16
8127.50,15,1.66,2.72,17.80,0.3191,1.0309,0.6394,21.63,0.1755,0.0408,0.0229,0.0200,1.7067,ND,0.0082,0.0026,0.0063,0.0006,0.0016,0.0044,0.0563,0.0029,0.0072,0.0009,0.0008,ND,ND,ND,ND,0.0012,ND,0.0009,ND,ND,0.0006,52.14
8128.00,15,1.30,1.42,18.80,0.1772,0.9006,0.1956,24.95,0.1062,0.0167,0.0140,0.0176,1.3025,ND,0.0051,0.0023,0.0026,0.0007,0.0011,0.0019,0.0964,0.0022,0.0051,ND,ND,ND,ND,ND,ND,ND,ND,ND,ND,0.0021,ND,50.67
8128.50,15,1.56,2.31,17.49,0.1591,0.6868,0.3575,27.60,0.1701,0.0339,0.0154,0.0205,1.3342,ND,0.0048,0.0029,0.0091,0.0006,0.0011,0.0023,0.0691,0.0020,0.0051,ND,0.0004,ND,ND,ND,ND,ND,ND,0.0006,ND,0.0015,ND,48.16
8129.05,15,0.95,0.25,41.28,ND,1.2429,ND,3.30,0.0223,ND,ND,ND,0.8426,ND,ND,ND,0.0004,0.0003,0.0003,0.0002,0.0117,ND,0.0009,ND,ND,ND,ND,ND,ND,ND,ND,ND,ND,ND,ND,52.09
8129.50,15,1.30,3.69,29.18,0.2341,1.1472,1.0499,10.31,0.2329,0.0394,0.0252,0.0135,1.9697,ND,0.0090,0.0038,0.0064,0.0012,0.0021,0.0058,0.0303,0.0022,0.0085,0.0010,0.0007,ND,ND,ND,ND,ND,ND,0.0008,ND,ND,0.0006,50.72
8129.96,15,2.08,3.58,26.63,0.9292,2.4719,0.9742,9.07,0.2196,0.0365,0.0263,0.0123,2.1143,ND,0.0096,0.0038,0.0065,0.0010,0.0030,0.0057,0.0324,0.0057,0.0081,0.0012,0.0014,ND,ND,ND,ND,ND,ND,0.0011,ND,0.0012,0.0014,51.77
8130.50,15,1.40,5.46,34.41,ND,2.4237,1.7949,0.13,0.3163,0.0403,0.0263,0.0097,3.2391,ND,0.0114,0.0050,0.0084,0.0013,0.0038,0.0100,0.0069,0.0010,0.0115,0.0016,0.0011,ND,ND,ND,ND,ND,ND,0.0014,ND,ND,ND,50.69
8131.10,15,1.32,5.98,34.69,ND,2,2,ND,0.3495,0.0399,0.0250,0.0101,2.4849,ND,0.0118,0.0058,0.0162,0.0014,0.0026,0.0104,0.0081,0.0014,0.0136,0.0017,0.0006,ND,ND,ND,ND,ND,ND,0.0012,ND,0.0010,0.0006,51.46
8131.50,15,1.23,1.55,20.27,0.1366,1.4050,0.2734,20.84,0.1396,0.0320,0.0118,0.0174,1.3922,ND,0.0043,0.0020,0.0032,0.0007,0.0009,0.0023,0.0575,0.0021,0.0048,ND,0.0004,ND,ND,ND,ND,ND,ND,0.0005,ND,0.0013,ND,52.63
8132.00,15,1.46,6.43,35.00,ND,1.4847,2.1030,0.18,0.3843,0.0437,0.0190,0.0123,2.7727,ND,0.0103,0.0045,0.0098,0.0010,0.0018,0.0114,0.0080,0.0014,0.0148,0.0024,0.0006,ND,ND,ND,ND,ND,ND,0.0015,ND,ND,ND,50.05
8132.50,15,1.29,3.12,26.96,0.2424,1.1797,0.6181,17.60,0.1823,0.0217,0.0160,0.0156,1.6861,ND,0.0051,0.0030,0.0050,0.0007,0.0013,0.0034,0.0567,0.0027,0.0070,0.0008,0.0004,ND,ND,ND,ND,ND,0.0006,0.0007,ND,0.0011,ND,46.98
8133.04,15,1.89,5.66,35.65,ND,1.2923,1.8085,0.33,0.3733,0.0303,0.0146,0.0107,2.3540,ND,0.0067,0.0030,0.0053,0.0009,0.0017,0.0089,0.0110,0.0013,0.0180,0.0016,ND,ND,ND,ND,ND,ND,0.0006,0.0013,ND,0.0012,ND,50.54
8133.55,15,1.91,6.16,34.96,ND,1.0256,1.8908,1.06,0.3545,0.0304,0.0177,0.0153,2.5868,ND,0.0062,0.0037,0.0049,0.0007,0.0013,0.0106,0.0096,0.0012,0.0136,0.0018,0.0003,ND,ND,ND,ND,0.0011,0.0005,0.0013,ND,ND,ND,49.93
8134.01,15,1.25,5.71,34.42,ND,2.4308,1.9007,0.21,0.3400,0.0382,0.0328,0.0126,3.2719,ND,0.0094,0.0054,0.0092,0.0029,0.0032,0.0093,0.0099,0.0012,0.0151,0.0020,0.0009,ND,ND,ND,ND,ND,0.0007,0.0017,ND,0.0015,ND,50.32
8134.50,15,1.26,5.85,35.77,ND,1.7082,1.8931,ND,0.3474,0.0347,0.0261,0.0162,2.7796,ND,0.0107,0.0051,0.0067,0.0014,0.0028,0.0101,0.0084,0.0009,0.0148,0.0020,ND,ND,ND,ND,ND,ND,ND,0.0014,ND,ND,ND,50.25
8135.04,15,1.72,6.26,33.71,ND,1.2674,1.9847,1.75,0.3563,0.0431,0.0309,0.0100,2.3466,ND,0.0093,0.0050,0.0061,0.0010,0.0023,0.0104,0.0125,0.0018,0.0160,0.0019,0.0009,ND,ND,ND,ND,ND,ND,0.0014,ND,ND,ND,50.44
8135.50,15,1.58,5.73,35.81,ND,0.9092,1.6862,1.20,0.3870,0.0254,0.0146,0.0136,2.1437,ND,0.0050,0.0036,0.0025,0.0008,0.0009,0.0089,0.0144,0.0016,0.0181,0.0021,0.0004,ND,ND,ND,ND,ND,ND,0.0011,ND,ND,ND,50.45
8136.04,15,1.03,2.87,22.52,3.2959,1.4420,0.6908,16.63,0.2011,0.0403,0.0248,0.0232,1.9377,ND,0.0067,0.0032,0.0036,0.0012,0.0011,0.0042,0.0570,0.0229,0.0076,0.0008,0.0008,ND,ND,ND,ND,ND,0.0005,0.0007,ND,0.0015,0.0043,49.18
8136.50,15,1.75,6.35,33.41,ND,1.6983,2.0620,1.62,0.3770,0.0512,0.0278,0.0162,2.8731,ND,0.0111,0.0059,0.0157,0.0015,0.0035,0.0107,0.0137,0.0017,0.0170,0.0023,0.0024,ND,ND,ND,ND,ND,ND,0.0014,ND,0.0014,0.0006,49.68
8137.04,15,1.66,5.92,36.45,ND,1.2536,1.8488,ND,0.3921,0.0361,0.0167,0.0126,2.0340,ND,0.0052,0.0031,0.0185,0.0009,0.0016,0.0098,0.0134,0.0013,0.0195,0.0022,ND,ND,ND,ND,ND,0.0014,ND,0.0012,ND,ND,ND,50.30
8137.53,15,1.27,2.42,21.34,0.2196,1.2699,0.5052,20.15,0.1882,0.0201,0.0152,0.0183,1.9907,ND,0.0048,0.0021,0.0028,0.0009,0.0010,0.0033,0.0589,0.0028,0.0071,0.0008,ND,ND,ND,ND,ND,ND,ND,0.0010,ND,0.0012,ND,50.50
8137.08,15,1.68,5.63,31.14,ND,2.1433,1.8960,1.70,0.3426,0.0368,0.0342,0.0108,2.7407,ND,0.0138,0.0064,0.0094,0.0017,0.0027,0.0103,0.0100,0.0013,0.0151,0.0021,0.0006,ND,ND,ND,ND,ND,ND,0.0015,ND,0.0011,ND,52.57
8138.50,15,1.49,5.93,35.39,ND,1.4613,2.0621,0.04,0.3267,0.0380,0.0200,0.0118,2.8172,ND,0.0095,0.0050,0.0097,0.0020,0.0022,0.0109,0.0138,0.0010,0.0131,0.0018,0.0012,ND,ND,ND,ND,ND,0.0006,0.0019,ND,0.0012,ND,50.34
8139.04,15,1.40,0.61,9.51,0.0321,0.3430,ND,35.04,0.0805,0.0281,0.0070,0.0249,0.8759,ND,ND,0.0011,0.0015,ND,0.0003,0.0004,0.0977,0.0012,0.0032,ND,ND,ND,ND,ND,ND,ND,ND,ND,ND,0.0014,ND,51.93
8139.50,15,1.21,2.62,31.74,0.2643,1.2693,0.6341,10.73,0.1945,0.0178,0.0095,0.0143,1.9367,ND,0.0048,0.0024,0.0026,0.0007,0.0010,0.0039,0.0394,0.0025,0.0076,0.0010,0.0007,ND,ND,ND,ND,ND,ND,0.0009,ND,0.0012,0.0010,49.29
8140.01,15,1.90,5.93,30.59,ND,1.4418,1.7410,4.26,0.3532,0.0328,0.0235,0.0186,3.0581,ND,0.0084,0.0050,0.0070,0.0018,0.0020,0.0094,0.0134,0.0012,0.0133,0.0016,0.0003,ND,ND,ND,ND,ND,ND,0.0018,ND,ND,ND,50.59
8140.50,15,2.28,1.91,19.05,0.2477,0.8940,0.3605,21.14,0.1404,0.0284,0.0133,0.0246,2.1354,ND,0.0047,0.0022,0.0046,0.0006,0.0009,0.0025,0.0502,0.0025,0.0075,0.0009,ND,ND,ND,ND,ND,ND,ND,0.0004,ND,ND,0.0007,51.70
8141.04,15,1.35,5.91,34.58,ND,1.2421,1.8178,0.35,0.3932,0.0316,0.0101,0.0124,2.1219,ND,0.0072,0.0044,0.0041,0.0010,0.0012,0.0094,0.0115,0.0015,0.0184,0.0022,ND,ND,ND,ND,ND,ND,ND,0.0011,ND,ND,ND,52.12
8141.53,15,3.68,3.69,23.12,ND,0.8024,0.7853,12.00,0.2619,0.0266,0.0098,0.0327,3.4389,ND,0.0033,0.0019,0.0024,0.0004,0.0008,0.0049,0.0210,0.0012,0.0127,0.0014,ND,ND,ND,ND,ND,ND,ND,0.0009,ND,ND,ND,52.11
8142.05,15,1.99,4.37,25.93,0.2101,1.7828,1.1311,11.71,0.2933,0.0263,0.0142,0.0205,3.1267,ND,0.0074,0.0031,0.0018,0.0015,0.0016,0.0066,0.0272,0.0026,0.0118,0.0018,ND,ND,ND,ND,ND,ND,ND,0.0012,ND,0.0010,ND,49.34
8142.50,15,1.74,6.07,30.15,0.0853,1.3944,1.8507,4.60,0.3789,0.0283,0.0174,0.0178,2.8739,ND,0.0054,0.0037,0.0018,0.0011,0.0016,0.0099,0.0167,0.0012,0.0148,0.0024,ND,ND,ND,ND,ND,0.0010,ND,0.0015,ND,0.0009,ND,50.73
8143.05,15,1.59,5.70,29.12,0.3181,1.9131,1.6145,7.64,0.3401,0.0420,0.0285,0.0168,2.6018,ND,0.0143,0.0059,0.0122,0.0010,0.0027,0.0071,0.0283,0.0048,0.0167,0.0026,0.0007,ND,ND,ND,ND,ND,ND,0.0014,ND,0.0014,0.0019,48.96
8143.50,15,1.25,5.43,34.84,ND,1.6119,1.5800,1.14,0.3834,0.0240,0.0129,0.0120,2.2919,ND,0.0042,0.0033,0.0046,0.0010,0.0008,0.0090,0.0160,0.0017,0.0207,0.0029,0.0007,ND,ND,ND,ND,ND,ND,0.0013,ND,ND,ND,51.36
8144.00,15,2.29,5.07,28.94,ND,1.2438,1.3951,6.52,0.3347,0.0286,0.0098,0.0225,3.1883,ND,0.0056,0.0033,0.0039,0.0009,0.0010,0.0080,0.0218,0.0015,0.0148,0.0017,0.0003,ND,ND,ND,ND,ND,0.0005,0.0011,ND,ND,ND,50.90
8144.52,15,1.50,6.87,30.61,0.0498,1.1066,2.1195,3.27,0.3800,0.0399,0.0203,0.0161,2.4595,ND,0.0080,0.0044,0.0027,0.0009,0.0020,0.0113,0.0159,0.0015,0.0160,0.0021,ND,ND,ND,ND,ND,ND,0.0005,0.0016,ND,ND,ND,51.48
8145.05,15,1.62,0.72,12.59,ND,0.6579,ND,34.23,0.0652,0.0275,0.0085,0.0222,0.9108,ND,ND,ND,0.0024,0.0003,0.0005,ND,0.1392,0.0018,0.0034,ND,ND,ND,ND,ND,ND,0.0016,ND,ND,ND,0.0019,ND,49.01
8145.51,15,1.67,6.44,31.20,0.0993,1.0259,2.0545,2.24,0.3797,0.0421,0.0199,0.0132,2.1799,ND,0.0121,0.0063,0.0078,0.0009,0.0024,0.0109,0.0106,0.0012,0.0162,0.0023,ND,ND,ND,ND,ND,0.0011,ND,0.0014,ND,ND,ND,52.56
8146.00,15,1.30,0.30,8.54,0.0577,0.4552,ND,37.74,0.0663,0.0198,ND,0.0353,0.9620,ND,ND,0.0011,0.0028,0.0003,0.0005,ND,0.0772,0.0018,0.0030,ND,ND,ND,ND,ND,ND,ND,ND,ND,ND,0.0014,ND,50.43
8146.50,15,1.08,0.57,8.32,0.0971,0.3268,ND,38.44,0.0563,0.0259,ND,0.0349,0.7484,ND,ND,0.0012,0.0019,0.0003,0.0003,0.0004,0.0689,0.0015,0.0021,ND,ND,ND,ND,ND,ND,0.0016,ND,ND,ND,0.0021,ND,50.23
8147.06,15,1.54,3.56,24.23,0.1419,0.9740,0.9086,13.48,0.2487,0.0256,0.0119,0.0167,2.1297,ND,0.0080,0.0034,0.0021,0.0008,0.0016,0.0063,0.0384,0.0017,0.0093,0.0014,ND,ND,ND,ND,ND,ND,ND,0.0009,ND,ND,0.0008,52.66
8147.51,15,1.62,4.89,24.58,0.3931,1.3745,1.3519,10.83,0.2952,0.0292,0.0249,0.0209,2.7704,ND,0.0106,0.0045,0.0025,0.0013,0.0026,0.0081,0.0270,0.0024,0.0115,0.0019,0.0004,ND,ND,ND,ND,ND,ND,0.0013,ND,ND,0.0011,51.75
8148.00,15,1.09,0.28,3.51,ND,0.2212,ND,41.92,0.0485,0.0150,ND,0.0583,0.7643,ND,ND,ND,0.0017,ND,0.0003,0.0002,0.0798,0.0009,0.0030,ND,ND,ND,ND,ND,ND,0.0016,ND,0.0005,ND,0.0022,ND,52.01
8148.50,15,1.10,0.22,2.95,ND,0.1634,ND,42.14,0.0658,0.0160,ND,0.0591,0.7111,ND,ND,0.0010,0.0048,0.0004,ND,ND,0.0982,0.0007,0.0028,ND,ND,ND,ND,ND,ND,ND,0.0006,ND,ND,0.0025,ND,52.46
8149.07,15,2.00,1.35,20.00,0.2149,0.8705,0.1527,21.89,0.1504,0.0154,0.0070,0.0300,2.4062,ND,0.0050,0.0021,0.0084,0.0008,0.0011,0.0013,0.2716,0.0021,0.0121,0.0007,ND,ND,ND,ND,ND,ND,ND,0.0006,ND,0.0042,ND,50.59
8149.50,15,0.98,0.26,4.61,ND,0.2059,ND,41.02,0.0527,0.0181,0.0072,0.0430,0.7166,ND,ND,0.0015,0.0088,ND,0.0003,ND,0.0657,0.0009,0.0017,ND,ND,ND,ND,ND,ND,ND,ND,0.0006,ND,0.0013,ND,52.00
8150.01,15,1.23,0.30,6.66,0.0871,0.2503,ND,39.53,0.0515,0.0198,0.0058,0.0187,0.6151,ND,ND,0.0014,0.0019,0.0004,0.0002,0.0003,0.0745,0.0014,0.0022,ND,ND,ND,ND,ND,ND,ND,ND,ND,ND,0.0025,ND,51.15
8150.49,15,2.03,4.61,27.21,ND,1.0032,1.2044,9.08,0.3097,0.0333,0.0140,0.0213,2.6417,ND,0.0058,0.0033,0.0033,0.0006,0.0015,0.0071,0.0243,0.0015,0.0125,0.0018,ND,ND,ND,ND,ND,ND,ND,0.0011,ND,0.0011,ND,51.77
8151.05,15,1.73,6.93,31.99,0.8698,1.3704,2.3040,0.59,0.3813,0.0446,0.0230,0.0170,2.8188,ND,0.0088,0.0047,0.0051,0.0013,0.0029,0.0113,0.0102,0.0010,0.0132,0.0024,0.0004,ND,ND,ND,ND,ND,ND,0.0017,0,ND,ND,50.88
8151.52,15,1.05,3.96,18.31,0.0724,0.6960,0.8807,21.27,0.2700,0.0270,0.0233,0.0191,1.8137,ND,0.0073,0.0029,0.0072,0.0008,0.0013,0.0062,0.0333,0.0010,0.0081,0.0013,ND,ND,ND,ND,ND,ND,ND,0.0009,ND,0.0010,ND,51.54
8152.00,15,1.42,3.90,22.76,ND,0.9267,0.9194,17.38,0.2442,0.0265,0.0157,0.0171,2.2266,ND,0.0050,0.0033,0.0046,0.0008,0.0014,0.0057,0.0271,0.0009,0.0080,0.0013,ND,ND,ND,ND,ND,0.0011,ND,0.0009,ND,ND,ND,50.10
8152.50,15,1.70,8.43,29.40,0.1971,1.7466,2.9168,0.71,0.4622,0.0422,0.0343,0.0147,3.3306,ND,0.0129,0.0066,0.0089,0.0017,0.0035,0.0145,0.0103,0.0011,0.0158,0.0030,0.0004,ND,ND,ND,ND,ND,0.0006,0.0021,ND,ND,ND,50.94
8153.05,15,1.34,0.60,8.90,ND,0.5799,ND,36.57,0.1050,0.0367,0.0075,0.0180,1.1724,ND,0.0019,0.0015,0.0013,0.0008,0.0004,ND,0.1927,0.0008,0.0048,0.0007,ND,ND,ND,ND,ND,0.0015,ND,ND,ND,0.0035,ND,50.45
8153.50,15,0.99,0.41,9.78,ND,0.3052,ND,37.48,0.0567,0.0174,0.0076,0.0143,0.6840,ND,ND,0.0018,0.0014,ND,0.0003,0.0005,0.0602,0.0008,0.0022,ND,ND,ND,ND,ND,ND,ND,ND,0.0005,ND,ND,ND,50.18
8153.98,15,1.46,0.32,7.12,ND,0.1452,ND,38.02,0.0568,0.0141,0.0058,0.0118,0.6266,ND,ND,0.0012,0.0016,ND,ND,0.0003,0.0648,0.0008,0.0023,ND,ND,ND,ND,ND,ND,ND,0.0007,ND,ND,0.0020,ND,52.14
8154.50,15,ND,0.25,5.47,0.0284,0.1810,ND,39.50,0.0582,0.0149,0.0075,0.0160,0.6093,ND,ND,0.0020,0.0015,0.0003,0.0003,0.0003,0.0702,0.0008,0.0023,ND,0.0004,ND,ND,ND,ND,ND,0.0007,ND,ND,0.0022,ND,53.78
8155.05,15,1.14,0.67,9.82,0.2034,0.5870,ND,34.42,0.0853,0.0184,0.0061,0.0199,1.1370,ND,ND,0.0017,0.0017,0.0005,0.0006,0.0007,0.0743,0.0017,0.0029,ND,ND,ND,ND,ND,ND,ND,ND,ND,ND,0.0018,ND,51.82
8155.50,15,1.34,0.18,7.61,0.1005,0.7447,ND,38.42,0.0624,0.0140,0.0073,0.0140,1.7592,ND,ND,0.0014,0.0072,0.0006,0.0005,ND,0.0691,0.0018,0.0025,ND,ND,ND,ND,ND,ND,ND,ND,ND,ND,0.0016,ND,49.66
8156.00,15,1.36,5.14,37.66,ND,1.3004,1.6754,ND,0.2908,0.0215,0.0131,0.0140,2.3814,ND,0.0130,0.0048,0.0094,0.0008,0.0016,0.0093,0.0071,0.0007,0.0097,0.0013,0.0004,ND,ND,ND,ND,ND,0.0004,0.0017,ND,0.0009,ND,50.08
8156.49,15,1.74,5.95,33.44,ND,1.5534,1.9834,ND,0.3308,0.0295,0.0186,0.0156,2.6542,ND,0.0116,0.0052,0.0074,0.0011,0.0019,0.0115,0.0091,0.0010,0.0118,0.0018,ND,ND,ND,ND,ND,ND,0.0006,0.0016,ND,ND,ND,52.22
8157.05,15,1.25,6.19,36.24,ND,0.8781,1.9823,0.45,0.3303,0.0277,0.0107,0.0146,2.1847,ND,0.0070,0.0042,0.0156,0.0008,0.0012,0.0112,0.0098,0.0011,0.0119,0.0018,ND,ND,ND,ND,ND,0.0014,0.0005,0.0016,ND,ND,ND,50.38
8157.49,15,1.01,0.32,43.09,0.3319,0.7193,ND,1.32,0.0229,0.0117,ND,ND,0.6465,ND,ND,ND,ND,ND,0.0003,0.0002,0.0049,0.0005,0.0010,ND,ND,ND,ND,ND,ND,ND,ND,ND,ND,ND,ND,52.52
8158.00,15,1.38,5.38,34.22,0.2688,1.4291,1.7070,3.01,0.2857,0.0214,0.0141,0.0120,2.5025,ND,0.0139,0.0056,0.0145,0.0008,0.0017,0.0093,0.0154,0.0031,0.0102,0.0016,ND,ND,ND,ND,ND,ND,ND,0.0014,ND,ND,0.0013,49.69
8158.48,15,1.48,6.07,35.83,ND,1.2252,2.0579,ND,0.3212,0.0288,0.0192,0.0147,2.4183,ND,0.0106,0.0048,0.0099,0.0011,0.0019,0.0114,0.0089,0.0013,0.0103,0.0017,0.0005,ND,ND,ND,ND,ND,0.0006,0.0015,ND,ND,ND,50.47
8159.05,15,1.32,5.28,34.94,0.0303,1.8435,1.6573,ND,0.2724,0.0300,0.0107,0.0118,2.1348,ND,0.0112,0.0049,0.3141,0.0008,0.0013,0.0105,0.0077,0.0013,0.0107,0.0014,0.0007,ND,ND,ND,ND,ND,ND,0.0013,ND,ND,ND,52.11
8159.49,15,1.38,5.50,35.73,0.0261,2.0505,1.8591,ND,0.3105,0.0289,0.0180,0.0126,2.8903,ND,0.0142,0.0057,0.0605,0.0016,0.0023,0.0095,0.0126,0.0033,0.0107,0.0013,0.0011,ND,ND,ND,ND,ND,ND,0.0011,ND,0.0012,0.0013,50.07
8160.00,15,1.88,2.70,26.47,0.0795,1.0779,0.5799,14.69,0.1761,0.0313,0.0163,0.0124,1.6682,ND,0.0073,0.0030,0.0056,0.0005,0.0017,0.0038,0.0326,0.0025,0.0059,0.0007,0.0008,ND,ND,ND,ND,ND,ND,0.0009,ND,ND,0.0011,50.55
8160.51,15,1.05,0.67,13.70,0.1445,1.1590,ND,33.36,0.0699,0.0159,0.0083,0.0165,2.0398,ND,ND,0.0020,0.0021,0.0006,0.0011,ND,0.1318,0.0021,0.0039,ND,0.0009,ND,ND,ND,ND,ND,ND,0.0006,ND,0.0024,ND,47.62
8161.03,15,1.49,3.56,25.34,0.2359,1.1378,0.8599,14.14,0.2171,0.0250,0.0143,0.0141,2.0922,ND,0.0080,0.0027,0.0056,0.0007,0.0017,0.0051,0.0335,0.0024,0.0080,0.0008,0.0004,ND,ND,ND,ND,0.0013,ND,0.0008,ND,0.0010,0.0011,50.80
8161.50,15,1.41,6.13,35.23,0.1802,2.2921,2.0292,0.04,0.3411,0.0213,0.0225,0.0141,3.3699,ND,0.0110,0.0046,0.0072,0.0018,0.0030,0.0096,0.0139,0.0024,0.0119,0.0014,0.0008,ND,ND,ND,ND,ND,0.0006,0.0013,ND,ND,0.0013,48.85
8162.00,15,1.40,2.12,14.11,0.1014,0.6669,0.2351,31.06,0.1085,0.0259,0.0111,0.0175,1.2284,ND,0.0028,0.0023,0.0029,0.0004,0.0009,0.0016,0.0738,0.0019,0.0037,ND,ND,ND,ND,ND,ND,ND,ND,0.0005,ND,0.0017,ND,48.82
8162.50,15,1.42,5.55,35.11,ND,1.4663,1.8597,1.02,0.3267,0.0330,0.0128,0.0210,2.8066,ND,0.0094,0.0056,0.0107,0.0011,0.0030,0.0098,0.0101,0.0008,0.0121,0.0019,0.0008,ND,ND,ND,ND,ND,ND,0.0016,ND,ND,ND,50.30
8163.04,15,1.58,5.17,32.70,0.0318,1.7668,1.5550,5.92,0.2881,0.0342,0.0212,0.0143,2.6832,ND,0.0091,0.0045,0.0071,0.0009,0.0029,0.0075,0.0310,0.0021,0.0100,0.0013,0.0004,ND,ND,ND,ND,ND,ND,0.0012,ND,ND,0.0007,48.15
8163.52,15,1.49,6.08,33.29,ND,1.8176,2.1501,0.48,0.3376,0.0406,0.0263,0.0124,3.1292,ND,0.0108,0.0060,0.0071,0.0016,0.0036,0.0110,0.0095,0.0012,0.0126,0.0021,0.0004,ND,ND,ND,ND,0.0012,ND,0.0016,ND,ND,ND,51.09
8164.02,15,1.38,5.91,36.27,ND,1.3414,2.0191,ND,0.3063,0.0303,0.0136,0.0180,2.6466,ND,0.0136,0.0048,0.0068,0.0009,0.0018,0.0111,0.0088,0.0011,0.0109,0.0017,0.0012,ND,ND,ND,ND,0.0012,ND,0.0020,ND,ND,ND,50.00
8164.52,15,1.54,6.06,34.51,0.0316,2.0103,2.0497,0.42,0.3550,0.0274,0.0215,0.0082,3.3703,ND,0.0166,0.0069,0.0160,0.0014,0.0025,0.0103,0.0109,0.0019,0.0129,0.0019,0.0010,ND,ND,ND,ND,0.0013,0.0005,0.0016,ND,0.0015,0.0015,49.50
8165.04,15,1.24,5.80,33.41,ND,1.3149,1.9244,1.13,0.3149,0.0358,0.0201,0.0158,2.6381,ND,0.0075,0.0045,0.0056,0.0012,0.0025,0.0102,0.0112,0.0009,0.0115,0.0017,0.0004,ND,ND,ND,ND,ND,ND,0.0017,ND,0.0011,ND,52.09
8165.51,15,1.19,0.87,7.62,0.7569,0.8836,ND,38.34,0.0642,0.0171,ND,0.0202,1.2503,ND,ND,0.0018,0.0027,0.0005,0.0006,0.0004,0.1023,0.0047,0.0033,ND,0.0006,ND,ND,ND,ND,ND,ND,0.0006,ND,0.0017,ND,48.87
8166.02,15,1.59,5.87,36.60,ND,1.3888,1.8418,0.17,0.3705,0.0311,0.0119,0.0096,2.0973,ND,0.0042,0.0034,0.0040,0.0008,0.0010,0.0095,0.0097,0.0011,0.0164,0.0023,ND,ND,ND,ND,ND,ND,ND,0.0012,ND,ND,ND,49.97
8166.52,15,1.08,0.95,9.86,0.0936,0.6770,0.0103,36.62,0.0618,0.0201,0.0057,0.0176,1.3005,ND,0.0016,0.0010,0.0017,ND,0.0007,0.0005,0.0797,0.0022,0.0032,ND,ND,ND,ND,ND,ND,ND,ND,0.0008,ND,0.0017,ND,49.22
8167.04,15,1.35,1.80,17.21,0.0294,0.7464,0.2842,25.25,0.1391,0.0244,0.0095,0.0199,1.3701,ND,0.0019,0.0017,0.0010,0.0005,0.0009,0.0022,0.0517,0.0022,0.0050,0.0006,0.0004,ND,ND,ND,ND,ND,ND,ND,ND,0.0017,ND,51.69
8167.50,15,2.01,5.88,31.15,ND,1.6356,1.7657,2.99,0.3560,0.0552,0.0295,0.0141,2.5022,ND,0.0162,0.0070,0.0100,0.0010,0.0036,0.0088,0.0118,0.0019,0.0189,0.0023,0.0027,ND,ND,ND,ND,ND,0.0007,0.0015,ND,ND,0.0006,51.53
8168.00,15,1.91,6.38,32.36,0.0406,1.7582,2.0158,2.40,0.3778,0.0301,0.0222,0.0165,2.9418,ND,0.0075,0.0039,0.0058,0.0016,0.0025,0.0108,0.0141,0.0016,0.0145,0.0019,0.0003,ND,ND,ND,ND,ND,ND,0.0013,ND,0.0011,ND,49.68
8168.50,15,1.75,5.98,32.04,ND,1.3053,1.8482,2.76,0.3575,0.0367,0.0252,0.0164,2.6661,ND,0.0100,0.0047,0.0100,0.0012,0.0026,0.0094,0.0126,0.0015,0.0160,0.0021,0.0006,ND,ND,ND,ND,ND,0.0005,0.0013,ND,ND,0.0005,51.13
8169.04,15,1.40,6.22,34.69,ND,1.7143,2.0648,0.26,0.3178,0.0375,0.0251,0.0139,2.8668,ND,0.0096,0.0047,0.0090,0.0019,0.0033,0.0106,0.0108,0.0012,0.0109,0.0014,0.0004,ND,ND,ND,ND,ND,0.0005,0.0017,ND,ND,ND,50.32
8169.50,15,1.70,4.42,30.48,0.2845,1.4435,1.2027,7.52,0.2735,0.0353,0.0264,0.0124,1.9534,ND,0.0116,0.0051,0.0159,0.0009,0.0032,0.0066,0.0251,0.0026,0.0097,0.0014,0.0004,ND,ND,ND,ND,ND,ND,0.0011,ND,ND,0.0008,50.56
8170.02,15,1.44,3.57,26.40,0.2613,0.7672,0.8021,15.97,0.2321,0.0315,0.0273,0.0164,1.5704,ND,0.0105,0.0034,0.0213,0.0005,0.0025,0.0048,0.0417,0.0023,0.0076,0.0008,ND,ND,ND,ND,ND,ND,ND,0.0011,ND,ND,0.0011,48.81
8170.50,15,1.51,1.93,23.02,0.8006,1.4510,0.3219,17.66,0.1735,0.0283,0.0213,0.0143,1.9629,ND,0.0066,0.0031,0.0113,0.0008,0.0020,0.0030,0.0722,0.0034,0.0066,0.0006,0.0008,ND,ND,ND,ND,ND,0.0005,0.0008,ND,0.0012,ND,50.99
8171.07,15,1.75,5.18,30.10,0.1375,0.9535,1.5894,5.85,0.2978,0.0422,0.0359,0.0128,2.1257,ND,0.0146,0.0060,0.0190,0.0009,0.0039,0.0089,0.0173,0.0017,0.0114,0.0016,0.0007,ND,ND,ND,ND,0.0013,0.0006,0.0017,ND,ND,0.0009,51.84
8171.50,15,1.35,3.10,19.42,0.3721,0.7137,0.6893,21.52,0.2034,0.0324,0.0244,0.0155,1.5961,ND,0.0096,0.0033,0.0089,0.0006,0.0023,0.0046,0.0448,0.0024,0.0067,0.0009,0.0006,ND,ND,ND,ND,ND,ND,0.0011,ND,0.0010,0.0009,50.87
8172.10,15,1.53,2.60,17.76,0.1788,0.7455,0.4944,25.50,0.1565,0.0267,0.0140,0.0171,1.2445,ND,0.0074,0.0022,0.0045,0.0006,0.0014,0.0034,0.0469,0.0021,0.0053,0.0007,ND,ND,ND,ND,ND,ND,ND,0.0005,ND,0.0012,0.0008,49.66
8172.50,15,1.38,2.11,14.37,0.0600,1.0647,0.3604,29.01,0.1339,0.0226,0.0142,0.0157,2.0934,ND,0.0039,0.0027,0.0026,0.0008,0.0014,0.0028,0.0535,0.0016,0.0052,0.0007,0.0006,ND,ND,ND,ND,0.0018,ND,0.0009,ND,ND,ND,49.29
8173.06,15,1.45,5.96,24.01,2.9268,0.8878,1.7111,6.54,0.4171,0.0421,0.0347,0.0160,2.1496,ND,0.0143,0.0064,0.0136,0.0010,0.0030,0.0111,0.0643,0.0055,0.0177,0.0023,ND,ND,ND,ND,ND,ND,0.0005,0.0019,ND,0.0018,0.0024,53.70
8173.50,15,1.44,6.10,31.57,ND,0.7236,1.8903,3.14,0.3434,0.0340,0.0247,0.0138,1.9290,ND,0.0120,0.0057,0.0123,0.0009,0.0023,0.0099,0.0147,0.0016,0.0145,0.0019,0.0004,ND,ND,ND,ND,ND,ND,0.0017,ND,0.0018,ND,52.71
8174.00,15,2.24,6.06,31.95,ND,1.2894,1.8960,2.40,0.3390,0.0317,0.0250,0.0172,2.5630,ND,0.0107,0.0060,0.0044,0.0013,0.0028,0.0106,0.0230,0.0014,0.0137,0.0021,ND,ND,ND,ND,ND,ND,ND,0.0017,ND,0.0009,ND,51.12
8174.50,15,1.26,5.32,35.68,ND,0.6936,1.7045,0.35,0.3118,0.0144,0.0231,0.0093,1.6224,ND,0.0124,0.0053,0.0108,0.0008,0.0019,0.0086,0.0113,0.0014,0.0132,0.0019,ND,ND,ND,ND,ND,ND,0.0006,0.0010,ND,0.0011,0.0007,52.94
8175.04,15,1.55,1.94,12.24,0.6923,0.8780,0.2838,32.47,0.1237,0.0189,0.0091,0.0181,1.2044,ND,0.0036,0.0021,0.0020,0.0006,0.0009,0.0020,0.0519,0.0038,0.0041,ND,ND,ND,ND,ND,ND,ND,ND,0.0007,ND,0.0013,ND,48.49
8175.50,15,1.32,1.50,11.78,0.0879,0.3777,0.1596,33.86,0.0943,0.0232,0.0078,0.0142,0.8757,ND,0.0032,0.0010,0.0023,0.0003,0.0007,0.0016,0.0592,0.0017,0.0037,ND,ND,ND,ND,ND,ND,0.0013,ND,0.0006,ND,0.0017,ND,49.83
8176.00,15,1.42,2.70,16.45,0.1160,0.6404,0.5277,25.89,0.1722,0.0222,0.0152,0.0194,1.6961,ND,0.0041,0.0026,0.0022,0.0004,0.0012,0.0035,0.0485,0.0018,0.0062,0.0007,ND,ND,ND,ND,ND,ND,0.0006,0.0010,ND,0.0012,0.0010,50.25
8176.49,15,1.49,2.57,15.21,0.0817,1.0186,0.4871,26.57,0.1664,0.0180,0.0116,0.0132,2.5418,ND,0.0050,0.0022,0.0023,0.0009,0.0013,0.0034,0.0470,0.0020,0.0058,0.0009,ND,ND,ND,ND,ND,ND,0.0005,0.0009,ND,0.0017,0.0006,49.74
8177.04,15,1.26,2.91,17.07,0.1315,0.6685,0.5733,24.74,0.1928,0.0226,0.0123,0.0156,1.5049,ND,0.0043,0.0026,0.0028,0.0005,0.0011,0.0039,0.0463,0.0023,0.0063,0.0008,ND,ND,ND,ND,ND,ND,ND,0.0008,ND,ND,ND,50.82
8177.50,15,1.85,4.18,22.75,0.2426,1.6879,1.0117,14.74,0.2935,0.0384,0.0187,0.0182,2.6247,ND,0.0076,0.0042,0.0032,0.0010,0.0020,0.0072,0.0876,0.0026,0.0099,0.0018,ND,ND,ND,ND,ND,ND,ND,0.0013,ND,ND,ND,50.41
8178.00,15,2.01,5.69,30.22,ND,1.0146,1.6996,4.91,0.3577,0.0293,0.0185,0.0161,2.6342,ND,0.0059,0.0033,0.0021,0.0008,0.0015,0.0092,0.0170,0.0011,0.0161,0.0020,ND,ND,ND,ND,ND,0.0011,ND,0.0017,ND,0.0010,ND,51.33
8178.49,15,1.73,3.34,16.57,0.3255,0.8167,0.7613,24.00,0.2082,ND,0.0138,0.0237,1.8261,ND,0.0062,0.0026,0.0024,0.0006,0.0012,0.0045,0.0349,0.0009,0.0068,0.0007,ND,ND,ND,ND,ND,ND,ND,0.0005,ND,0.0012,ND,50.33
8179.04,15,1.33,2.56,15.60,0.2106,0.7160,0.4825,27.61,0.2008,0.0179,0.0144,0.0179,1.5160,ND,0.0049,0.0026,0.0025,0.0007,0.0014,0.0035,0.0479,0.0019,0.0059,0.0009,ND,ND,ND,ND,ND,ND,0.0007,0.0006,ND,0.0013,ND,49.64
8179.50,15,1.26,1.30,11.69,0.1824,0.5060,0.1330,33.54,0.1042,0.0194,0.0064,0.0160,1.0091,ND,0.0020,0.0017,0.0026,0.0003,0.0007,0.0016,0.0595,0.0016,0.0035,ND,ND,ND,ND,ND,ND,ND,ND,0.0005,ND,0.0013,ND,50.16
8179.98,15,1.82,7.03,32.14,ND,1.6867,2.2850,2.05,0.3534,0.0298,0.0219,0.0166,3.1007,ND,0.0102,0.0046,0.0035,0.0010,0.0023,0.0113,0.0153,0.0016,0.0126,0.0015,ND,ND,ND,ND,ND,ND,0.0005,0.0013,ND,0.0014,ND,49.40
8180.50,15,1.47,1.52,13.69,0.1253,0.5052,0.1712,32.87,0.0914,0.0308,0.0081,0.0138,0.9794,ND,0.0022,0.0015,0.0022,0.0004,0.0007,0.0016,0.0662,0.0017,0.0037,0.0007,0.0005,ND,ND,ND,ND,ND,ND,0.0006,ND,0.0015,ND,48.44
8181.04,15,1.26,1.79,13.93,0.1213,0.7403,0.2798,30.31,0.1246,0.0262,0.0118,0.0148,1.2998,ND,0.0040,0.0023,0.0033,0.0005,0.0013,0.0022,0.0568,0.0015,0.0046,ND,ND,ND,ND,ND,ND,ND,ND,0.0008,ND,ND,ND,50.01
8181.48,15,1.53,4.34,22.74,0.2456,0.7625,1.1740,14.71,0.2629,0.0341,0.0312,0.0136,1.7811,ND,0.0117,0.0051,0.0176,0.0009,0.0027,0.0066,0.0346,0.0024,0.0094,0.0013,ND,ND,ND,ND,ND,ND,ND,0.0009,ND,ND,0.0009,52.27
8182.00,15,1.46,6.93,34.54,ND,1.3750,2.3105,0.19,0.3974,0.0304,0.0180,0.0161,2.7738,ND,0.0113,0.0054,0.0126,0.0008,0.0018,0.0121,0.0094,0.0010,0.0135,0.0022,ND,ND,ND,ND,ND,ND,ND,0.0019,ND,ND,ND,49.89
8182.50,15,2.08,5.04,25.27,0.0231,1.5595,1.3605,10.07,0.2794,0.0345,0.0205,0.0221,3.6199,ND,0.0087,0.0035,0.0115,0.0014,0.0032,0.0089,0.0208,0.0014,0.0106,0.0015,ND,ND,ND,ND,ND,ND,ND,0.0023,ND,ND,0.0006,50.54
8183.08,15,1.71,4.89,27.09,0.2230,0.9478,1.3595,9.60,0.2802,0.0453,0.0331,0.0153,2.0342,ND,0.0131,0.0045,0.0195,0.0006,0.0035,0.0077,0.0273,0.0035,0.0118,0.0013,0.0009,ND,ND,ND,ND,ND,ND,0.0015,ND,ND,0.0022,51.68
8183.50,15,1.82,6.33,33.84,ND,2.4521,2.0535,0.14,0.3771,0.0320,0.0184,0.0167,3.9296,ND,0.0081,0.0047,0.0092,0.0022,0.0026,0.0102,0.0128,0.0014,0.0152,0.0020,0.0012,ND,ND,ND,ND,0.0012,ND,0.0019,ND,0.0013,ND,48.92
8184.03,15,1.48,1.87,17.57,0.0671,0.9500,0.2901,26.15,0.1550,0.0300,0.0119,0.0164,1.3654,ND,0.0040,0.0022,0.0055,0.0005,0.0015,0.0025,0.0799,0.0029,0.0067,ND,0.0005,ND,ND,ND,ND,ND,ND,0.0007,ND,0.0013,ND,49.94
8184.50,15,1.25,0.99,8.76,0.1027,0.5603,ND,37.95,0.0713,0.0168,0.0067,0.0186,1.0505,ND,ND,0.0017,0.0021,0.0004,0.0006,0.0005,0.0839,0.0030,0.0028,ND,ND,ND,ND,ND,ND,ND,ND,0.0005,ND,0.0024,ND,49.12
8185.05,15,1.54,6.91,32.38,ND,2.1656,2.2605,0.88,0.3749,0.0480,0.0221,0.0187,3.4727,ND,0.0081,0.0054,0.0126,0.0015,0.0043,0.0111,0.0135,0.0014,0.0143,0.0023,0.0003,ND,ND,ND,ND,ND,ND,0.0015,ND,0.0010,ND,49.84
8185.52,15,1.88,5.80,27.70,0.1308,1.3284,1.8313,4.65,0.3439,0.0341,0.0317,0.0125,2.7858,ND,0.0156,0.0064,0.0128,0.0011,0.0035,0.0106,0.0132,0.0018,0.0128,0.0020,0.0005,ND,ND,ND,ND,ND,0.0005,0.0013,ND,ND,0.0007,53.39
8186.00,15,0.97,0.98,9.81,ND,0.3574,0.0637,35.62,0.0957,0.0156,0.0086,0.0172,1.0577,ND,0.0017,0.0019,0.0020,0.0004,0.0005,0.0010,0.0575,0.0013,0.0033,ND,ND,ND,ND,ND,ND,ND,ND,ND,ND,0.0013,ND,50.94
8186.49,15,2.00,5.41,29.75,ND,1.4152,1.5908,6.16,0.3001,0.0262,0.0264,0.0147,2.6340,ND,0.0096,0.0037,0.0071,0.0007,0.0024,0.0091,0.0191,0.0015,0.0104,0.0019,0.0005,ND,ND,ND,ND,ND,0.0005,0.0018,ND,ND,ND,50.60
8187.04,15,1.31,1.47,10.90,0.0395,0.4456,0.2006,33.64,0.1103,0.0207,0.0086,0.0183,1.1130,ND,0.0034,0.0018,0.0017,0.0003,0.0009,0.0021,0.0641,0.0020,0.0042,0.0008,ND,ND,ND,ND,ND,ND,ND,0.0007,ND,0.0013,ND,50.64
8187.50,15,1.48,2.83,22.08,0.1143,0.8704,0.5527,21.46,0.1675,0.0231,0.0157,0.0130,1.6580,ND,0.0067,0.0027,0.0042,0.0005,0.0016,0.0038,0.0403,0.0026,0.0053,0.0009,ND,ND,ND,ND,ND,ND,0.0006,0.0007,ND,0.0011,ND,48.67
8188.01,15,1.38,5.82,34.88,ND,1.1233,1.8837,ND,0.3134,0.0242,0.0292,0.0162,2.1228,ND,0.0168,0.0067,0.2093,0.0008,0.0034,0.0108,0.0092,0.0009,0.0113,0.0018,ND,ND,ND,ND,ND,ND,ND,0.0017,ND,ND,ND,52.13
8188.49,15,1.50,5.82,34.87,ND,1.2098,1.8941,0.42,0.3355,0.0284,0.0257,0.0133,2.4233,ND,0.0160,0.0050,0.0377,0.0006,0.0027,0.0104,0.0093,0.0009,0.0114,0.0020,ND,ND,ND,0.0031,ND,ND,ND,0.0019,ND,ND,ND,51.36
8189.04,15,2.50,2.83,26.44,0.0305,1.1947,0.5866,11.21,0.1749,0.0161,0.0091,0.0181,2.1276,ND,0.0085,0.0029,0.0118,0.0006,0.0012,0.0043,0.0360,0.0023,0.0065,0.0010,ND,ND,ND,ND,ND,ND,ND,0.0008,ND,ND,ND,52.79
8189.50,15,1.72,3.44,28.00,ND,1.3140,0.8268,9.11,0.1988,0.0142,0.0135,0.0160,2.0767,ND,0.0106,0.0038,0.0106,0.0007,0.0014,0.0055,0.0253,0.0017,0.0075,0.0011,ND,ND,ND,ND,ND,ND,ND,0.0011,ND,ND,0.0005,53.20
8190.00,15,2.25,4.86,26.49,0.0224,1.4424,1.3445,9.69,0.2794,0.0251,0.0205,0.0234,3.1899,ND,0.0096,0.0040,0.0069,0.0007,0.0026,0.0076,0.0219,0.0019,0.0094,0.0016,ND,ND,ND,ND,ND,ND,ND,0.0017,ND,ND,ND,50.29
8190.50,15,1.70,2.52,16.25,ND,2.0469,0.4916,23.01,0.1516,0.0192,0.0095,0.0183,1.7058,ND,0.0045,0.0026,0.0032,0.0006,0.0009,0.0038,0.0410,0.0015,0.0050,0.0008,ND,ND,ND,ND,ND,ND,ND,0.0008,ND,ND,ND,52.02
8191.04,15,2.44,5.85,30.39,ND,1.3678,1.7292,5.27,0.3139,0.0243,0.0173,0.0173,2.5936,ND,0.0103,0.0038,0.0045,0.0008,0.0014,0.0096,0.0165,0.0011,0.0107,0.0018,ND,ND,ND,ND,ND,ND,ND,0.0015,ND,0.0011,ND,49.92
8191.50,15,3.91,3.84,20.17,ND,1.6019,1.0489,12.39,0.2102,0.0181,0.0082,0.0318,3.0505,ND,0.0046,0.0022,0.0015,0.0007,0.0008,0.0066,0.0256,0.0013,0.0072,0.0010,ND,ND,ND,ND,ND,ND,ND,0.0009,ND,0.0011,ND,53.66
8191.99,15,1.32,3.61,17.91,ND,0.6730,0.8895,21.39,0.2410,0.0175,0.0139,0.0198,1.5339,ND,0.0039,0.0035,0.0024,0.0004,0.0010,0.0061,0.0356,0.0011,0.0076,0.0015,ND,ND,ND,ND,ND,0.0014,ND,0.0015,ND,ND,ND,52.31
8192.50,15,0.93,1.29,9.67,0.0350,0.6703,0.1143,35.57,0.0846,0.0144,0.0098,0.0210,0.8652,ND,0.0017,0.0023,0.0018,0.0003,0.0004,0.0012,0.0608,0.0010,0.0031,0.0007,ND,ND,ND,ND,ND,ND,ND,0.0006,ND,0.0012,ND,50.64
8193.04,15,2.60,7.06,26.24,ND,1.5678,2.0981,6.90,0.3757,0.0271,0.0278,0.0196,3.1135,ND,0.0148,0.0046,0.0027,0.0009,0.0027,0.0106,0.0232,0.0024,0.0133,0.0025,ND,ND,ND,ND,ND,ND,ND,0.0019,ND,0.0011,0.0009,49.90
8193.51,15,1.35,1.38,8.56,ND,0.4170,0.1467,35.24,0.1127,0.0191,0.0106,0.0222,0.9761,ND,ND,0.0018,0.0013,0.0005,0.0005,0.0015,0.0553,0.0010,0.0035,ND,ND,ND,ND,ND,ND,ND,ND,0.0007,ND,ND,ND,51.70
8194.00,15,1.13,0.54,4.39,ND,0.1837,ND,39.98,0.0846,0.0162,0.0100,0.0273,0.6502,ND,ND,0.0014,0.0016,0.0003,0.0004,0.0007,0.0775,0.0009,0.0029,ND,ND,ND,ND,ND,ND,ND,ND,ND,ND,0.0018,ND,52.90
8194.50,15,1.33,0.65,4.53,0.0299,0.2072,ND,40.31,0.0779,0.0132,0.0069,0.0325,0.6416,ND,ND,ND,0.0012,0.0003,0.0003,0.0007,0.0768,0.0007,0.0028,ND,ND,ND,ND,ND,ND,ND,ND,0.0006,ND,0.0019,ND,52.09
8195.04,15,1.79,0.36,3.76,ND,0.1064,ND,41.25,0.0851,0.0183,ND,0.0294,0.4727,ND,ND,0.0016,0.0008,0.0004,0.0003,0.0004,0.0802,0.0006,0.0023,ND,ND,ND,ND,ND,ND,ND,ND,0.0006,ND,0.0027,ND,52.04
8195.50,15,1.18,0.24,2.67,0.0280,0.0470,ND,42.71,0.0500,0.0147,ND,0.0328,0.3289,ND,ND,0.0011,0.0008,0.0003,ND,0.0002,0.0897,0.0006,0.0026,ND,ND,ND,ND,ND,ND,ND,ND,ND,ND,0.0022,ND,52.60
8196.05,15,1.74,0.34,3.67,0.0404,0.1571,ND,41.50,0.0749,0.0241,ND,0.0297,0.6838,ND,ND,ND,0.0011,0.0005,ND,ND,0.2465,0.0005,0.0055,ND,ND,ND,ND,ND,ND,ND,ND,ND,ND,0.0037,ND,51.48
8196.50,15,ND,0.36,3.76,0.1553,0.1340,ND,42.44,0.0648,0.0192,ND,0.0240,0.4051,ND,ND,ND,0.0017,0.0004,ND,ND,0.1225,0.0009,0.0040,ND,ND,ND,ND,ND,ND,ND,0.0006,ND,ND,0.0023,ND,52.50
8197.05,15,1.88,5.06,21.39,ND,0.3380,1.1333,19.67,0.1722,0.0139,0.0077,0.0157,1.2631,ND,0.0029,0.0025,0.0028,0.0004,0.0006,0.0060,0.0393,0.0022,0.0084,0.0017,ND,ND,ND,ND,ND,ND,ND,0.0013,ND,0.0031,0.0010,48.97
8197.54,15,2.61,1.57,10.62,0.1108,0.6181,0.2934,30.05,0.1155,0.0182,0.0076,0.0228,1.4863,ND,0.0025,0.0013,0.0016,0.0005,0.0006,0.0024,0.0580,0.0015,0.0045,ND,ND,ND,ND,ND,ND,ND,ND,0.0009,ND,ND,ND,52.40
8198.04,15,1.58,6.26,29.40,0.1355,2.3167,2.0124,3.42,0.3303,0.0269,0.0279,0.0183,3.6557,ND,0.0153,0.0051,0.0215,0.0017,0.0053,0.0109,0.0115,0.0014,0.0117,0.0016,0.0004,ND,ND,ND,ND,ND,0.0005,0.0022,ND,0.0009,ND,50.72
8198.46,15,0.83,0.32,4.74,0.0491,0.2493,ND,40.85,0.0630,0.0241,ND,0.0140,0.5572,ND,ND,ND,0.0018,ND,0.0003,0.0003,0.0894,0.0014,0.0024,ND,ND,ND,ND,ND,ND,ND,ND,ND,ND,0.0021,ND,52.20
8199.15,15,1.04,0.25,3.19,0.0694,0.1948,ND,42.73,0.0389,0.0144,ND,0.0119,0.4716,ND,ND,ND,0.0031,0.0004,0.0002,ND,0.1086,0.0009,0.0024,ND,ND,ND,ND,ND,ND,ND,ND,ND,ND,0.0023,ND,51.87
8199.50,15,0.91,0.46,7.96,0.3647,0.4033,ND,36.73,0.0753,0.0204,ND,0.0139,0.7723,ND,0.0027,0.0011,0.0033,0.0004,0.0003,0.0007,0.0902,0.0030,0.0031,ND,ND,ND,ND,ND,ND,ND,ND,ND,ND,0.0023,ND,52.18
8200.04,15,1.86,6.48,32.08,ND,1.2048,2.1408,1.76,0.3488,0.0271,0.0270,0.0187,2.5202,ND,0.0077,0.0047,0.0393,0.0009,0.0027,0.0120,0.0144,0.0010,0.0132,0.0020,ND,ND,ND,ND,ND,0.0015,ND,0.0016,ND,ND,ND,51.43
8200.50,15,1.52,0.17,3.19,ND,0.1417,ND,41.57,0.0485,0.0132,ND,0.0098,0.3353,ND,ND,ND,0.0024,ND,0.0003,ND,0.1446,0.0007,0.0040,ND,ND,ND,ND,ND,ND,ND,0.0006,ND,ND,0.0026,ND,52.85
8201.04,15,1.27,0.40,8.92,ND,0.5412,ND,36.37,0.0496,ND,ND,0.0089,0.8710,ND,ND,0.0011,0.0020,0.0005,0.0004,ND,0.2569,0.0019,0.0051,0.0007,ND,ND,ND,ND,ND,ND,ND,ND,ND,0.0033,ND,51.31
8201.51,15,1.03,4.15,21.21,ND,0.9182,1.0010,18.84,0.2225,0.0336,0.0193,0.0146,2.1484,ND,0.0071,0.0030,0.0090,0.0006,0.0020,0.0064,0.0361,0.0007,0.0075,0.0015,ND,ND,ND,ND,ND,0.0012,ND,0.0015,ND,ND,ND,50.34
8202.00,15,0.99,2.46,13.94,0.0287,0.6755,0.3579,30.48,0.1425,0.0160,0.0155,0.0136,1.0979,ND,0.0046,0.0020,0.0040,0.0004,0.0010,0.0025,0.0610,0.0010,0.0052,0.0008,ND,ND,ND,ND,ND,ND,ND,0.0006,ND,0.0017,ND,49.70
8202.50,15,1.69,3.36,20.98,0.0701,0.9004,0.7836,19.36,0.2379,0.0261,0.0185,0.0132,1.9055,ND,0.0088,0.0036,0.0071,0.0011,0.0017,0.0051,0.0417,0.0008,0.0081,0.0014,0.0005,ND,ND,ND,ND,ND,0.0005,0.0012,ND,ND,ND,50.59
8203.06,15,1.07,1.31,17.21,0.8069,0.4476,0.1519,26.60,0.1029,0.0185,0.0073,0.0141,1.0812,ND,0.0034,0.0022,0.0074,0.0007,0.0007,0.0018,0.0716,0.0020,0.0040,0.0006,ND,ND,ND,ND,ND,ND,ND,0.0005,ND,0.0012,ND,51.09
8203.50,15,ND,0.59,4.92,0.0401,0.2890,ND,40.47,0.0741,0.0149,0.0076,0.0172,0.6330,ND,ND,0.0013,0.0012,0.0004,0.0003,0.0006,0.1206,0.0010,0.0036,ND,ND,ND,ND,ND,ND,ND,0.0006,ND,ND,0.0026,ND,52.82
8204.05,15,1.57,0.80,18.50,0.2259,0.8383,ND,25.29,0.0832,0.0224,0.0070,0.0128,1.3642,ND,0.0015,0.0013,0.0011,0.0005,0.0010,0.0007,0.0964,0.0016,0.0045,ND,ND,ND,ND,ND,ND,0.0012,ND,ND,ND,0.0016,ND,51.18
8204.50,15,1.17,1.10,10.22,0.0824,0.4599,0.1608,33.81,0.0985,0.0161,0.0106,0.0110,0.8944,ND,0.0034,0.0016,0.0053,0.0005,0.0007,0.0016,0.0949,0.0013,0.0045,ND,ND,ND,ND,ND,ND,ND,ND,0.0006,ND,0.0024,ND,51.85
8205.04,15,1.74,4.69,26.71,1.6061,2.1802,1.3687,8.18,0.2934,0.0303,0.0286,0.0136,2.7440,ND,0.0084,0.0039,0.0090,0.0020,0.0025,0.0085,0.0358,0.0063,0.0109,0.0017,0.0007,ND,ND,ND,ND,ND,ND,0.0016,ND,ND,0.0012,50.31
8205.50,15,1.29,2.04,13.98,0.0826,0.6800,0.3326,29.47,0.1642,0.0188,0.0147,0.0130,1.0443,ND,0.0041,0.0017,0.0059,0.0005,0.0013,0.0028,0.0869,0.0014,0.0067,ND,ND,ND,ND,ND,ND,ND,ND,0.0007,ND,0.0018,ND,50.76
8206.00,15,1.11,1.99,14.15,0.0972,0.5372,0.3334,28.64,0.1607,0.0240,0.0178,0.0107,1.0550,ND,0.0054,0.0024,0.0073,0.0004,0.0011,0.0026,0.0815,0.0016,0.0067,ND,ND,ND,ND,ND,ND,ND,ND,0.0007,ND,0.0018,ND,51.76
8206.54,15,2.03,5.10,29.25,ND,1.2877,1.5065,6.63,0.3137,0.0235,0.0197,0.0135,2.7185,ND,0.0089,0.0043,0.0068,0.0012,0.0018,0.0091,0.0390,0.0013,0.0117,0.0016,0.0004,ND,ND,ND,ND,0.0016,ND,0.0013,ND,0.0016,0.0008,51.02
8207.04,15,1.49,2.16,13.57,0.0764,0.7060,0.3576,29.24,0.1346,0.0285,0.0143,0.0133,1.3172,ND,0.0021,0.0011,0.0023,0.0007,0.0008,0.0026,0.0998,0.0013,0.0051,0.0007,ND,ND,ND,ND,ND,ND,ND,0.0005,ND,0.0019,ND,50.76
8207.50,15,1.61,3.10,18.45,0.6610,1.6867,0.7789,18.47,0.2270,0.0309,0.0212,0.0173,2.7461,ND,0.0047,0.0027,0.0034,0.0016,0.0018,0.0054,0.0643,0.0032,0.0084,0.0015,0.0008,ND,ND,ND,ND,ND,0.0009,0.0011,ND,0.0022,0.0008,52.09
8208.02,15,1.54,3.78,18.32,0.1742,0.7873,0.9072,22.61,0.2147,0.0211,0.0233,0.0125,1.5714,ND,0.0080,0.0035,0.0095,0.0006,0.0018,0.0059,0.0570,0.0021,0.0083,0.0013,ND,ND,ND,ND,ND,ND,ND,0.0008,ND,0.0012,ND,49.94
8208.50,15,1.30,2.61,14.63,0.1175,0.6779,0.4976,28.55,0.1759,0.0173,0.0118,0.0132,1.3422,ND,0.0046,0.0025,0.0046,0.0008,0.0008,0.0035,0.0744,0.0020,0.0060,ND,ND,ND,ND,ND,ND,ND,ND,ND,ND,0.0020,ND,49.95
8209.04,15,1.76,3.63,18.89,0.1711,1.4147,0.9419,19.78,0.2424,0.0280,0.0160,0.0143,1.9130,ND,0.0059,0.0025,0.0047,0.0008,0.0012,0.0058,0.0745,0.0022,0.0088,0.0011,ND,ND,ND,ND,ND,ND,ND,0.0008,ND,ND,0.0009,51.09
8209.51,15,1.20,0.88,4.71,0.0925,0.5020,ND,40.65,0.0798,0.0157,ND,0.0178,0.7423,ND,ND,0.0011,0.0019,0.0005,ND,ND,0.1582,0.0009,0.0040,ND,ND,ND,ND,ND,ND,0.0016,ND,0.0005,ND,0.0044,ND,50.94
8210.00,15,1.71,0.81,2.97,ND,0.2343,0.0674,40.17,0.0781,0.0218,ND,0.0167,0.7546,ND,ND,ND,0.0013,0.0004,0.0004,0.0006,0.0892,0.0006,0.0030,ND,ND,ND,ND,ND,ND,0.0014,ND,ND,ND,0.0018,ND,53.07
8210.50,15,ND,0.66,2.32,ND,0.1655,0.0352,41.09,0.0647,0.0163,ND,0.0236,0.6147,ND,ND,0.0012,0.0009,0.0005,0.0004,0.0008,0.0759,0.0003,0.0024,ND,ND,ND,ND,ND,ND,ND,ND,ND,ND,0.0026,ND,54.93
8211.04,15,2.01,0.51,2.11,ND,0.1364,0.0132,43.85,0.0779,0.0321,ND,0.0411,0.3272,ND,ND,ND,0.0008,0.0004,0.0002,0.0006,0.1496,0.0003,0.0031,ND,ND,ND,ND,ND,ND,0.0016,ND,0.0006,ND,0.0024,ND,50.74
8211.50,15,1.39,0.46,1.88,ND,0.1653,0.0080,42.68,0.0749,0.0253,0.0061,0.0463,0.3812,ND,ND,ND,0.0012,0.0003,0.0002,0.0004,0.1148,0.0003,0.0032,ND,ND,ND,ND,ND,ND,ND,ND,ND,ND,0.0016,ND,52.76
8212.00,15,1.60,0.70,2.65,ND,0.1731,0.0494,40.70,0.0870,ND,0.0066,0.0308,0.7934,ND,ND,0.0010,0.0012,ND,0.0003,0.0009,0.0719,0.0003,0.0026,ND,ND,ND,ND,ND,ND,ND,ND,0.0007,ND,0.0016,ND,53.13
8212.50,15,3.13,3.11,13.56,ND,0.7482,0.7342,23.75,0.2029,0.0171,0.0103,0.0228,2.7473,ND,0.0017,0.0016,0.0013,0.0008,0.0007,0.0048,0.0872,0.0011,0.0064,0.0013,ND,ND,ND,ND,ND,ND,ND,0.0009,ND,0.0021,ND,51.87
8213.04,15,1.74,5.93,26.19,ND,1.4263,1.7019,10.13,0.3479,0.0353,0.0221,0.0188,2.8115,ND,0.0065,0.0050,0.0096,0.0009,0.0024,0.0096,0.0439,0.0010,0.0120,0.0016,ND,ND,ND,ND,ND,0.0013,ND,0.0019,ND,0.0011,ND,49.54
8213.47,15,1.72,5.29,27.24,0.1205,1.0281,1.4579,8.78,0.3348,0.0282,0.0311,0.0149,2.4530,ND,0.0101,0.0058,0.0254,0.0009,0.0027,0.0084,0.0507,0.0024,0.0134,0.0015,ND,ND,ND,ND,ND,ND,ND,0.0014,ND,0.0012,0.0006,51.38
8214.00,15,1.72,5.34,28.65,0.0642,1.1883,1.4730,12.00,0.2900,0.0309,0.0197,0.0196,2.3318,ND,0.0083,0.0036,0.0171,0.0008,0.0013,0.0071,0.0603,0.0021,0.0090,0.0010,ND,ND,ND,ND,ND,ND,ND,0.0010,ND,ND,0.0009,46.76
8214.52,15,1.70,0.50,2.02,ND,0.1800,0.0413,41.81,0.0788,0.0182,ND,0.0277,0.8734,ND,ND,0.0018,0.0020,ND,ND,0.0007,0.0845,0.0009,0.0028,0.0006,ND,ND,ND,ND,ND,ND,ND,0.0007,ND,0.0016,ND,52.66
8215.05,15,1.09,0.57,1.93,ND,0.1159,0.0342,41.28,0.0768,ND,0.0061,0.0286,0.7762,ND,ND,0.0017,0.0016,0.0004,0.0004,0.0006,0.0777,0.0006,0.0023,ND,ND,ND,ND,ND,ND,ND,ND,ND,ND,0.0012,ND,54.01
8215.49,15,2.87,4.00,15.82,ND,1.4079,0.7722,21.34,0.1997,0.0198,0.0101,0.0288,3.1031,ND,0.0036,0.0021,0.0021,0.0006,0.0009,0.0044,0.0860,0.0012,0.0067,0.0011,ND,ND,ND,ND,ND,ND,ND,0.0009,ND,ND,ND,50.32
8233.10,16,1.69,7.16,32.46,ND,1.1178,2.3768,0.51,0.3969,0.0341,0.0278,0.0131,2.6716,ND,0.0164,0.0063,0.0329,0.0006,0.0022,0.0128,0.0157,0.0011,0.0154,0.0023,ND,ND,ND,ND,ND,ND,ND,0.0019,ND,ND,ND,51.44
8233.50,16,1.59,7.07,31.88,ND,1.2150,2.3231,0.57,0.3778,0.0286,0.0448,0.0145,2.7631,ND,0.0152,0.0057,0.0570,0.0007,0.0029,0.0125,0.0165,0.0011,0.0139,0.0021,ND,ND,ND,ND,ND,ND,ND,0.0014,ND,ND,ND,51.99
8234.00,16,1.87,7.51,32.88,ND,1.2307,2.4760,0.46,0.4055,0.0336,0.0147,0.0157,2.8390,ND,0.0106,0.0051,0.0192,0.0008,0.0015,0.0125,0.0253,0.0011,0.0173,0.0024,ND,ND,ND,ND,ND,ND,ND,0.0010,ND,0.0009,ND,50.17
8234.50,16,2.03,7.00,30.35,ND,1.7483,2.2818,2.80,0.3834,0.0228,0.0153,0.0215,3.4647,ND,0.0055,0.0039,0.0026,0.0009,0.0017,0.0117,0.0454,0.0013,0.0162,0.0020,ND,ND,ND,ND,ND,ND,0.0005,0.0014,ND,0.0011,ND,49.78
8235.03,16,1.40,4.34,25.99,0.0921,0.8724,1.0856,11.92,0.2664,0.0254,0.0158,0.0146,2.4836,ND,0.0051,0.0026,0.0023,0.0006,0.0013,0.0068,0.0490,0.0022,0.0099,0.0015,0.0004,ND,ND,ND,ND,ND,0.0006,0.0011,ND,0.0012,ND,51.42
8235.50,16,1.78,2.63,18.20,0.0914,0.5868,0.4917,22.77,0.1962,0.0249,0.0113,0.0175,2.2629,ND,0.0038,0.0014,0.0020,0.0006,0.0008,0.0042,0.0575,0.0020,0.0064,0.0007,ND,ND,ND,ND,ND,0.0011,ND,0.0007,ND,0.0014,ND,50.85
8236.00,16,1.23,1.60,10.34,ND,0.3195,0.1851,33.86,0.1202,0.0271,0.0063,0.0262,1.5384,ND,ND,0.0023,0.0022,0.0004,0.0005,0.0017,0.0631,0.0009,0.0046,ND,ND,ND,ND,ND,ND,ND,0.0006,ND,ND,0.0014,ND,50.67
8236.47,16,1.64,2.70,13.58,0.0984,0.4314,0.4898,29.20,0.1530,0.0194,0.0128,0.0221,2.0613,ND,0.0033,0.0023,0.0023,0.0004,0.0008,0.0036,0.0707,0.0014,0.0057,0.0007,ND,ND,ND,ND,ND,ND,ND,0.0007,ND,ND,ND,49.50
8237.04,16,1.60,3.16,16.40,0.0747,0.5319,0.6080,23.69,0.2067,0.0219,0.0120,0.0216,2.7269,ND,0.0036,0.0025,0.0021,0.0006,0.0008,0.0045,0.0636,0.0016,0.0073,0.0011,ND,ND,ND,ND,ND,ND,0.0007,0.0008,ND,0.0017,ND,50.85
8237.48,16,2.12,3.23,17.84,0.0838,0.5219,0.6248,21.45,0.1981,0.0220,0.0111,0.0261,2.8824,ND,0.0042,0.0017,0.0017,0.0005,0.0009,0.0046,0.0530,0.0020,0.0068,0.0007,ND,ND,ND,ND,ND,ND,ND,0.0006,ND,0.0011,ND,50.91
8238.00,16,1.55,4.87,25.71,0.0697,0.9054,1.3302,11.37,0.2670,0.0303,0.0142,0.0181,2.6980,ND,0.0048,0.0030,0.0015,0.0007,0.0011,0.0086,0.1625,0.0016,0.0116,0.0012,ND,ND,ND,ND,ND,ND,ND,0.0010,ND,0.0023,ND,50.96
8238.46,16,1.57,8.35,31.47,ND,1.9849,2.9234,0.58,0.4337,0.0363,0.0126,0.0097,2.5067,ND,0.0021,0.0051,0.0020,0.0010,0.0004,0.0191,0.0416,0.0012,0.0142,0.0028,ND,ND,ND,ND,ND,ND,0.0005,0.0014,ND,0.0019,ND,50.03
8239.03,16,1.03,1.18,7.38,0.0326,0.2535,0.1363,36.17,0.0927,0.0177,ND,0.0290,1.4255,ND,ND,0.0014,0.0026,0.0005,0.0004,0.0014,0.0749,0.0009,0.0038,0.0009,ND,ND,ND,ND,ND,ND,0.0008,ND,ND,0.0016,ND,52.15
8239.47,16,1.11,1.92,10.38,0.0457,0.4028,0.2721,32.93,0.1284,0.0187,0.0063,0.0317,2.0063,ND,0.0025,0.0015,0.0014,0.0004,0.0006,0.0021,0.0594,0.0008,0.0040,0.0007,ND,ND,ND,ND,ND,ND,ND,0.0006,ND,ND,ND,50.67
8240.00,16,1.10,1.37,7.56,0.0309,0.2438,0.1410,35.63,0.1197,0.0151,0.0056,0.0325,1.4828,ND,0.0019,0.0014,0.0018,0.0004,0.0004,0.0016,0.0642,0.0009,0.0038,ND,ND,ND,ND,ND,ND,0.0013,ND,ND,ND,0.0018,ND,52.19
8240.50,16,1.09,1.34,7.88,0.0489,0.3495,0.1524,35.86,0.1129,0.0251,0.0074,0.0310,1.6214,ND,ND,0.0022,0.0016,0.0006,0.0005,0.0015,0.0975,0.0009,0.0042,0.0007,ND,ND,ND,ND,ND,ND,ND,ND,ND,0.0013,ND,51.37
8241.04,16,1.44,1.71,11.54,0.0523,0.5955,0.2339,31.71,0.1223,0.0276,0.0074,0.0262,2.2394,ND,0.0019,0.0015,0.0013,0.0005,0.0006,0.0018,0.1815,0.0013,0.0057,0.0009,ND,ND,ND,ND,ND,ND,ND,0.0005,ND,0.0016,ND,50.09
8241.50,16,1.80,1.98,14.52,0.1215,0.7318,0.3215,27.27,0.1538,0.0338,0.0089,0.0263,2.7862,ND,0.0025,0.0016,0.0014,0.0005,0.0006,0.0025,0.1518,0.0022,0.0057,0.0006,ND,ND,ND,ND,ND,ND,ND,0.0005,ND,0.0013,ND,50.08
8242.00,16,2.21,5.68,25.20,1.5470,2.5702,1.4798,7.69,0.3070,0.0331,0.0176,0.0201,3.9734,ND,0.0064,0.0044,0.0015,0.0008,0.0015,0.0068,0.0354,0.0046,0.0135,0.0016,ND,ND,ND,ND,ND,ND,0.0005,0.0013,ND,0.0011,ND,49.19
8242.50,16,1.50,9.07,31.10,0.2748,0.9791,3.1263,1.76,0.4496,0.0436,0.0286,0.0228,3.2408,ND,0.0095,0.0041,0.0083,0.0008,0.0018,0.0146,0.0370,0.0174,0.0156,0.0025,ND,ND,ND,ND,ND,ND,0.0007,0.0011,ND,0.0022,0.0025,48.29
8243.04,16,1.84,6.75,33.20,ND,1.5444,2.2014,0.25,0.3547,0.0205,0.0227,0.0186,2.6441,ND,0.0141,0.0051,0.0232,0.0008,0.0022,0.0118,0.0162,0.0014,0.0125,0.0017,ND,ND,ND,ND,ND,0.0013,ND,0.0018,ND,ND,ND,51.05
8243.50,16,1.73,5.62,34.84,ND,1.4991,1.7007,0.51,0.2980,0.0268,0.0159,0.0128,2.3261,ND,0.0140,0.0032,0.0152,0.0008,0.0014,0.0102,0.0179,0.0015,0.0113,0.0018,0.0003,ND,ND,ND,ND,ND,0.0005,0.0013,ND,ND,ND,51.35
8244.00,16,1.41,6.03,31.01,ND,2.7112,1.8576,1.43,0.3143,0.0239,0.0125,0.0145,2.3452,ND,0.0075,0.0037,0.0099,0.0006,0.0012,0.0109,0.0216,0.0017,0.0136,0.0024,0.0004,ND,ND,ND,ND,0.0013,ND,0.0010,ND,ND,ND,52.77
8244.53,16,1.45,4.77,36.01,ND,0.9662,1.4084,0.79,0.2757,0.0234,0.0112,0.0144,2.1747,ND,0.0081,0.0042,0.0083,0.0006,0.0013,0.0086,0.0154,0.0015,0.0103,0.0015,0.0003,ND,ND,ND,ND,ND,ND,0.0010,ND,0.0011,ND,52.05
8245.04,16,1.49,5.43,32.10,ND,2.7067,1.7883,0.79,0.3008,0.0235,0.0231,0.0188,2.8700,ND,0.0174,0.0053,0.0751,0.0010,0.0022,0.0107,0.0147,0.0016,0.0120,0.0019,0.0005,ND,ND,ND,ND,ND,ND,0.0012,ND,ND,ND,52.32
8245.50,16,1.48,6.49,33.73,ND,1.2794,2.0323,0.32,0.3902,0.0220,0.0242,0.0146,2.2266,ND,0.0162,0.0041,0.0629,0.0006,0.0023,0.0109,0.0163,0.0019,0.0147,0.0022,0.0003,ND,ND,ND,ND,0.0019,ND,0.0013,ND,0.0013,0.0006,51.85
8246.01,16,1.41,5.67,35.21,ND,0.9680,1.7352,0.27,0.3274,0.0244,0.0227,0.0178,2.2169,ND,0.0201,0.0053,0.0310,0.0008,0.0021,0.0108,0.0172,0.0015,0.0119,0.0018,ND,ND,ND,ND,ND,ND,0.0006,0.0015,ND,0.0009,ND,52.02
8246.51,16,1.25,5.63,33.15,ND,1.8039,1.7503,0.68,0.3250,0.0284,0.0263,0.0144,2.4329,ND,0.0168,0.0040,0.0255,0.0007,0.0020,0.0102,0.0159,0.0015,0.0122,0.0016,0.0004,ND,ND,ND,ND,ND,0.0005,0.0015,ND,0.0013,0.0006,52.81
8247.04,16,2.07,6.64,33.23,ND,1.3208,2.0069,0.67,0.3818,0.0234,0.0088,0.0191,2.4947,ND,0.0042,0.0043,0.0172,0.0004,0.0006,0.0116,0.0250,0.0015,0.0148,0.0025,ND,ND,ND,ND,ND,0.0012,ND,0.0014,ND,ND,ND,51.06
8247.53,16,2.27,5.61,28.99,ND,3.1688,1.6358,2.08,0.3162,0.0174,0.0157,0.0163,3.4643,ND,0.0085,0.0036,0.0016,0.0014,0.0017,0.0102,0.0281,0.0017,0.0152,0.0021,0.0004,ND,ND,ND,ND,ND,ND,0.0013,ND,0.0015,ND,52.34
8248.00,16,1.77,7.42,29.94,ND,3.1232,2.1119,1.37,0.3546,0.0239,0.0250,0.0201,3.7856,ND,0.0102,0.0050,0.0018,0.0016,0.0029,0.0114,0.0240,0.0015,0.0140,0.0018,ND,ND,ND,ND,ND,0.0010,ND,0.0018,ND,0.0013,ND,49.98
8248.50,16,1.43,5.80,33.24,0.3338,1.1045,1.7661,1.48,0.3259,0.0275,0.0209,0.0152,2.4201,ND,0.0122,0.0042,0.0048,0.0007,0.0023,0.0095,0.0207,0.0028,0.0129,0.0017,ND,ND,ND,ND,ND,ND,ND,0.0015,ND,ND,0.0011,51.96
8249.12,16,1.28,4.75,34.96,0.1196,1.0177,1.3851,1.54,0.2653,0.0269,0.0228,0.0109,2.3602,ND,0.0097,0.0035,0.0041,0.0007,0.0016,0.0080,0.0150,0.0013,0.0111,0.0017,ND,ND,ND,ND,ND,0.0013,ND,0.0012,ND,ND,0.0005,52.20
8249.50,16,1.64,5.53,34.70,0.0792,1.2584,1.7409,1.22,0.3451,0.0280,0.0210,0.0129,2.6364,ND,0.0107,0.0041,0.0066,0.0010,0.0023,0.0099,0.0173,0.0014,0.0129,0.0018,0.0005,ND,ND,ND,ND,ND,0.0005,0.0014,ND,0.0010,0.0005,50.71
8250.00,16,1.27,4.20,36.39,0.3944,1.1922,1.2071,2.42,0.2596,0.0286,0.0243,0.0156,2.1150,ND,0.0109,0.0033,0.0077,0.0006,0.0018,0.0069,0.0219,0.0041,0.0101,0.0013,ND,ND,ND,ND,ND,ND,ND,0.0010,ND,ND,0.0011,50.41
8250.50,16,1.10,2.92,35.26,0.3288,0.7667,0.6722,4.97,0.1765,0.0240,0.0166,0.0151,2.0523,ND,0.0072,0.0027,0.0038,0.0005,0.0016,0.0044,0.0206,0.0016,0.0069,0.0010,ND,ND,ND,ND,ND,0.0011,ND,0.0007,ND,ND,0.0007,51.65
8251.04,16,1.83,0.54,4.33,0.0774,0.5060,ND,39.92,0.0738,0.0194,ND,0.0106,0.7391,ND,ND,0.0017,0.0012,0.0003,0.0003,ND,0.1682,ND,0.0040,0.0006,ND,ND,ND,ND,ND,ND,ND,ND,ND,0.0029,ND,51.78
8251.50,16,1.35,5.24,34.44,0.0239,1.0575,1.4774,2.13,0.2938,0.0236,0.0276,0.0127,2.2222,ND,0.0111,0.0045,0.0084,0.0009,0.0022,0.0084,0.0167,0.0010,0.0114,0.0018,0.0003,ND,ND,ND,ND,0.0011,ND,0.0013,ND,0.0011,0.0005,51.62
8252.00,16,1.51,5.39,35.37,ND,0.9279,1.5609,0.41,0.2911,0.0218,0.0309,0.0104,1.9265,ND,0.0146,0.0035,0.0144,0.0005,0.0022,0.0088,0.0119,0.0008,0.0113,0.0014,ND,ND,ND,ND,ND,ND,ND,0.0015,ND,ND,0.0005,52.48
8252.51,16,1.42,4.84,34.39,ND,1.4693,1.4042,1.53,0.2517,0.0308,0.0288,0.0120,2.2628,ND,0.0125,0.0035,0.0102,0.0004,0.0024,0.0082,0.0136,0.0007,0.0095,0.0014,ND,ND,ND,ND,ND,ND,ND,0.0016,ND,ND,ND,52.30
8253.07,16,1.52,5.27,37.41,ND,0.8206,1.5712,ND,0.2968,0.0302,0.0265,0.0091,1.6881,ND,0.0017,0.0018,0.0056,ND,0.0004,0.0061,0.0490,0.0011,0.0051,0.0009,ND,ND,ND,ND,ND,0.0015,ND,0.0009,ND,0.0012,ND,52.34
8253.52,16,1.60,4.78,36.18,ND,1.4011,1.3022,1.60,0.2892,0.0253,0.0171,0.0125,2.5171,ND,0.0122,0.0054,0.0631,0.0011,0.0023,0.0126,0.3031,0.0012,0.0187,0.0024,ND,ND,ND,ND,ND,ND,ND,0.0015,ND,0.0037,ND,51.53
8254.03,16,1.23,1.79,30.43,0.1153,0.9841,0.2021,12.22,0.0965,0.0187,0.0089,0.0129,1.8133,ND,0.0036,0.0023,0.0137,0.0005,0.0008,0.0076,0.0585,0.0012,0.0062,0.0012,ND,ND,ND,ND,ND,ND,0.0006,0.0007,ND,ND,ND,49.38
8254.52,16,1.87,6.74,32.04,ND,1.9133,2.0942,1.28,0.3667,0.0288,0.0127,0.0162,2.4164,ND,ND,0.0013,0.0052,0.0005,0.0004,0.0018,0.0542,0.0007,0.0036,0.0006,ND,ND,ND,ND,ND,0.0015,ND,0.0006,ND,0.0015,ND,50.96
8255.03,16,2.24,3.16,26.67,ND,0.9594,0.6563,12.17,0.1630,0.0123,0.0131,0.0304,4.1864,ND,0.0023,0.0021,0.0065,0.0004,0.0006,0.0012,0.0518,0.0006,0.0032,ND,ND,ND,ND,ND,ND,ND,ND,ND,ND,0.0015,ND,50.27
8255.54,16,2.95,2.73,22.15,0.0934,0.5941,0.5691,14.12,0.1359,0.0176,0.0132,0.0460,5.4064,ND,ND,ND,0.0025,0.0005,0.0006,0.0025,0.0748,0.0007,0.0036,0.0008,ND,ND,ND,ND,ND,ND,ND,ND,ND,ND,ND,55.34
8256.03,16,1.63,4.39,30.42,0.2970,1.6240,1.1073,6.10,0.2449,0.0185,0.0205,0.0183,2.9326,ND,0.0043,0.0026,0.0062,0.0006,0.0013,0.0052,0.0649,0.0014,0.0078,0.0011,ND,ND,ND,ND,ND,ND,0.0005,0.0010,ND,0.0013,ND,50.64
8256.50,16,1.18,4.86,36.95,ND,1.0705,1.3383,0.44,0.2604,0.0200,0.0221,0.0117,1.9452,ND,0.0096,0.0042,0.0096,0.0010,0.0021,0.0095,0.0359,0.0009,0.0159,0.0025,ND,ND,ND,ND,ND,ND,ND,0.0015,ND,0.0012,ND,51.22
8257.04,16,2.05,5.62,33.53,ND,1.1923,1.7021,ND,0.2867,0.0205,0.0278,0.0124,2.4615,ND,0.0099,0.0045,0.0694,0.0009,0.0022,0.0093,0.0318,0.0011,0.0162,0.0020,ND,ND,ND,ND,ND,ND,ND,0.0014,ND,ND,ND,51.68
8257.50,16,1.71,6.83,31.71,ND,1.4892,2.2769,1.09,0.3617,0.0315,0.0303,0.0176,3.1210,ND,0.0029,0.0016,0.0035,0.0007,0.0007,0.0019,0.0832,0.0022,0.0047,ND,ND,ND,ND,ND,ND,ND,0.0007,ND,ND,0.0016,ND,51.20
8258.00,16,2.79,4.12,23.41,ND,0.8216,1.0058,11.52,0.1997,0.0215,0.0144,0.0421,5.5181,ND,0.0086,0.0042,0.0079,0.0007,0.0011,0.0122,0.0281,0.0015,0.0158,0.0022,ND,ND,ND,ND,ND,ND,0.0005,0.0012,ND,ND,ND,50.03
8258.45,16,1.56,4.29,37.23,ND,1.2635,1.1715,0.93,0.2367,0.0193,0.0094,0.0092,1.8693,ND,0.0085,0.0046,0.0093,0.0010,0.0007,0.0195,0.0767,0.0020,0.0118,0.0026,ND,ND,ND,ND,ND,0.0014,ND,0.0020,ND,0.0013,ND,47.62
8259.04,16,1.43,5.81,33.67,0.0736,1.9274,1.7225,1.17,0.3153,0.0236,0.0253,0.0114,2.8349,ND,0.0052,0.0022,0.0031,0.0009,0.0012,0.0103,0.0505,0.0034,0.0090,0.0019,ND,ND,ND,ND,ND,0.0014,ND,0.0010,ND,0.0013,ND,49.17
8259.50,16,1.56,8.06,29.51,ND,2.6283,2.9912,0.78,0.3555,0.0283,0.0323,0.0230,3.9143,ND,0.0035,0.0020,0.0025,0.0009,0.0005,0.0157,0.0413,0.0018,0.0103,0.0019,ND,ND,ND,ND,ND,ND,0.0005,0.0014,ND,0.0014,ND,51.23
8260.00,16,2.28,4.49,33.72,ND,0.9563,1.2318,1.09,0.2288,0.0200,0.0200,0.0098,2.1962,ND,0.0029,0.0021,0.0019,0.0008,0.0004,0.0132,0.0723,0.0081,0.0096,0.0018,ND,ND,ND,ND,ND,0.0014,ND,0.0013,ND,0.0013,ND,49.92
8260.50,16,1.78,4.43,35.87,ND,0.9795,1.1397,0.83,0.2090,0.0217,0.0193,0.0111,1.9107,ND,0.0028,0.0017,0.0020,0.0006,0.0009,0.0053,0.0571,0.0018,0.0066,0.0014,ND,ND,ND,ND,ND,ND,ND,0.0009,ND,0.0014,ND,50.53
8261.05,16,2.10,5.48,32.29,ND,1.4381,1.6971,0.63,0.2812,0.0245,0.0149,0.0120,2.5646,ND,ND,0.0012,0.0013,ND,0.0003,0.0044,0.0486,0.0009,0.0044,0.0009,ND,ND,ND,ND,ND,ND,0.0007,0.0007,ND,0.0014,ND,50.41
8261.52,16,2.04,5.24,32.71,ND,2.3088,1.5523,1.40,0.2864,0.0138,0.0177,0.0166,2.4190,ND,0.0023,0.0014,0.0015,0.0005,0.0004,0.0029,0.0554,0.0008,0.0037,0.0009,ND,ND,ND,ND,ND,ND,ND,0.0006,ND,ND,ND,51.30
8262.00,16,1.60,7.75,30.92,ND,2.0085,2.6566,0.41,0.3622,0.0260,0.0289,0.0172,3.2010,ND,0.0041,0.0022,0.0064,0.0004,0.0013,0.0058,0.0465,0.0014,0.0061,0.0010,ND,ND,ND,ND,ND,ND,ND,0.0008,ND,0.0011,ND,49.98
8262.50,16,0.74,ND,17.42,0.0324,0.0936,ND,29.79,0.0445,ND,0.0071,0.0116,0.4414,ND,0.0033,0.0024,0.0024,0.0007,0.0010,0.0082,0.0516,0.0021,0.0072,0.0012,0.0007,ND,ND,ND,ND,0.0019,ND,0.0007,ND,0.0013,0.0009,49.87
8263.04,16,1.23,0.88,7.30,ND,0.3870,0.0356,37.45,0.0840,0.0156,ND,0.0307,0.9635,ND,0.0110,0.0053,0.0191,0.0013,0.0021,0.0094,0.0447,0.0041,0.0100,0.0015,ND,ND,ND,ND,ND,0.0016,ND,0.0009,ND,0.0014,0.0008,49.57
8263.50,16,1.56,0.72,5.62,0.0258,0.2712,0.0494,38.83,0.0764,0.0197,0.0092,0.0512,0.6861,ND,ND,0.0019,0.0012,0.0004,0.0004,0.0004,0.1216,0.0009,0.0031,ND,ND,ND,ND,ND,ND,ND,ND,ND,ND,0.0025,ND,52.29
8264.08,16,1.03,0.38,7.79,0.0569,0.5673,ND,37.19,0.3742,0.2339,ND,0.0276,1.2420,ND,0.0031,0.0025,0.1745,0.0008,0.0009,0.0095,0.0302,0.0009,0.0071,0.0014,ND,ND,ND,ND,ND,ND,ND,0.0009,ND,0.0014,ND,51.20
8264.50,16,2.26,3.83,19.95,0.0375,0.7310,0.8591,14.30,0.2538,0.0253,0.0291,0.0292,3.8804,ND,0.0185,0.0065,0.0812,0.0007,0.0019,0.0111,0.0129,0.0007,0.0114,0.0018,ND,ND,ND,ND,ND,0.0026,ND,0.0016,ND,0.0010,ND,51.50
8265.04,16,1.49,ND,10.44,ND,0.1303,ND,34.77,0.0520,0.0236,ND,0.0136,0.4602,ND,0.0050,0.0026,0.0066,0.0003,0.0008,0.0047,0.0316,0.0009,0.0055,0.0010,ND,ND,ND,ND,ND,0.0014,ND,0.0008,ND,0.0014,ND,51.42
8265.50,16,1.01,ND,8.13,0.0746,0.2063,ND,37.94,0.0475,ND,ND,0.0175,0.9990,ND,0.0047,0.0032,0.0039,0.0010,0.0015,0.0049,0.0558,0.0051,0.0080,0.0013,0.0004,ND,ND,ND,ND,0.0012,ND,0.0008,ND,0.0011,0.0007,49.83
8266.00,16,1.51,2.05,33.88,ND,0.4703,0.3520,6.67,0.1336,0.0176,0.0118,0.0145,1.8379,ND,ND,0.0015,0.0034,0.0004,0.0004,0.0004,0.0876,0.0013,0.0025,ND,ND,ND,ND,ND,ND,0.0013,ND,0.0006,ND,0.0020,ND,50.15
8266.50,16,1.39,5.09,36.07,ND,1.0282,1.5440,0.63,0.2537,0.0261,0.0378,0.0105,2.2518,ND,0.0099,0.0057,0.0050,0.0008,0.0022,0.0108,0.0330,0.0018,0.0129,0.0021,ND,ND,ND,ND,ND,ND,0.0005,0.0011,ND,0.0012,ND,51.01
8267.05,16,1.58,5.78,35.52,ND,1.0555,1.7669,0.29,0.2860,0.0256,0.0418,0.0143,2.4903,ND,0.0070,0.0051,0.0065,0.0007,0.0019,0.0114,0.0269,0.0013,0.0160,0.0022,ND,ND,ND,ND,ND,ND,0.0007,0.0018,ND,ND,ND,51.25
8267.50,16,1.21,6.12,33.74,ND,1.2257,1.8978,0.32,0.3165,0.0210,0.0378,0.0126,2.6680,ND,0.0088,0.0047,0.0121,0.0004,0.0016,0.0100,0.0147,0.0012,0.0116,0.0020,ND,ND,ND,ND,ND,ND,ND,0.0015,ND,ND,0.0005,51.17
8268.00,16,1.39,6.13,33.56,ND,1.5887,1.9155,0.65,0.3334,0.0294,0.0294,0.0111,2.9406,ND,0.0093,0.0050,0.0092,0.0005,0.0013,0.0104,0.0214,0.0012,0.0122,0.0017,ND,ND,ND,ND,ND,ND,ND,0.0014,ND,ND,ND,51.89
8268.50,16,1.44,5.84,35.13,ND,1.0322,1.7704,0.22,0.2787,0.0256,0.0286,0.0118,2.3025,ND,ND,ND,ND,ND,ND,ND,0.0078,ND,0.0005,ND,ND,ND,ND,ND,ND,ND,ND,ND,ND,ND,ND,52.96
8269.04,16,1.33,5.42,35.52,ND,0.8613,1.6450,0.40,0.3032,0.0244,0.0217,0.0107,2.0537,ND,0.0136,0.0041,0.0150,0.0008,0.0021,0.0106,0.0177,0.0011,0.0136,0.0023,ND,ND,ND,ND,ND,ND,0.0006,0.0020,ND,ND,ND,51.01
8269.50,16,1.58,6.51,34.51,ND,1.4606,1.8318,0.53,0.3353,0.0284,0.0149,0.0100,2.3233,ND,0.0120,0.0045,0.0143,0.0007,0.0015,0.0090,0.0134,0.0012,0.0082,0.0013,ND,ND,ND,ND,ND,ND,ND,0.0015,ND,ND,ND,51.68
8270.00,16,1.93,4.67,33.51,ND,2.0815,1.2988,2.73,0.3117,0.0232,0.0123,0.0165,3.5095,ND,0.0124,0.0060,0.0142,0.0010,0.0023,0.0153,0.0246,0.0014,0.0137,0.0024,0.0003,ND,ND,ND,ND,0.0012,0.0005,0.0017,ND,ND,ND,49.50
8270.50,16,1.48,7.12,32.02,ND,2.1616,2.3917,0.65,0.3719,0.0297,0.0273,0.0187,3.6121,ND,0.0056,0.0041,0.0124,0.0004,0.0008,0.0131,0.0392,0.0015,0.0123,0.0022,ND,ND,ND,ND,ND,ND,ND,0.0018,ND,ND,ND,51.81
8271.05,16,1.70,6.39,34.69,ND,0.9415,1.9143,0.91,0.3584,0.0230,0.0163,0.0186,2.3753,ND,0.0109,0.0069,0.0141,0.0008,0.0022,0.0155,0.0254,0.0015,0.0137,0.0025,ND,ND,ND,ND,ND,0.0018,0.0007,0.0018,ND,0.0011,ND,50.06
8271.50,16,1.95,5.29,33.78,ND,1.4604,1.4144,2.09,0.3235,0.0250,0.0092,0.0162,2.8364,ND,0.0099,0.0044,0.0223,0.0005,0.0009,0.0136,0.0276,0.0015,0.0113,0.0022,ND,ND,ND,ND,ND,0.0016,ND,0.0016,ND,ND,ND,51.64
8271.94,16,1.97,6.22,30.67,ND,2.1333,2.1436,1.10,0.3251,0.0280,0.0122,0.0195,3.2224,ND,0.0089,0.0038,0.0142,0.0004,0.0009,0.0122,0.0268,0.0016,0.0099,0.0017,0.0003,ND,ND,ND,ND,ND,ND,0.0018,ND,0.0012,ND,52.66
8272.04,16,1.24,6.26,35.23,ND,1.2623,1.9023,0.45,0.3272,0.0260,0.0198,0.0138,2.5807,ND,0.0101,0.0045,0.0109,0.0005,0.0008,0.0129,0.0308,0.0017,0.0106,0.0020,ND,ND,ND,ND,ND,0.0018,ND,0.0018,ND,ND,ND,52.34
8273.05,16,1.89,5.43,33.13,ND,1.5636,1.4647,2.01,0.3225,0.0229,0.0093,0.0239,3.0704,ND,0.0099,0.0047,0.0152,0.0005,0.0011,0.0136,0.0283,0.0015,0.0110,0.0022,ND,ND,ND,ND,ND,ND,0.0006,0.0014,ND,ND,ND,53.52
8273.53,16,1.38,6.24,32.75,ND,1.7725,1.8708,1.51,0.3475,0.0254,0.0173,0.0184,3.2984,ND,0.0067,0.0025,0.0089,0.0011,0.0010,0.0057,0.0338,0.0029,0.0064,0.0011,0.0005,ND,ND,ND,ND,ND,ND,0.0008,ND,0.0013,ND,48.90
8274.00,16,1.74,5.64,33.81,ND,1.2553,1.6323,2.08,0.2882,0.0260,0.0112,0.0206,3.1435,ND,0.0085,0.0042,0.0115,ND,0.0010,0.0125,0.0310,0.0019,0.0116,0.0022,ND,ND,ND,ND,ND,0.0012,0.0005,0.0018,ND,ND,ND,49.42
8274.50,16,1.56,6.47,34.79,ND,2.0247,1.9136,0.26,0.3754,0.0283,0.0166,0.0121,2.8245,ND,0.0128,0.0053,0.0219,0.0008,0.0021,0.0124,0.0170,0.0013,0.0112,0.0023,ND,ND,ND,ND,ND,ND,0.0005,0.0019,ND,ND,ND,49.82
8275.05,16,1.70,6.87,34.49,ND,1.1102,2.1547,0.28,0.3789,0.0256,0.0218,0.0135,2.7343,ND,0.0113,0.0051,0.1103,0.0006,0.0012,0.0130,0.0246,0.0020,0.0126,0.0024,ND,ND,ND,ND,ND,0.0020,ND,0.0014,0.0008,ND,ND,49.69
8275.50,16,1.71,6.53,31.18,ND,1.8850,2.2086,0.64,0.3345,0.0251,0.0103,0.0206,3.1789,ND,0.0150,0.0058,0.2153,0.0011,0.0032,0.0119,0.0160,0.0021,0.0122,0.0020,ND,ND,ND,ND,ND,ND,0.0007,0.0019,ND,ND,ND,51.11
8276.01,16,1.70,5.52,32.51,ND,2.6843,1.6771,1.06,0.2947,0.0198,0.0101,0.0162,3.0020,ND,0.0131,0.0056,0.1199,0.0007,0.0018,0.0116,0.0172,0.0019,0.0116,0.0020,ND,ND,ND,ND,ND,ND,ND,0.0017,ND,ND,ND,50.26
8276.50,16,1.83,6.37,34.09,ND,1.2997,2.0350,0.84,0.3059,0.0227,0.0102,0.0196,3.0731,ND,0.0119,0.0049,0.0393,0.0006,0.0012,0.0125,0.0231,0.0023,0.0120,0.0021,ND,ND,ND,ND,ND,ND,ND,0.0019,ND,0.0011,ND,49.85
8277.05,16,1.88,5.95,34.75,ND,1.0209,1.9065,0.36,0.3087,0.0239,0.0121,0.0139,2.4875,ND,0.0097,0.0044,0.0230,0.0007,0.0013,0.0133,0.0305,0.0024,0.0117,0.0019,ND,ND,ND,ND,ND,ND,ND,0.0017,ND,ND,ND,50.01
8277.50,16,1.72,7.25,33.19,ND,1.5448,2.2866,0.45,0.3418,0.0283,0.0220,0.0187,3.5195,ND,0.0103,0.0044,0.0311,0.0006,0.0011,0.0120,0.0244,0.0021,0.0118,0.0023,ND,ND,ND,ND,ND,ND,ND,0.0019,ND,ND,ND,50.23
8278.00,16,1.95,6.70,33.02,ND,1.1580,2.1482,1.13,0.3443,0.0230,0.0138,0.0197,3.1482,ND,0.0135,0.0046,0.0181,0.0010,0.0019,0.0118,0.0196,0.0023,0.0121,0.0018,ND,ND,ND,ND,ND,ND,ND,0.0014,ND,0.0010,ND,49.54
8278.55,16,1.61,7.34,32.68,ND,1.3022,2.4698,0.88,0.3477,0.0290,0.0143,0.0234,3.1868,ND,0.0106,0.0037,0.0127,0.0003,0.0011,0.0109,0.0184,0.0022,0.0109,0.0019,ND,ND,ND,ND,ND,ND,ND,0.0015,ND,0.0010,ND,51.22
8279.05,16,1.84,6.83,33.81,ND,1.1537,2.2471,0.81,0.3501,0.0244,0.0137,0.0190,2.9389,ND,0.0161,0.0042,0.0173,0.0005,0.0010,0.0120,0.0281,0.0020,0.0107,0.0023,ND,ND,ND,ND,ND,ND,0.0005,0.0017,ND,0.0010,ND,50.01
8279.53,16,1.38,6.48,34.99,ND,1.2083,2.1067,0.25,0.3327,0.0237,0.0203,0.0155,2.7561,ND,0.0119,0.0046,0.0378,0.0008,0.0011,0.0108,0.0213,0.0019,0.0101,0.0020,0.0006,ND,ND,ND,ND,ND,ND,0.0013,ND,0.0010,ND,51.40
8280.02,16,1.41,6.83,31.82,ND,1.9962,2.1830,0.67,0.3373,0.0236,0.0295,0.0180,3.2977,ND,0.0065,0.0044,0.0176,0.0004,0.0008,0.0135,0.0450,0.0024,0.0118,0.0026,ND,ND,ND,ND,ND,ND,ND,0.0017,ND,ND,ND,52.17
8280.52,16,1.85,7.16,32.79,ND,1.4165,2.3564,0.92,0.3585,0.0337,0.0147,0.0231,3.2163,ND,0.0091,0.0033,0.0158,0.0005,0.0019,0.0115,0.0211,0.0021,0.0147,0.0023,ND,ND,ND,ND,ND,0.0015,ND,0.0020,ND,ND,ND,50.14
8281.05,16,1.92,8.01,32.73,ND,1.3007,2.5088,0.13,0.3291,0.0284,0.0174,0.0228,3.0928,ND,0.0072,0.0034,0.0068,0.0010,0.0020,0.0101,0.0158,0.0022,0.0153,0.0020,ND,ND,ND,ND,ND,ND,0.0005,0.0014,ND,ND,ND,49.65
8281.50,16,1.96,7.17,33.58,ND,1.4004,2.3374,0.51,0.3259,0.0281,0.0111,0.0264,3.1403,ND,0.0073,0.0047,0.0115,0.0004,0.0013,0.0090,0.0217,0.0026,0.0127,0.0017,ND,ND,ND,ND,ND,ND,ND,0.0012,ND,ND,ND,50.29
8282.00,16,1.93,4.27,30.86,ND,2.1831,1.0025,6.78,0.1793,0.0162,0.0071,0.0190,3.7826,ND,0.0062,0.0029,0.0039,0.0009,0.0020,0.0100,0.0196,0.0023,0.0147,0.0020,0.0005,ND,ND,ND,ND,0.0012,ND,0.0014,ND,ND,ND,50.71
8282.50,16,2.87,6.61,29.43,ND,1.3947,2.0768,0.45,0.2861,0.0269,0.0113,0.0286,3.2104,ND,0.0045,0.0033,0.0033,0.0005,0.0013,0.0084,0.0207,0.0021,0.0138,0.0016,ND,ND,ND,ND,ND,ND,0.0006,0.0011,ND,ND,ND,51.00
8283.05,16,2.38,6.93,31.08,ND,1.2965,2.0473,0.39,0.2960,0.0218,0.0119,0.0208,3.0932,ND,0.0077,0.0037,0.0097,0.0004,0.0018,0.0105,0.0184,0.0016,0.0123,0.0019,ND,ND,ND,ND,ND,ND,ND,0.0016,ND,ND,ND,50.62
8283.50,16,2.67,6.76,30.73,ND,1.3866,2.0567,0.36,0.2646,0.0193,0.0105,0.0206,2.9750,ND,0.0080,0.0040,0.0105,0.0006,0.0013,0.0130,0.0321,0.0016,0.0103,0.0021,0.0006,ND,ND,ND,ND,ND,0.0005,0.0013,ND,ND,ND,52.06
8284.00,16,2.40,7.38,30.92,ND,1.1273,2.4725,0.47,0.3219,0.0277,0.0138,0.0209,3.1140,ND,0.0049,0.0033,0.0031,0.0010,0.0009,0.0086,0.0213,0.0019,0.0144,0.0016,0.0005,ND,ND,ND,ND,ND,ND,0.0008,ND,ND,ND,50.74
8284.50,16,2.45,7.04,30.24,ND,1.3966,2.1636,1.15,0.3186,0.0262,0.0089,0.0235,3.2739,ND,0.0070,0.0037,0.0049,0.0005,0.0013,0.0105,0.0219,0.0017,0.0139,0.0023,ND,ND,ND,ND,ND,ND,0.0004,0.0014,ND,ND,ND,50.58
8285.05,16,1.93,8.11,30.24,ND,1.5548,2.8937,0.58,0.3879,0.0275,0.0227,0.0246,4.0644,ND,0.0107,0.0047,0.0083,0.0009,0.0023,0.0123,0.0219,0.0016,0.0137,0.0022,ND,ND,ND,ND,ND,ND,0.0006,0.0013,ND,0.0010,ND,50.03
8285.50,16,2.11,8.26,30.36,ND,1.5613,2.9503,0.64,0.3786,0.0303,0.0249,0.0209,4.0626,ND,0.0040,0.0033,0.0036,0.0006,0.0017,0.0076,0.0215,0.0018,0.0161,0.0020,0.0005,ND,ND,ND,ND,0.0012,ND,0.0013,ND,ND,ND,49.84
8286.03,16,1.41,4.91,35.94,ND,1.2063,1.4336,0.59,0.2369,0.0223,0.0181,0.0123,2.4728,ND,0.0063,0.0034,0.0052,0.0006,0.0014,0.0093,0.0187,0.0018,0.0138,0.0018,0.0004,ND,ND,ND,ND,0.0012,ND,0.0011,ND,0.0013,ND,50.80
8286.50,16,1.52,6.43,33.81,ND,1.2349,1.9219,0.80,0.3431,0.0277,0.0212,0.0156,2.7805,ND,0.0094,0.0052,0.0289,0.0005,0.0017,0.0096,0.0152,0.0014,0.0116,0.0018,ND,ND,ND,ND,ND,ND,0.0005,0.0014,ND,ND,ND,52.33
8287.05,16,1.20,ND,42.01,ND,0.0545,ND,3.18,0.0263,0.0127,ND,0.0055,0.5424,ND,0.0131,0.0043,0.0212,0.0006,0.0021,0.0105,0.0139,0.0014,0.0101,0.0015,ND,ND,ND,ND,ND,0.0013,ND,0.0016,ND,ND,0.0006,51.84
8287.52,16,1.42,5.68,33.81,ND,1.4449,1.7671,1.02,0.3217,0.0243,0.0165,0.0146,2.5226,ND,0.0106,0.0044,0.0330,0.0008,0.0023,0.0111,0.0173,0.0016,0.0125,0.0020,0.0004,ND,ND,ND,ND,ND,0.0006,0.0017,ND,0.0011,ND,51.32
8288.00,16,1.40,6.00,35.13,ND,0.9641,1.8037,0.78,0.3032,0.0304,0.0232,0.0151,2.3162,ND,0.0171,0.0057,0.0288,0.0006,0.0024,0.0109,0.0127,0.0013,0.0119,0.0020,ND,ND,ND,ND,ND,ND,0.0005,0.0015,ND,0.0011,ND,52.33
8288.53,16,1.61,6.72,31.30,ND,1.6886,2.0922,1.57,0.3775,0.0296,0.0172,0.0198,3.2446,ND,0.0129,0.0044,0.0157,0.0007,0.0025,0.0101,0.0149,0.0010,0.0101,0.0017,ND,ND,ND,ND,ND,0.0019,ND,0.0014,ND,ND,ND,51.07
8289.05,16,1.62,6.63,25.69,0.0720,1.2232,1.9549,8.02,0.3690,0.0295,0.0202,0.0250,3.2472,ND,0.0129,0.0035,0.0137,0.0005,0.0021,0.0090,0.0133,0.0010,0.0093,0.0018,ND,ND,ND,ND,ND,ND,0.0005,0.0014,ND,ND,ND,51.60
8289.50,16,1.24,0.69,7.51,0.0414,0.3272,ND,38.66,0.0720,0.0251,ND,0.0247,1.1588,ND,0.0055,0.0022,0.0026,ND,0.0009,0.0029,0.0199,0.0010,0.0056,0.0010,ND,ND,ND,ND,ND,ND,ND,0.0004,ND,ND,ND,53.01
8290.00,16,1.92,3.31,18.04,1.4432,0.9452,0.7499,20.08,0.2267,0.0247,0.0146,0.0278,3.2992,ND,ND,0.0010,0.0011,ND,0.0002,ND,0.0801,0.0012,0.0021,ND,ND,ND,ND,ND,ND,ND,0.0006,0.0005,ND,0.0016,ND,51.50
8290.52,16,3.48,3.40,20.03,ND,0.3630,0.7287,14.79,0.1712,0.0203,0.0126,0.0468,5.4749,ND,ND,ND,0.0008,0.0003,0.0002,ND,0.0645,0.0006,0.0016,ND,ND,ND,ND,ND,ND,ND,ND,ND,ND,0.0012,ND,52.55
8291.06,16,1.48,6.44,34.35,ND,1.1899,2.0525,0.04,0.3245,0.0253,0.0255,0.0116,2.3995,ND,0.0109,0.0040,0.0014,0.0008,0.0032,0.0060,0.0904,0.0010,0.0107,0.0015,ND,ND,ND,ND,ND,ND,ND,0.0012,ND,ND,ND,53.67
8291.50,16,2.54,4.73,22.97,ND,2.2790,1.3073,10.37,0.2053,0.0230,0.0097,0.0315,4.1020,ND,ND,ND,ND,0.0012,ND,ND,2.4659,ND,0.0277,0.0026,ND,ND,ND,ND,ND,ND,ND,0.0013,ND,0.0106,ND,48.60
8292.00,16,1.88,0.71,3.61,0.0827,0.3249,ND,40.05,0.0737,0.0316,ND,0.0118,0.7982,ND,ND,0.0012,0.0019,0.0004,0.0005,0.0007,0.0717,0.0009,0.0030,ND,ND,ND,ND,ND,ND,ND,ND,0.0005,ND,0.0012,ND,52.00
8292.55,16,2.01,5.83,21.54,0.7703,1.1703,1.6750,13.79,0.2998,0.0293,0.0245,0.0194,3.1452,ND,ND,0.0015,0.0015,0.0005,0.0004,0.0008,0.0660,0.0012,0.0029,ND,ND,ND,ND,ND,ND,ND,ND,0.0005,ND,0.0020,ND,51.54
8293.05,16,1.70,4.67,24.61,ND,0.8748,1.2631,14.42,0.2233,0.0243,0.0069,0.0230,2.2317,ND,ND,0.0012,0.0007,0.0003,0.0002,ND,0.0540,0.0012,0.0012,ND,ND,ND,ND,ND,ND,ND,ND,ND,ND,ND,ND,51.37
8293.49,16,2.42,3.86,17.42,ND,0.7966,0.8972,20.91,0.2020,0.0275,0.0110,0.0292,3.3824,ND,0.0147,0.0049,0.0144,0.0008,0.0020,0.0143,0.0239,0.0011,0.0125,0.0024,ND,ND,ND,ND,ND,ND,ND,0.0013,ND,0.0011,ND,50.94
8293.98,16,1.54,1.98,7.52,ND,0.3818,0.3699,35.01,0.1355,0.0195,0.0097,0.0421,1.6293,ND,0.0082,0.0036,0.0155,0.0006,0.0017,0.0096,0.0161,0.0012,0.0107,0.0018,ND,ND,ND,ND,ND,ND,ND,0.0011,ND,0.0013,ND,51.92
8294.48,16,2.53,2.88,9.80,ND,0.5128,0.6382,30.62,0.1557,0.0185,0.0059,0.0360,2.3294,ND,0.0080,0.0042,0.0244,0.0006,0.0013,0.0110,0.0213,0.0009,0.0097,0.0019,ND,ND,ND,ND,ND,ND,ND,0.0014,ND,ND,ND,53.39
8295.05,16,2.31,3.83,14.59,0.0529,0.8215,0.8391,23.42,0.2130,0.0265,0.0103,0.0322,3.2414,ND,0.0091,0.0030,0.0210,0.0003,0.0013,0.0070,0.0116,0.0009,0.0075,0.0013,ND,ND,ND,ND,ND,ND,ND,0.0011,ND,ND,0.0005,52.74
8295.50,16,2.23,6.58,21.90,0.8600,2.4513,2.1901,10.13,0.2976,0.0378,0.0135,0.0288,3.2363,ND,0.0092,0.0033,0.0137,0.0007,0.0015,0.0084,0.0161,0.0012,0.0095,0.0015,0.0003,ND,ND,ND,ND,ND,ND,0.0008,ND,0.0009,0.0005,53.69
8295.90,16,2.07,7.22,24.43,ND,3.1552,2.3717,5.66,0.3452,0.0303,0.0066,0.0238,3.3673,ND,0.0108,0.0060,0.0100,0.0010,0.0027,0.0155,0.0325,0.0013,0.0133,0.0023,ND,ND,ND,ND,ND,0.0013,0.0006,0.0015,ND,ND,ND,50.02
8296.50,16,2.26,6.62,25.73,0.1992,1.3828,1.9715,8.82,0.2939,0.0250,0.0150,0.0257,3.3822,ND,0.0087,0.0042,0.0066,0.0011,0.0021,0.0099,0.0158,0.0012,0.0119,0.0019,0.0005,ND,ND,ND,ND,0.0011,ND,0.0017,ND,ND,ND,50.92
8297.04,16,2.20,9.72,24.35,ND,3.1884,3.7178,3.50,0.4192,0.0293,0.0124,0.0381,5.0652,ND,0.0037,0.0032,0.0064,0.0005,0.0008,0.0074,0.0166,0.0008,0.0088,0.0016,ND,ND,ND,ND,ND,ND,ND,0.0008,ND,0.0011,ND,51.36
8297.50,16,1.73,8.30,31.60,ND,1.4768,2.5284,1.02,0.3938,0.0314,0.0168,0.0206,2.7528,ND,0.0058,0.0026,0.0054,0.0004,0.0015,0.0061,0.0336,0.0017,0.0063,0.0012,ND,ND,ND,ND,ND,ND,0.0006,0.0008,ND,ND,ND,50.48
8298.00,16,3.21,1.92,10.77,0.1217,0.3579,0.2636,28.40,0.1151,0.0252,0.0083,0.0366,3.4675,ND,0.0099,0.0045,0.0083,0.0008,0.0024,0.0124,0.0292,0.0015,0.0147,0.0023,ND,ND,ND,ND,ND,ND,ND,0.0018,ND,ND,ND,51.24
8298.50,16,2.16,6.38,28.12,ND,1.0219,1.7352,5.14,0.3827,0.0250,0.0194,0.0219,3.1723,ND,0.0107,0.0045,0.0154,0.0006,0.0017,0.0102,0.0126,0.0009,0.0112,0.0020,ND,ND,ND,ND,ND,ND,0.0005,0.0010,ND,ND,ND,53.02
8299.10,16,1.80,6.47,29.73,ND,1.3240,1.7386,4.39,0.3789,0.0298,0.0212,0.0169,2.7867,ND,0.0091,0.0030,0.0097,0.0004,0.0016,0.0083,0.0124,0.0007,0.0088,0.0013,ND,ND,ND,ND,ND,ND,ND,0.0012,ND,ND,ND,51.85
8299.50,16,1.63,3.86,16.86,0.0611,0.7465,0.8446,22.23,0.2366,0.0278,0.0145,0.0215,2.7259,ND,0.0086,0.0041,0.0074,0.0005,0.0017,0.0072,0.0257,0.0022,0.0092,0.0013,ND,ND,ND,ND,ND,ND,ND,0.0013,ND,ND,ND,51.13
8300.00,16,3.84,1.96,6.39,0.0423,0.7521,0.2737,28.69,0.1243,0.0197,0.0068,0.0340,2.4388,ND,0.0042,0.0029,0.0056,0.0005,0.0012,0.0041,0.0338,0.0016,0.0058,0.0010,ND,ND,ND,ND,ND,ND,ND,ND,ND,ND,ND,51.12
8300.52,16,1.70,1.54,9.86,ND,0.2625,0.1453,34.74,0.0933,0.0136,0.0064,0.0268,1.2870,ND,0.0048,0.0026,0.0038,0.0006,0.0011,0.0044,0.0291,0.0013,0.0061,ND,ND,ND,ND,ND,ND,0.0012,ND,0.0007,ND,ND,0.0007,49.68
8301.04,16,1.09,1.68,9.64,ND,0.1699,0.2051,34.88,0.1246,0.0171,0.0069,0.0238,1.1362,ND,0.0064,0.0045,0.0055,0.0008,0.0013,0.0128,0.0296,0.0010,0.0152,0.0025,ND,ND,ND,ND,ND,ND,0.0005,0.0013,ND,0.0009,ND,51.14
8301.50,16,3.09,4.83,17.68,0.0291,1.5006,1.2732,18.22,0.2170,0.0242,0.0093,0.0304,3.6216,ND,0.0040,0.0016,0.0016,0.0006,0.0009,0.0019,0.0819,0.0015,0.0044,ND,ND,ND,ND,ND,ND,0.0011,ND,ND,ND,0.0014,ND,50.98
8302.01,16,1.87,7.51,27.31,0.0241,1.3255,2.4346,3.69,0.4142,0.0420,0.0260,0.0199,3.3725,ND,0.0071,0.0041,0.0050,0.0011,0.0024,0.0078,0.0165,0.0008,0.0118,0.0015,0.0005,ND,ND,ND,ND,ND,ND,0.0010,ND,ND,ND,50.23
8302.50,16,3.32,3.58,20.08,ND,0.7553,0.9409,16.05,0.1669,0.0175,0.0061,0.0226,2.6500,ND,0.0091,0.0043,0.0124,0.0005,0.0028,0.0094,0.0118,0.0007,0.0113,0.0017,ND,ND,ND,ND,ND,ND,ND,0.0012,ND,ND,0.0005,51.29
8303.03,16,2.30,1.41,5.47,ND,0.2960,0.2684,38.50,0.1143,0.0377,ND,0.0266,0.8323,ND,ND,0.0012,0.0010,0.0004,ND,0.0021,0.0703,0.0006,0.0030,ND,ND,ND,ND,ND,ND,ND,0,ND,ND,ND,ND,50.65
8303.50,16,1.85,1.32,4.21,ND,0.3146,0.2379,39.11,0.1041,0.0274,ND,0.0256,0.8236,ND,ND,0.0011,0.0009,0.0004,0.0002,0.0020,0.0697,0.0005,0.0026,ND,ND,ND,ND,ND,ND,ND,0,ND,ND,0.0017,ND,51.90
8304.00,16,2.37,6.83,20.30,ND,4.7633,2.1883,7.43,0.3111,0.0308,0.0113,0.0210,3.1217,ND,0.0035,0.0025,0.0023,0.0008,0.0006,0.0158,0.0304,0.0016,0.0098,0.0019,ND,ND,ND,ND,ND,0.0013,ND,0.0011,ND,0.0013,ND,52.56
8304.50,16,1.91,5.99,18.78,ND,2.5188,1.8668,13.30,0.3237,0.0430,0.0104,0.0189,2.7248,ND,0.0035,0.0021,0.0017,0.0006,0.0004,0.0121,0.0519,0.0020,0.0096,0.0020,ND,ND,ND,ND,ND,ND,ND,0.0009,ND,0.0017,ND,52.42
8305.05,16,2.21,8.39,22.22,ND,3.7507,2.8180,7.09,0.4089,0.0356,0.0113,0.0186,3.5094,ND,0.0035,0.0034,0.0034,0.0010,0.0004,0.0159,0.0551,0.0017,0.0103,0.0020,ND,ND,ND,ND,ND,ND,0.0005,0.0017,ND,0.0018,ND,49.44
8305.50,16,2.15,7.18,20.99,ND,4.7976,2.4659,7.08,0.3403,0.0312,0.0091,0.0183,3.2022,ND,0.0035,0.0021,0.0022,0.0007,0.0004,0.0158,0.0425,0.0017,0.0109,0.0019,ND,ND,ND,ND,ND,0.0010,ND,0.0013,ND,0.0022,ND,51.65
8306.06,16,2.01,6.32,18.69,0.0268,3.7981,2.2452,8.68,0.3243,0.0408,0.0106,0.0210,3.1508,ND,0.0035,0.0028,0.0029,0.0007,0.0003,0.0155,0.0435,0.0019,0.0108,0.0023,0.0004,ND,ND,ND,ND,ND,0.0005,0.0016,ND,0.0015,ND,54.59
8306.50,16,5.23,3.54,8.64,0.2153,0.4095,0.8811,23.35,0.1448,0.0240,ND,0.0309,4.1990,ND,0.0020,0.0014,0.0022,0.0005,0.0003,0.0051,0.0625,0.0025,0.0043,0.0006,ND,ND,ND,ND,ND,ND,0.0006,ND,ND,ND,ND,53.26
8307.04,16,2.27,3.37,9.42,ND,0.8892,0.7207,28.75,0.2021,0.0201,0.0071,0.0226,1.8373,ND,0.0020,0.0022,0.0018,0.0004,ND,0.0065,0.0408,0.0010,0.0049,0.0014,ND,ND,ND,ND,ND,ND,0.0007,0.0009,ND,ND,ND,52.42
8307.54,16,4.96,3.92,11.25,0.0465,3.4642,1.0428,12.51,0.1862,0.0232,0.0072,0.0210,3.6231,ND,0.0022,0.0021,0.0017,0.0003,0.0003,0.0095,0.0509,0.0013,0.0065,0.0010,ND,ND,ND,ND,ND,ND,ND,0.0011,ND,ND,ND,58.87
8308.00,16,2.25,7.33,21.86,ND,3.7803,2.6023,5.15,0.3780,0.0335,0.0090,0.0169,3.3481,ND,0.0040,0.0026,0.0029,0.0007,0.0002,0.0188,0.0235,0.0018,0.0118,0.0024,ND,ND,ND,ND,ND,ND,0.0005,0.0015,ND,0.0018,ND,53.15
8308.50,16,2.46,6.86,20.40,ND,2.6949,2.3110,8.66,0.3145,0.0318,0.0073,0.0199,3.3033,ND,0.0031,0.0024,0.0024,0.0009,0.0003,0.0152,0.0320,0.0019,0.0100,0.0018,ND,ND,ND,ND,ND,ND,0.0005,0.0012,ND,0.0017,ND,52.86
8309.04,16,3.68,6.42,17.00,ND,2.8826,2.1279,12.03,0.2773,0.0268,0.0072,0.0261,3.5096,ND,0.0034,0.0022,0.0023,0.0008,0.0003,0.0138,0.0431,0.0017,0.0088,0.0016,ND,ND,ND,ND,ND,ND,ND,0.0010,ND,0.0021,ND,51.93
8309.51,16,4.92,4.15,11.23,0.0736,3.4664,1.2147,10.91,0.2018,0.0237,0.0078,0.0255,3.4527,ND,0.0022,0.0014,0.0018,0.0008,0.0004,0.0105,0.0535,0.0016,0.0071,0.0014,ND,ND,ND,ND,ND,ND,ND,0.0009,ND,0.0011,ND,60.24
8310.02,16,2.68,6.66,18.42,0.0994,2.4737,2.1396,11.44,0.3007,0.0253,0.0119,0.0234,3.5264,ND,0.0039,0.0033,0.0028,0.0007,0.0006,0.0138,0.0496,0.0024,0.0089,0.0019,ND,ND,ND,ND,ND,ND,0.0005,0.0013,ND,0.0011,ND,52.11
8310.50,16,6.50,3.11,7.67,0.0525,0.5490,0.6217,18.78,0.1126,0.0184,0.0053,0.0311,3.4845,ND,0.0023,0.0014,0.0015,0.0005,0.0002,0.0050,0.0657,0.0012,0.0040,0.0008,ND,ND,ND,ND,ND,ND,ND,0.0006,ND,0.0011,ND,58.97
8311.07,16,1.97,6.80,19.72,0.1503,0.8611,2.0322,15.40,0.3136,0.0244,0.0226,0.0210,2.9990,ND,0.0098,0.0035,0.0513,0.0007,0.0014,0.0115,0.0494,0.0024,0.0090,0.0018,ND,ND,ND,ND,ND,ND,ND,0.0010,ND,ND,ND,49.55
8311.50,16,2.45,6.75,16.59,1.5859,1.2873,2.3324,15.74,0.2678,0.0373,0.0184,0.0245,3.3099,ND,0.0047,0.0036,0.0044,0.0008,0.0010,0.0124,0.0874,0.0100,0.0083,0.0017,ND,ND,ND,ND,ND,ND,ND,0.0013,ND,0.0019,ND,49.46
8312.01,16,2.04,8.51,26.83,ND,2.3139,2.9173,3.33,0.4240,0.0333,0.0153,0.0156,3.7361,ND,0.0081,0.0041,0.0563,0.0008,0.0008,0.0164,0.0462,0.0013,0.0139,0.0027,ND,ND,ND,ND,ND,ND,0.0007,0.0021,ND,0.0013,ND,49.68
8312.50,16,2.10,5.43,19.16,ND,1.8980,1.6603,15.36,0.2358,0.0227,0.0100,0.0186,2.3390,ND,0.0022,0.0021,0.0077,0.0007,0.0004,0.0110,0.0919,0.0014,0.0079,0.0018,ND,ND,ND,ND,ND,ND,ND,0.0009,ND,0.0021,ND,51.62
8313.04,16,1.26,1.85,4.65,ND,0.2476,0.3703,39.16,0.1114,0.0201,ND,0.0204,0.9133,ND,ND,0.0012,0.0010,0.0004,ND,0.0027,0.0727,0.0011,0.0035,ND,ND,ND,ND,ND,ND,0.0013,ND,0.0008,ND,0.0017,ND,51.31
8313.51,16,1.45,7.39,22.82,ND,2.2465,2.3996,9.39,0.3445,0.0279,0.0083,0.0139,2.6904,ND,0.0037,0.0022,0.0029,0.0006,0.0004,0.0158,0.0718,0.0017,0.0100,0.0023,ND,ND,ND,ND,ND,0.0012,0.0005,0.0013,ND,0.0016,ND,51.10
8314.00,16,1.79,7.18,20.18,0.0612,0.7448,2.0593,15.17,0.2834,0.0393,0.0130,0.0173,2.6875,ND,0.0040,0.0030,0.0036,0.0005,0.0005,0.0126,0.0792,0.0023,0.0082,0.0016,ND,ND,ND,ND,ND,ND,ND,0.0011,ND,0.0014,ND,49.66
8314.47,16,1.47,5.81,17.14,ND,2.8100,1.9169,14.68,0.2820,0.0260,0.0079,0.0142,2.4296,ND,0.0023,0.0026,0.0022,0.0007,0.0003,0.0132,0.1165,0.0017,0.0093,0.0016,ND,ND,ND,ND,ND,ND,ND,0.0010,ND,0.0021,ND,53.27
8315.04,16,1.83,5.53,16.76,ND,0.9378,1.4953,20.60,0.2559,0.0249,0.0080,0.0184,2.2643,ND,0.0033,0.0021,0.0024,0.0006,0.0005,0.0098,0.0949,0.0016,0.0075,0.0015,ND,ND,ND,ND,ND,ND,0.0005,0.0008,ND,0.0017,ND,50.15
8315.50,16,1.62,7.91,23.51,ND,1.0772,2.4555,8.89,0.3643,0.0298,0.0097,0.0136,2.6177,ND,0.0034,0.0028,0.0025,0.0010,0.0002,0.0166,0.0444,0.0014,0.0099,0.0018,ND,ND,ND,ND,ND,ND,ND,0.0011,ND,ND,ND,51.42
8316.00,16,2.15,6.98,21.73,ND,2.5414,2.1527,11.99,0.2975,0.0263,0.0061,0.0138,2.5401,ND,0.0035,0.0016,0.0021,0.0007,0.0002,0.0137,0.0722,0.0013,0.0090,0.0017,ND,ND,ND,ND,ND,0.0012,ND,0.0012,ND,0.0018,ND,49.47
8316.50,16,2.63,6.12,18.28,ND,2.2183,1.9976,13.92,0.3110,0.0356,0.0070,0.0206,2.8125,ND,0.0030,0.0016,0.0024,0.0008,0.0004,0.0130,0.0735,0.0016,0.0092,0.0016,ND,ND,ND,ND,ND,ND,ND,0.0010,ND,0.0018,ND,51.54
8317.07,16,2.40,3.16,8.80,ND,0.8047,0.7693,30.06,0.1801,0.0259,0.0084,0.0230,2.1989,ND,0.0023,0.0012,0.0021,0.0004,0.0003,0.0058,0.0461,0.0007,0.0043,0.0011,ND,ND,ND,ND,ND,ND,ND,0.0007,ND,0.0012,ND,51.50
8317.50,16,1.52,3.49,9.86,ND,0.3775,0.7653,33.57,0.1644,0.0236,0.0063,0.0217,1.3669,ND,ND,0.0014,0.0011,ND,0.0003,0.0051,0.0533,0.0006,0.0040,0.0007,ND,ND,ND,ND,ND,0.0013,ND,0.0010,ND,0.0014,ND,48.78
8317.97,16,2.97,2.39,6.97,ND,0.4123,0.5538,33.79,0.1349,0.0363,ND,0.0264,1.4618,ND,ND,0.0021,0.0011,0.0004,0.0003,0.0031,0.0687,0.0009,0.0035,0.0006,ND,ND,ND,ND,ND,ND,ND,ND,ND,0.0018,ND,51.17
8318.48,16,1.67,5.49,22.50,0.7118,1.9209,1.6113,11.33,0.2953,0.0327,0.0160,0.0203,3.0462,ND,0.0042,0.0031,0.0047,0.0012,0.0011,0.0117,0.0638,0.0062,0.0087,0.0016,ND,ND,ND,ND,ND,ND,0.0005,0.0012,ND,0.0010,ND,51.24
8319.04,16,2.91,4.24,28.11,0.5738,0.9598,1.1458,8.57,0.2127,0.0250,0.0115,0.0151,2.2935,ND,0.0033,0.0022,0.0033,0.0007,0.0006,0.0069,0.0661,0.0026,0.0072,0.0013,0.0005,ND,ND,ND,ND,ND,ND,0.0007,ND,0.0012,0.0009,50.84
8319.52,16,3.07,3.04,22.32,ND,0.5810,0.7808,13.78,0.1773,0.0230,0.0080,0.0204,2.3926,ND,0.0019,0.0015,0.0017,0.0007,0.0005,0.0057,0.0446,0.0009,0.0052,0.0010,ND,ND,ND,ND,ND,ND,ND,0.0006,ND,0.0015,ND,53.75
8320.00,16,1.40,1.07,5.71,0.2011,0.4880,0.1083,36.63,0.0851,0.0186,0.0062,0.0180,1.2656,ND,0.0020,0.0015,0.0136,0.0004,0.0003,0.0014,0.1050,0.0017,0.0036,0.0006,ND,ND,ND,ND,ND,ND,ND,0.0006,ND,0.0019,ND,52.87
8320.50,16,2.33,2.01,8.45,0.1587,0.3376,0.3538,33.30,0.1284,0.0196,0.0110,0.0168,1.6266,ND,0.0021,0.0018,0.0078,0.0005,0.0006,0.0028,0.0842,0.0014,0.0049,0.0008,ND,ND,ND,ND,ND,ND,ND,0.0007,ND,0.0015,ND,51.16
8321.05,16,1.35,0.32,1.55,ND,0.0370,ND,42.27,0.0539,0.0257,ND,0.0201,0.1916,ND,ND,ND,0.0010,ND,0.0003,ND,0.0904,0.0004,0.0020,ND,ND,ND,ND,ND,ND,ND,ND,0.0006,ND,0.0016,ND,54.09
8321.50,16,1.39,1.64,7.47,ND,0.3673,0.2672,36.32,0.1116,0.0176,0.0083,0.0228,0.9294,ND,ND,0.0018,0.0017,ND,0.0005,0.0022,0.0632,0.0007,0.0040,0.0009,ND,ND,ND,ND,ND,ND,ND,0.0009,ND,0.0017,ND,51.37
8322.00,16,1.94,1.11,4.82,ND,0.3194,0.1356,38.58,0.0936,0.0243,0.0063,0.0213,0.7676,ND,ND,0.0022,0.0015,0.0003,0.0003,0.0013,0.0653,0.0005,0.0026,0.0007,ND,ND,ND,ND,ND,ND,ND,0.0005,ND,0.0019,ND,52.11
8322.50,16,2.76,3.93,16.83,0.0296,0.9032,0.9546,20.91,0.2045,0.0256,0.0096,0.0204,2.2656,ND,0.0035,0.0021,0.0020,0.0005,0.0009,0.0057,0.0446,0.0013,0.0061,0.0011,ND,ND,ND,ND,ND,ND,ND,0.0008,ND,0.0012,ND,51.08
8323.04,16,1.62,3.12,14.99,ND,0.9106,0.6742,23.31,0.1814,0.0210,0.0109,0.0172,1.8961,ND,0.0032,0.0020,0.0018,0.0005,0.0010,0.0047,0.0535,0.0011,0.0056,0.0009,ND,ND,ND,ND,ND,0.0012,ND,0.0008,ND,ND,ND,53.17
8323.50,16,3.24,5.86,21.52,0.1751,1.4166,1.6627,11.47,0.2926,0.0212,0.0197,0.0203,3.0834,ND,0.0077,0.0038,0.0021,0.0010,0.0019,0.0094,0.0374,0.0021,0.0101,0.0020,ND,ND,ND,ND,ND,ND,ND,0.0013,ND,0.0012,ND,51.14
8324.00,16,2.67,3.38,16.68,0.1163,0.6932,0.8359,21.30,0.1722,0.0244,0.0125,0.0164,2.1305,ND,0.0036,0.0026,0.0024,0.0007,0.0011,0.0051,0.0494,0.0016,0.0061,0.0009,ND,ND,ND,ND,ND,ND,0.0005,0.0006,ND,0.0014,ND,51.89
8324.46,16,1.46,3.32,18.93,0.1806,1.3680,0.7111,20.92,0.1996,0.0231,0.0130,0.0143,1.9739,ND,0.0049,0.0029,0.0043,0.0006,0.0011,0.0048,0.0510,0.0016,0.0062,0.0011,ND,ND,ND,ND,ND,ND,0.0008,0.0008,ND,0.0016,ND,50.81
8325.05,16,1.78,6.17,29.81,ND,2.2265,1.9136,2.36,0.3340,0.0264,0.0233,0.0141,2.4441,ND,0.0110,0.0041,0.0099,0.0007,0.0022,0.0115,0.0189,0.0009,0.0116,0.0019,0.0006,ND,ND,ND,ND,ND,0.0005,0.0016,ND,ND,ND,52.83
8325.50,16,2.09,5.22,30.62,ND,0.9132,1.5176,5.11,0.3252,0.0233,0.0224,0.0121,1.9864,ND,0.0085,0.0036,0.0115,0.0005,0.0016,0.0097,0.0209,0.0012,0.0116,0.0018,ND,ND,ND,ND,ND,ND,ND,0.0016,ND,0.0010,ND,52.10
8326.00,16,1.70,1.65,13.35,0.0443,0.4410,0.2581,31.14,0.1123,0.0169,0.0119,0.0116,1.1046,ND,0.0028,0.0015,0.0028,0.0004,0.0005,0.0024,0.0646,0.0013,0.0041,ND,ND,ND,ND,ND,ND,0.0012,ND,0.0006,ND,ND,ND,50.09
8326.50,16,1.75,2.22,12.79,0.1126,0.5403,0.3903,31.28,0.1649,0.0233,0.0114,0.0142,1.3839,ND,0.0032,0.0017,0.0037,0.0003,0.0009,0.0031,0.0686,0.0016,0.0051,0.0011,ND,ND,ND,ND,ND,ND,ND,0.0010,ND,0.0015,ND,49.22
8327.04,16,1.28,1.06,8.87,0.0508,0.3323,0.0715,36.49,0.0883,0.0191,ND,0.0093,0.7994,ND,ND,0.0022,0.0019,0.0004,0.0005,0.0009,0.0878,0.0013,0.0028,0.0006,ND,ND,ND,0.0030,ND,ND,ND,0.0006,ND,0.0028,ND,50.82
8327.45,16,1.18,1.11,10.60,0.0691,0.8484,0.0769,34.56,0.6395,0.4573,ND,0.0315,1.7776,ND,0.0017,0.0020,0.0029,0.0008,0.0007,0.0009,0.1674,0.0014,0.0048,0.0008,ND,ND,ND,ND,ND,ND,ND,ND,ND,0.0034,ND,48.47
8328.00,16,1.42,2.35,18.67,0.0750,0.4534,0.4029,25.27,0.1547,0.0275,0.0137,0.0138,1.0712,ND,0.0056,0.0026,0.0105,0.0003,0.0010,0.0027,0.0493,0.0016,0.0056,0.0005,ND,ND,ND,ND,ND,ND,ND,0.0008,ND,ND,ND,50.00
8328.50,16,1.27,3.37,38.99,ND,0.8600,0.8510,3.95,0.1961,0.0194,0.0165,0.0076,1.4674,ND,0.0101,0.0037,0.0468,0.0005,0.0016,0.0048,0.0187,0.0016,0.0073,0.0009,ND,ND,ND,ND,ND,0.0018,ND,0.0012,ND,0.0010,ND,48.90
8329.06,16,1.75,5.07,25.16,0.3133,2.5618,1.4109,9.34,0.2720,0.0334,0.0226,0.0148,2.7366,ND,0.0095,0.0048,0.0059,0.0012,0.0027,0.0082,0.0359,0.0038,0.0105,0.0018,ND,ND,ND,ND,ND,ND,0.0007,0.0016,ND,0.0012,ND,51.24
8329.50,16,1.75,5.94,27.86,0.1236,1.5823,1.6950,5.95,0.3307,0.0341,0.0241,0.0116,2.9770,ND,0.0128,0.0048,0.0074,0.0013,0.0029,0.0099,0.0224,0.0023,0.0126,0.0017,ND,ND,ND,ND,ND,ND,ND,0.0016,ND,ND,0.0009,51.64
8330.00,16,1.09,4.04,33.08,ND,0.9908,1.0734,3.90,0.2871,0.0199,0.0176,0.0081,1.8280,ND,0.0085,0.0029,0.0144,0.0007,0.0017,0.0073,0.0168,0.0011,0.0121,0.0019,ND,ND,ND,ND,ND,0.0013,ND,0.0012,ND,ND,ND,53.59
8330.50,16,1.21,3.15,31.97,0.0264,0.8813,0.7384,8.05,0.2056,0.0259,0.0104,0.0092,1.5256,ND,0.0071,0.0026,0.0103,0.0006,0.0013,0.0049,0.0521,0.0013,0.0086,0.0012,ND,ND,ND,ND,ND,ND,ND,0.0008,ND,0.0015,ND,52.09
8331.05,16,1.35,3.04,22.18,0.2027,0.7251,0.6209,19.01,0.1889,0.0263,0.0163,0.0110,1.4827,ND,0.0062,0.0021,0.0096,0.0006,0.0014,0.0042,0.0457,0.0024,0.0066,0.0010,ND,ND,ND,ND,ND,ND,ND,0.0009,ND,0.0016,ND,51.07
8331.53,16,2.02,5.49,32.29,ND,1.9091,1.6138,3.67,0.3026,0.0276,0.0226,0.0137,3.1220,ND,0.0087,0.0036,0.0103,0.0010,0.0024,0.0087,0.0209,0.0014,0.0101,0.0012,ND,ND,ND,ND,ND,ND,0.0005,0.0013,ND,0.0009,ND,49.44
8332.00,16,2.21,5.74,28.72,ND,2.7731,1.6084,3.65,0.3471,0.0234,0.0145,0.0110,2.6315,ND,0.0074,0.0047,0.0101,0.0008,0.0018,0.0101,0.0274,0.0012,0.0136,0.0020,0.0006,ND,ND,ND,ND,ND,0.0006,0.0020,ND,0.0014,ND,52.19
8332.50,16,1.14,1.28,13.14,ND,0.5033,0.1541,31.67,0.1074,0.0255,0.0057,0.0165,1.3480,ND,0.0015,0.0012,0.0051,ND,0.0006,0.0019,0.0599,0.0015,0.0033,ND,ND,ND,ND,ND,ND,ND,ND,0.0007,ND,ND,ND,50.53
8333.04,16,1.13,1.40,9.83,0.0410,0.3306,0.2164,34.50,0.1041,0.0189,0.0105,0.0143,0.9506,ND,0.0019,0.0012,0.0035,0.0004,0.0005,0.0019,0.0553,0.0010,0.0036,0.0008,ND,ND,ND,ND,ND,ND,ND,0.0006,ND,0.0024,ND,51.39
8333.50,16,1.83,1.91,11.94,0.0652,0.5605,0.3027,31.26,0.1345,0.0148,0.0129,0.0114,1.5280,ND,0.0029,0.0010,0.0033,0.0007,0.0008,0.0027,0.0537,0.0011,0.0039,0.0007,ND,ND,ND,ND,ND,ND,ND,ND,ND,0.0016,ND,50.35
8334.00,16,1.47,4.79,25.23,0.5906,1.2060,1.2183,9.81,0.3218,0.0213,0.0196,0.0116,2.2729,ND,0.0094,0.0033,0.0047,0.0009,0.0021,0.0082,0.0218,0.0015,0.0127,0.0018,ND,ND,ND,ND,ND,ND,ND,0.0021,ND,ND,0.0007,52.97
8334.50,16,1.91,3.74,14.39,0.2620,0.5943,0.6594,27.03,0.2045,0.0179,0.0147,0.0119,1.6050,ND,0.0041,0.0027,0.0017,0.0005,0.0009,0.0042,0.0501,0.0013,0.0055,0.0007,ND,ND,ND,ND,ND,0.0011,ND,0.0007,ND,0.0014,ND,49.50
8335.04,16,1.62,2.31,11.75,0.0662,0.4646,0.4593,30.80,0.1513,0.0227,0.0126,0.0128,1.3834,ND,0.0034,0.0019,0.0021,0.0005,0.0006,0.0033,0.0530,0.0010,0.0044,0.0009,ND,ND,ND,ND,ND,ND,ND,0.0007,ND,0.0014,ND,50.88
8335.50,16,2.00,1.79,9.27,0.0302,0.4710,0.3424,32.83,0.1400,0.0143,0.0065,0.0136,1.1318,ND,0.0019,0.0020,0.0021,0.0004,0.0005,0.0029,0.0542,0.0009,0.0038,0.0007,ND,ND,ND,ND,ND,ND,ND,0.0007,ND,0.0019,ND,51.89
8336.01,16,1.60,0.66,5.83,0.0611,0.1094,ND,41.11,0.0691,0.0218,0.0063,0.0142,0.4887,ND,ND,0.0010,0.0027,ND,0.0002,0.0002,0.0718,0.0009,0.0019,ND,ND,ND,ND,ND,ND,ND,ND,ND,ND,0.0013,ND,49.94
8336.50,16,1.97,3.08,13.98,0.0820,0.7008,0.6731,26.44,0.1933,0.0250,0.0076,0.0165,1.7024,ND,0.0046,0.0022,0.0018,0.0005,0.0009,0.0048,0.0486,0.0014,0.0056,0.0007,ND,ND,ND,ND,ND,ND,ND,0.0007,ND,ND,ND,51.06
8337.04,16,1.47,1.56,9.28,ND,0.2576,0.2427,34.01,0.1108,0.0199,0.0069,0.0150,1.0241,ND,ND,0.0011,0.0013,0.0003,0.0003,0.0024,0.0529,0.0009,0.0030,ND,ND,ND,ND,ND,ND,ND,ND,0.0005,ND,0.0017,ND,51.94
8337.50,16,1.52,1.30,7.53,0.0298,0.2741,0.1848,36.27,0.1230,0.0274,ND,0.0167,0.8125,ND,0.0028,0.0011,0.0015,ND,0.0005,0.0018,0.0663,0.0008,0.0029,ND,ND,ND,ND,ND,ND,ND,ND,0.0007,ND,0.0018,ND,51.84
8338.03,16,1.11,1.19,6.36,ND,0.2198,0.0848,39.16,0.1174,0.0250,0.0090,0.0180,0.5253,ND,ND,0.0023,0.0014,ND,0.0004,0.0011,0.0636,0.0007,0.0037,0.0008,ND,ND,ND,ND,ND,ND,0.0006,0.0007,ND,0.0017,ND,51.12
8338.50,16,1.64,0.99,4.85,ND,0.2288,0.0917,39.68,0.1087,0.0204,ND,0.0303,0.5391,ND,ND,0.0017,0.0009,0.0005,0.0003,0.0012,0.0703,0.0005,0.0031,ND,ND,ND,ND,ND,ND,ND,ND,ND,ND,0.0017,ND,51.74
8339.04,16,1.61,0.86,4.64,0.0290,0.1404,0.0742,39.61,0.0805,0.0203,0.0079,0.0348,0.5155,ND,ND,0.0015,0.0024,ND,0.0003,0.0011,0.0729,0.0006,0.0029,0.0006,ND,ND,ND,ND,ND,0.0013,ND,0.0005,ND,0.0019,ND,52.29
8339.50,16,1.28,1.02,5.80,ND,0.2438,0.1215,39.15,0.0885,0.0260,0.0078,0.0229,0.6054,ND,ND,ND,0.0011,0.0003,0.0005,0.0015,0.0689,0.0007,0.0035,ND,ND,ND,ND,ND,ND,ND,ND,0.0007,ND,ND,ND,51.55
8340.00,16,1.60,1.55,10.09,ND,0.3377,0.2313,34.26,0.1056,0.0190,0.0075,0.0169,1.0813,ND,ND,0.0019,0.0014,ND,0.0004,0.0020,0.0557,0.0009,0.0031,0.0008,0.0004,ND,ND,ND,ND,0.0013,ND,0.0007,ND,0.0014,ND,50.63
8340.50,16,1.62,1.86,15.40,ND,0.3862,0.3510,28.08,0.1351,0.0170,0.0085,0.0162,1.3744,ND,0.0025,0.0017,0.0024,0.0004,0.0006,0.0032,0.0483,0.0009,0.0040,0.0006,ND,ND,ND,ND,ND,0.0015,ND,0.0007,ND,ND,ND,50.69
8341.05,16,1.69,6.00,30.26,0.4494,1.5024,1.6840,4.92,0.3172,0.0228,0.0254,0.0126,2.8621,ND,0.0122,0.0054,0.0153,0.0011,0.0028,0.0096,0.0219,0.0031,0.0117,0.0021,0.0005,ND,ND,ND,ND,ND,0.0005,0.0016,ND,0.0012,ND,50.17
8341.50,16,1.75,5.23,28.10,0.2587,1.5653,1.4698,7.38,0.3148,0.0247,0.0253,0.0162,3.0281,ND,0.0102,0.0051,0.0150,0.0010,0.0026,0.0086,0.0247,0.0021,0.0127,0.0016,ND,ND,ND,ND,ND,ND,0.0005,0.0016,ND,0.0011,0.0006,50.74
8342.00,16,1.08,3.19,20.09,0.1254,0.7627,0.6245,21.55,0.2221,0.0202,0.0162,0.0149,1.6956,ND,0.0055,0.0027,0.0072,0.0005,0.0013,0.0042,0.0449,0.0017,0.0077,0.0013,ND,ND,ND,ND,ND,ND,ND,0.0009,ND,ND,ND,50.54
8342.50,16,1.42,3.34,17.71,0.3792,0.8773,0.6449,23.22,0.2261,0.0250,0.0161,0.0126,1.7231,ND,0.0055,0.0026,0.0182,0.0005,0.0012,0.0045,0.0479,0.0017,0.0085,0.0011,ND,ND,ND,ND,ND,ND,ND,0.0010,ND,ND,0.0009,50.31
8343.04,16,1.64,4.12,20.78,ND,0.8164,0.8400,20.04,0.2668,0.0236,0.0141,0.0127,1.8876,ND,0.0042,0.0030,0.0061,0.0008,0.0017,0.0055,0.0369,0.0010,0.0101,0.0009,ND,ND,ND,ND,ND,ND,ND,0.0011,ND,ND,ND,49.49
8343.52,16,0.75,1.00,8.22,0.0352,0.2751,0.0779,37.19,0.1115,0.0203,0.0078,0.0124,0.7827,ND,0.0024,0.0024,0.0028,0.0004,0.0005,0.0011,0.0915,0.0010,0.0034,ND,ND,ND,ND,ND,ND,ND,ND,0.0005,ND,0.0018,ND,51.41
8344.00,16,1.20,3.09,18.35,0.1179,0.7299,0.6006,23.35,0.2293,0.0292,0.0154,0.0138,1.7201,ND,0.0058,0.0026,0.0049,0.0007,0.0015,0.0038,0.0535,0.0022,0.0078,0.0010,ND,ND,ND,ND,ND,ND,0.0006,0.0009,ND,0.0011,0.0007,50.47
8344.50,16,1.57,5.41,32.81,0.2049,1.5212,1.4928,5.16,0.3288,0.0281,0.0226,0.0164,2.5815,ND,0.0096,0.0040,0.0099,0.0013,0.0023,0.0074,0.0277,0.0030,0.0116,0.0018,ND,ND,ND,ND,ND,ND,ND,0.0010,ND,ND,0.0007,48.77
8345.04,16,1.54,6.22,34.85,ND,1.0444,1.9653,ND,0.3876,0.0307,0.0191,0.0054,2.0296,ND,0.0129,0.0063,0.0304,0.0006,0.0016,0.0111,0.0090,0.0014,0.0161,0.0025,ND,ND,ND,ND,ND,0.0014,ND,0.0016,ND,0.0012,ND,51.82
8345.50,16,1.75,5.31,29.90,0.2042,1.6648,1.5353,7.10,0.3045,0.0207,0.0199,0.0134,2.4390,ND,0.0099,0.0049,0.0115,0.0011,0.0017,0.0088,0.0291,0.0032,0.0100,0.0016,ND,ND,ND,ND,ND,ND,0.0005,0.0010,ND,0.0014,0.0008,49.65
8346.03,16,1.29,4.70,27.49,0.6489,1.3289,1.2104,9.66,0.2955,0.0279,0.0225,0.0137,2.4953,ND,0.0090,0.0036,0.0081,0.0011,0.0023,0.0074,0.0302,0.0045,0.0104,0.0013,0.0010,ND,ND,ND,ND,ND,ND,0.0015,ND,0.0011,0.0013,50.73
8346.50,16,1.58,2.91,16.17,0.1041,0.7840,0.5684,25.45,0.1811,0.0302,0.0143,0.0148,1.6789,ND,0.0043,0.0028,0.0041,0.0005,0.0012,0.0039,0.0559,0.0022,0.0070,0.0010,ND,ND,ND,ND,ND,ND,ND,0.0013,ND,0.0011,ND,50.42
8347.09,16,1.94,3.85,18.90,0.1290,1.1117,0.8798,20.35,0.2609,0.0254,0.0183,0.0169,2.0986,ND,0.0057,0.0023,0.0055,0.0005,0.0013,0.0058,0.0474,0.0019,0.0086,0.0016,ND,ND,ND,ND,ND,ND,0.0005,0.0013,ND,ND,ND,50.33
8347.54,16,2.14,2.97,14.59,0.0912,0.9176,0.6682,25.33,0.1984,0.0256,0.0133,0.0187,1.8792,ND,0.0044,0.0027,0.0050,0.0006,0.0013,0.0043,0.0537,0.0016,0.0070,0.0011,ND,ND,ND,ND,ND,ND,ND,0.0011,ND,0.0011,ND,51.07
8348.00,16,1.84,3.34,14.82,0.0526,0.7299,0.7340,27.83,0.2025,0.0270,0.0129,0.0142,1.7456,ND,0.0042,0.0022,0.0038,0.0007,0.0009,0.0044,0.0575,0.0016,0.0063,0.0011,ND,ND,ND,ND,ND,ND,ND,0.0010,ND,0.0024,ND,48.56
8348.51,16,2.24,5.67,26.45,0.2135,1.4211,1.6002,8.26,0.3195,0.0320,0.0234,0.0132,2.7540,ND,0.0100,0.0040,0.0093,0.0009,0.0024,0.0091,0.0265,0.0025,0.0118,0.0018,ND,ND,ND,ND,ND,ND,0.0005,0.0016,ND,0.0010,0.0007,50.92
8349.04,16,1.81,5.89,30.11,0.3825,1.4047,1.6706,6.88,0.3669,0.0331,0.0263,0.0145,2.7052,ND,0.0071,0.0035,0.0084,0.0014,0.0023,0.0093,0.0312,0.0036,0.0127,0.0019,ND,ND,ND,ND,ND,ND,ND,0.0013,ND,0.0014,0.0006,48.62
8349.55,16,1.76,5.72,29.23,0.4582,1.1691,1.5379,5.94,0.3273,0.0248,0.0348,0.0118,2.4206,ND,0.0173,0.0063,0.0793,0.0009,0.0028,0.0079,0.0250,0.0058,0.0127,0.0017,ND,ND,ND,ND,ND,ND,ND,0.0012,ND,0.0010,0.0008,51.21
8350.00,16,1.53,5.99,34.82,ND,1.2162,1.9012,0.49,0.3557,0.0306,0.0113,0.0131,2.4346,ND,0.0055,0.0047,0.0271,0.0007,0.0012,0.0109,0.0199,0.0011,0.0125,0.0022,ND,ND,ND,ND,ND,0.0017,ND,0.0017,ND,ND,ND,51.12
8350.51,16,1.50,6.20,36.79,ND,1.2822,1.8336,0.08,0.3690,0.0230,0.0147,0.0109,2.2421,ND,0.0087,0.0040,0.0143,0.0009,0.0016,0.0100,0.0136,0.0010,0.0151,0.0019,ND,ND,ND,ND,ND,0.0012,ND,0.0017,ND,ND,ND,49.57
8351.04,16,3.00,6.34,26.16,0.0484,1.2458,1.9436,6.32,0.3289,0.0256,0.0132,0.0218,3.0943,ND,0.0064,0.0034,0.0076,0.0008,0.0011,0.0114,0.0267,0.0019,0.0116,0.0018,ND,ND,ND,ND,ND,ND,ND,0.0013,ND,0.0012,ND,51.39
8351.51,16,2.74,3.01,12.24,0.1711,0.6403,0.7025,26.33,0.1756,0.0143,0.0137,0.0196,2.1126,ND,0.0045,0.0029,0.0032,0.0007,0.0007,0.0044,0.0442,0.0019,0.0049,0.0008,ND,ND,ND,ND,ND,ND,ND,0.0006,ND,0.0011,ND,51.75
8351.97,16,2.63,2.20,10.04,0.0598,0.4989,0.4001,30.35,0.1462,0.0272,0.0106,0.0214,1.7950,ND,0.0027,0.0024,0.0033,0.0007,0.0008,0.0026,0.0498,0.0013,0.0037,0.0006,ND,ND,ND,ND,ND,ND,ND,ND,ND,0.0016,ND,51.75
8352.50,16,1.74,0.42,2.24,ND,0.1088,ND,42.50,0.0696,0.0216,0.0058,0.0193,0.4327,ND,0.0023,0.0010,0.0013,0.0004,0.0002,0.0004,0.0713,0.0006,0.0020,ND,ND,ND,ND,0.0031,ND,ND,0.0007,ND,ND,0.0019,ND,52.35
8353.04,16,1.86,0.43,1.97,0.0363,0.0782,ND,43.62,0.0821,0.0336,ND,0.0267,0.3291,ND,ND,ND,0.0010,ND,0.0002,ND,0.0975,0.0005,0.0025,ND,ND,ND,ND,ND,ND,ND,ND,0.0005,ND,ND,ND,51.43
8353.50,16,1.45,0.51,2.01,ND,0.0616,ND,42.38,0.0982,0.0257,0.0063,0.0292,0.6410,ND,ND,0.0011,0.0011,ND,0.0003,ND,0.1019,0.0005,0.0019,ND,ND,ND,ND,ND,ND,ND,ND,ND,ND,0.0017,ND,52.68
8354.01,16,2.06,0.43,2.12,ND,0.0812,ND,41.99,0.0688,0.0248,ND,0.0268,0.5592,ND,ND,0.0013,0.0008,ND,0.0003,0.0003,0.0674,0.0004,0.0018,ND,ND,ND,ND,ND,ND,ND,0.0006,0.0005,ND,0.0016,ND,52.57
8354.50,16,ND,0.33,2.04,ND,0.0549,ND,42.51,0.0831,0.0155,ND,0.0230,0.2366,ND,ND,0.0015,0.0012,0.0004,0.0003,ND,0.0642,0.0005,0.0018,ND,ND,ND,ND,ND,ND,ND,ND,ND,ND,0.0020,ND,54.64
8355.04,16,1.59,0.64,7.14,ND,0.2600,ND,36.57,0.0790,0.0200,0.0069,0.0139,0.8519,ND,ND,ND,0.0023,ND,0.0003,0.0005,0.0435,0.0012,0.0019,ND,0.0004,ND,ND,ND,ND,ND,ND,0.0006,ND,0.0013,ND,52.77
8355.50,16,1.84,7.87,32.73,ND,1.2936,2.5469,0.32,0.4586,0.0353,0.0135,0.0136,2.5832,ND,0.0088,0.0040,0.0064,0.0007,0.0011,0.0125,0.0207,0.0012,0.0186,0.0025,ND,ND,ND,ND,ND,ND,ND,0.0017,ND,0.0012,ND,50.23
8356.00,16,2.41,8.50,27.00,ND,1.4014,2.8144,3.06,0.3852,0.0334,0.0311,0.0197,3.3360,ND,0.0140,0.0058,0.0118,0.0013,0.0027,0.0142,0.0281,0.0014,0.0139,0.0021,ND,ND,ND,ND,ND,ND,ND,0.0015,ND,ND,ND,50.91
8356.50,16,1.98,1.79,15.32,0.0999,0.3126,0.2605,26.10,0.1206,0.0208,0.0054,0.0155,1.2499,ND,0.0024,0.0010,0.0031,0.0004,0.0005,0.0022,0.0422,0.0017,0.0029,0.0007,ND,ND,ND,ND,ND,ND,ND,ND,ND,0.0013,ND,52.66
8357.04,16,1.73,1.83,16.88,0.1593,0.3300,0.2186,26.73,0.1050,0.0229,0.0098,0.0134,1.4108,ND,ND,0.0019,0.0025,0.0004,0.0005,0.0020,0.0490,0.0015,0.0029,ND,ND,ND,ND,ND,ND,ND,ND,ND,ND,ND,ND,50.51
8357.50,16,2.48,5.19,28.67,0.0662,1.0470,1.4903,4.64,0.2851,0.0229,0.0172,0.0187,2.3921,ND,0.0057,0.0027,0.0064,0.0006,0.0013,0.0093,0.0276,0.0017,0.0100,0.0019,ND,ND,ND,ND,ND,0.0011,ND,0.0012,ND,ND,ND,53.61
8358.00,16,0.96,0.61,4.69,ND,0.2006,0.0169,39.99,0.0867,0.0190,0.0062,0.0240,0.4860,ND,ND,0.0019,0.0014,ND,0.0003,0.0005,0.0608,0.0009,0.0023,ND,ND,ND,ND,ND,ND,ND,ND,0.0007,ND,0.0020,ND,52.84
8358.50,16,1.42,0.48,2.53,ND,0.1021,ND,41.57,0.0639,0.0256,0.0060,0.0214,0.3750,ND,ND,ND,0.0021,ND,0.0003,0.0003,0.0542,0.0005,0.0015,ND,ND,ND,ND,ND,ND,ND,0.0008,0.0006,ND,0.0013,ND,53.35
8359.04,16,1.33,0.43,2.50,ND,0.0845,ND,42.88,0.0742,0.0241,0.0057,0.0218,0.3053,ND,ND,0.0012,0.0012,ND,0.0003,ND,0.0570,0.0006,0.0017,ND,ND,ND,ND,ND,ND,0.0013,ND,ND,ND,0.0019,ND,52.27
8359.50,16,1.10,0.40,3.65,0.0323,0.1529,ND,42.19,0.0702,0.0217,0.0082,0.0209,0.3072,ND,ND,0.0014,0.0012,ND,ND,ND,0.0628,0.0005,0.0020,ND,ND,ND,ND,ND,ND,ND,ND,0.0006,ND,ND,ND,51.98
8360.00,16,0.71,1.24,12.17,ND,0.3657,0.1014,33.83,0.1084,ND,0.0110,0.0167,1.0665,ND,0.0030,0.0014,0.0042,0.0005,0.0005,0.0013,0.0381,0.0006,0.0029,ND,ND,ND,ND,ND,ND,0.0014,ND,0.0005,ND,0.0013,ND,50.32
8360.48,16,1.98,5.34,26.51,0.3329,1.5060,1.5117,9.12,0.2914,0.0197,0.0243,0.0199,2.8389,ND,0.0073,0.0044,0.0082,0.0007,0.0019,0.0089,0.0269,0.0023,0.0094,0.0014,0.0005,ND,ND,ND,ND,0.0013,ND,0.0016,ND,ND,0.0005,50.43
8361.04,16,1.79,4.07,26.06,0.5921,0.9817,1.0174,12.80,0.2354,0.0240,0.0247,0.0176,2.1930,ND,0.0075,0.0035,0.0076,0.0008,0.0017,0.0062,0.0373,0.0035,0.0092,0.0013,ND,ND,ND,ND,ND,0.0018,ND,0.0009,ND,0.0010,0.0008,50.12
8361.50,16,2.65,4.73,30.83,ND,0.7951,1.0993,5.30,0.2720,0.0157,0.0089,0.0176,2.7345,ND,0.0030,0.0019,0.0020,0.0004,0.0007,0.0065,0.0299,0.0008,0.0127,0.0016,ND,ND,ND,ND,ND,ND,ND,0.0006,ND,0.0010,ND,51.48
8361.99,16,2.71,5.45,31.04,ND,1.6837,1.3248,2.29,0.2778,0.0195,0.0107,0.0149,2.2825,ND,0.0073,0.0041,0.0131,0.0006,0.0011,0.0093,0.0241,0.0010,0.0123,0.0019,ND,ND,ND,ND,ND,ND,ND,0.0013,ND,0.0010,ND,52.82
8362.49,16,1.87,3.55,27.05,0.1221,0.6561,0.8114,12.25,0.2203,0.0209,0.0150,0.0160,2.0237,ND,0.0056,0.0033,0.0089,0.0005,0.0013,0.0056,0.0310,0.0018,0.0081,0.0010,ND,ND,ND,ND,ND,0.0013,ND,0.0008,ND,ND,0.0006,51.33
8363.05,16,2.15,5.74,33.72,ND,0.9487,1.5018,1.44,0.3251,0.0224,0.0121,0.0151,2.1764,ND,0.0058,0.0027,0.0090,0.0005,0.0011,0.0088,0.0256,0.0010,0.0153,0.0021,ND,ND,ND,ND,ND,ND,ND,0.0011,ND,ND,ND,51.88
8363.47,16,2.44,4.33,29.66,ND,1.6245,0.9045,3.18,0.2724,0.0192,0.0110,0.0120,1.9136,ND,0.0031,0.0028,0.0057,0.0005,0.0010,0.0068,0.0262,0.0007,0.0141,0.0019,ND,ND,ND,ND,ND,ND,0.0004,0.0009,ND,ND,ND,55.57
8364.00,16,1.51,1.53,11.85,0.0307,0.3179,0.1814,33.18,0.1366,0.0203,0.0104,0.0127,1.3759,ND,ND,0.0017,0.0049,0.0007,0.0005,0.0018,0.0612,0.0014,0.0041,ND,ND,ND,ND,ND,ND,ND,ND,ND,ND,0.0013,ND,49.76
8364.50,16,1.61,2.04,15.12,0.0664,0.3585,0.3143,27.77,0.1621,0.0222,0.0095,0.0164,1.5789,ND,0.0035,0.0022,0.0049,0.0005,0.0007,0.0031,0.0517,0.0015,0.0051,0.0009,ND,ND,ND,ND,ND,ND,0.0006,ND,ND,ND,ND,50.86
8365.05,16,1.80,5.94,30.42,ND,0.7341,1.5500,3.59,0.2817,0.0271,0.0163,0.0178,2.8360,ND,0.0096,0.0040,0.0171,0.0004,0.0012,0.0086,0.0191,0.0010,0.0101,0.0015,ND,ND,ND,ND,ND,ND,0.0006,0.0011,ND,ND,ND,52.71
8365.52,16,1.60,3.54,22.06,0.1382,3.7660,0.7391,11.06,3.6271,2.6353,ND,0.1160,3.3615,ND,0.0082,0.0039,0.1901,0.0016,0.0019,0.0051,0.2919,0.0016,0.0112,0.0018,0.0005,ND,ND,ND,ND,ND,0.0012,0.0010,ND,0.0053,ND,46.83
8366.00,16,1.67,2.56,18.76,0.1151,0.4613,0.4205,22.67,0.1640,0.0299,0.0109,0.0162,1.6526,ND,0.0031,0.0023,0.0053,0.0003,0.0007,0.0034,0.0475,0.0017,0.0051,0.0010,ND,ND,ND,ND,ND,0.0014,ND,0.0009,ND,0.0011,ND,51.40
8366.50,16,1.54,1.83,12.14,2.6112,0.4263,0.2062,29.41,0.1395,0.0271,0.0138,0.0179,1.2449,ND,0.0037,0.0024,0.0057,0.0005,0.0006,0.0021,0.0656,0.0124,0.0046,ND,ND,ND,ND,ND,ND,ND,ND,0.0005,ND,0.0022,0.0010,50.29
8367.05,16,1.79,3.50,23.69,0.1113,0.8193,0.8078,14.31,0.2203,0.0257,0.0132,0.0181,2.2699,ND,0.0051,0.0025,0.0070,0.0006,0.0011,0.0059,0.0324,0.0020,0.0081,0.0011,ND,ND,ND,ND,ND,ND,0.0006,0.0008,ND,0.0011,ND,52.36
8367.50,16,2.17,6.38,31.86,ND,1.5903,1.7891,1.45,0.3670,0.0273,0.0181,0.0138,2.4638,ND,0.0089,0.0032,0.0109,0.0008,0.0014,0.0111,0.0276,0.0010,0.0157,0.0023,0.0003,ND,ND,ND,ND,ND,0.0006,0.0014,ND,ND,ND,51.78
8368.00,16,1.80,5.83,30.48,ND,1.8149,1.6223,1.73,0.3125,0.0242,0.0138,0.0125,2.2538,ND,0.0083,0.0039,0.0206,0.0006,0.0013,0.0104,0.0220,0.0010,0.0133,0.0022,ND,ND,ND,ND,ND,ND,ND,0.0016,ND,0.0009,ND,54.03
8368.50,16,2.96,5.55,28.21,0.0178,1.6110,1.5045,2.52,0.3096,0.0237,0.0122,0.0158,2.4991,ND,0.0066,0.0039,0.0086,0.0006,0.0012,0.0104,0.0290,0.0012,0.0135,0.0019,ND,ND,ND,ND,ND,ND,ND,0.0014,ND,ND,ND,54.69
8369.05,16,1.82,3.29,23.29,0.0834,0.5424,0.6941,15.67,0.2424,0.0268,0.0153,0.0180,1.9859,ND,0.0047,0.0020,0.0061,0.0006,0.0010,0.0050,0.0356,0.0019,0.0071,0.0011,ND,ND,ND,ND,ND,ND,ND,0.0009,ND,0.0013,ND,52.25
8369.47,16,2.12,3.42,26.70,0.1764,0.7533,0.7072,12.40,0.1933,0.0241,0.0119,0.0170,2.1396,ND,0.0047,0.0023,0.0078,0.0006,0.0009,0.0051,0.0306,0.0019,0.0067,0.0007,ND,ND,ND,ND,ND,ND,ND,0.0009,ND,0.0012,ND,51.27
8370.00,16,1.74,5.18,34.80,ND,1.2518,1.3434,0.70,0.3116,0.0312,0.0252,0.0108,1.9587,ND,0.0124,0.0045,0.0097,0.0007,0.0019,0.0076,0.0143,0.0010,0.0112,0.0016,ND,ND,ND,ND,ND,ND,0.0005,0.0012,ND,ND,0.0005,52.57
8370.50,16,1.78,5.32,33.85,ND,1.8236,1.5058,0.93,0.3230,0.0212,0.0123,0.0137,2.0633,ND,0.0056,0.0030,0.0078,0.0006,0.0013,0.0086,0.0201,0.0008,0.0142,0.0019,ND,ND,ND,ND,ND,0.0012,ND,0.0013,ND,0.0014,ND,52.29
8371.05,16,1.76,4.75,33.19,0.0370,1.9402,1.2379,2.50,0.2818,0.0272,0.0152,0.0130,2.1951,ND,0.0068,0.0027,0.0091,0.0007,0.0015,0.0076,0.0201,0.0012,0.0116,0.0016,ND,ND,ND,ND,ND,0.0017,ND,0.0011,ND,ND,ND,51.98
8371.50,16,1.29,1.06,7.15,0.1289,0.5192,0.0427,37.74,0.0838,0.0209,0.0081,0.0089,0.5875,ND,ND,0.0012,0.0014,ND,0.0005,0.0008,0.0487,0.0016,0.0025,ND,ND,ND,ND,ND,ND,ND,0.0006,0.0006,ND,0.0012,ND,51.31
8372.00,16,1.61,4.38,22.95,0.1823,0.7562,1.1274,13.34,0.2785,0.0258,0.0168,0.0175,2.4689,ND,0.0062,0.0038,0.0088,0.0005,0.0016,0.0076,0.0331,0.0025,0.0099,0.0015,ND,ND,ND,ND,ND,ND,ND,0.0014,ND,0.0013,0.0006,52.77
8372.50,16,2.03,3.55,18.27,0.1151,0.6538,0.7029,20.14,0.2103,0.0414,0.0115,0.0243,2.2817,ND,0.0055,0.0025,0.0060,0.0006,0.0010,0.0054,0.0411,0.0018,0.0071,0.0012,ND,ND,ND,ND,ND,ND,ND,0.0007,ND,ND,ND,51.89
8373.04,16,1.74,2.59,15.42,0.0822,0.4731,0.4340,28.12,0.1512,0.0198,0.0103,0.0181,1.7038,ND,0.0034,0.0017,0.0050,0.0004,0.0007,0.0030,0.0472,0.0015,0.0052,0.0007,ND,ND,ND,ND,ND,ND,ND,0.0007,ND,ND,ND,49.16
8373.50,16,1.35,2.19,12.96,0.0398,0.3526,0.3622,30.27,0.1398,0.0209,0.0113,0.0199,1.4733,ND,0.0023,0.0017,0.0042,0.0004,0.0007,0.0027,0.0491,0.0012,0.0045,ND,ND,ND,ND,ND,ND,ND,ND,0.0005,ND,ND,0.0007,50.74
8374.00,16,1.91,2.22,12.49,0.0439,0.3347,0.3285,30.79,0.1348,0.0185,0.0108,0.0202,1.4203,ND,0.0023,0.0023,0.0047,0.0004,0.0006,0.0029,0.0495,0.0011,0.0043,0.0008,ND,ND,ND,ND,ND,ND,ND,0.0006,ND,0.0011,ND,50.21
8374.52,16,1.52,2.31,13.63,0.0625,0.3473,0.3883,29.72,0.1473,ND,0.0111,0.0187,1.5881,ND,0.0035,0.0020,0.0053,0.0006,0.0006,0.0030,0.0483,0.0011,0.0052,0.0009,ND,ND,ND,ND,ND,ND,ND,ND,ND,0.0017,ND,50.18
8375.04,16,1.66,2.52,13.76,0.0664,0.4274,0.4281,28.31,0.1546,0.0164,0.0090,0.0177,1.6744,ND,0.0029,0.0019,0.0047,ND,0.0005,0.0033,0.0447,0.0012,0.0049,0.0006,ND,ND,ND,ND,ND,ND,0.0005,0.0009,ND,ND,ND,50.89
8375.50,16,1.46,3.18,15.82,0.1043,0.6141,0.6694,23.46,0.2136,0.0172,0.0137,0.0185,2.2475,ND,0.0048,0.0025,0.0052,0.0006,0.0011,0.0053,0.0400,0.0014,0.0072,0.0013,ND,ND,ND,ND,ND,ND,ND,0.0008,ND,ND,ND,52.11
8376.00,16,1.48,2.42,12.94,0.0711,0.3245,0.4054,29.55,0.1340,0.0237,0.0124,0.0163,1.4482,ND,0.0026,0.0017,0.0043,0.0003,0.0006,0.0031,0.0487,0.0014,0.0052,ND,ND,ND,ND,ND,ND,ND,ND,0.0007,ND,0.0012,ND,51.11
8376.50,16,1.79,2.60,12.36,0.0525,0.3626,0.3861,30.29,0.1446,0.0173,0.0115,0.0159,1.5394,ND,0.0028,0.0020,0.0044,0.0004,0.0007,0.0031,0.0464,0.0014,0.0050,0.0006,ND,ND,ND,ND,ND,0.0013,ND,0.0006,ND,0.0012,ND,50.36
8377.06,16,2.52,2.83,15.84,0.0941,0.4416,0.6098,22.84,0.1804,0.0214,0.0117,0.0222,2.2122,ND,0.0043,0.0015,0.0050,0.0004,0.0007,0.0045,0.0403,0.0014,0.0063,0.0011,ND,ND,ND,ND,ND,ND,ND,0.0008,ND,0.0012,ND,52.31
8377.50,16,2.44,3.23,15.92,0.1040,0.7178,0.7697,20.39,0.2100,0.0173,0.0148,0.0276,2.9142,ND,0.0041,0.0023,0.0041,0.0008,0.0011,0.0063,0.0451,0.0014,0.0068,0.0011,ND,ND,ND,ND,ND,ND,ND,0.0008,ND,0.0015,ND,53.16
8378.00,16,2.10,2.51,12.64,0.0559,0.3460,0.4270,29.78,0.1447,0.0211,0.0118,0.0169,1.6075,ND,0.0030,0.0027,0.0039,0.0005,0.0008,0.0032,0.0489,0.0014,0.0048,0.0005,ND,ND,ND,ND,ND,ND,ND,0.0006,ND,ND,ND,50.27
8378.50,16,1.61,2.73,13.64,0.0774,0.4616,0.4864,27.49,0.1745,0.0265,0.0122,0.0176,1.8869,ND,0.0044,0.0022,0.0056,0.0004,0.0007,0.0037,0.0480,0.0014,0.0057,0.0008,ND,ND,ND,ND,ND,ND,ND,0.0009,ND,ND,ND,51.32
8379.06,16,1.66,2.94,16.52,0.0909,0.4052,0.5740,24.58,0.1615,0.0194,0.0097,0.0219,2.0654,ND,0.0034,0.0025,0.0045,0.0004,0.0008,0.0043,0.0413,0.0014,0.0060,0.0007,ND,ND,ND,ND,ND,ND,ND,0.0008,ND,0.0011,ND,50.89
8379.50,16,2.12,2.54,15.21,2.1782,0.7311,0.4368,24.44,0.1585,0.0181,0.0150,0.0183,2.0689,ND,0.0029,0.0026,0.0055,0.0004,0.0008,0.0037,0.0483,0.0045,0.0052,0.0006,ND,ND,ND,ND,ND,ND,0.0006,0.0008,ND,ND,ND,49.99
8380.00,16,2.15,7.26,25.86,ND,1.5730,2.3934,5.44,0.3934,0.0226,0.0187,0.0210,3.2394,ND,0.0059,0.0032,0.0034,0.0009,0.0012,0.0143,0.0418,0.0013,0.0130,0.0027,0.0006,ND,ND,ND,ND,0.0013,ND,0.0019,ND,0.0011,ND,51.53
8380.50,16,1.76,3.51,17.99,0.0908,0.5003,0.7521,22.50,0.2182,0.0230,0.0151,0.0189,2.2534,ND,0.0039,0.0025,0.0045,0.0004,0.0010,0.0050,0.0420,0.0016,0.0068,0.0011,ND,ND,ND,ND,ND,ND,ND,0.0011,ND,0.0013,ND,50.30
8381.06,16,2.00,2.95,16.79,0.1094,0.4154,0.5859,23.45,0.1975,0.0148,0.0133,0.0170,1.9468,ND,0.0033,0.0030,0.0043,0.0005,0.0008,0.0044,0.0469,0.0015,0.0063,0.0010,ND,ND,ND,ND,ND,ND,ND,0.0005,ND,ND,ND,51.44
8381.51,16,1.73,6.51,28.10,0.0382,1.7390,1.9531,5.11,0.3942,0.0212,0.0212,0.0168,3.4561,ND,0.0076,0.0040,0.0036,0.0012,0.0020,0.0098,0.0238,0.0012,0.0134,0.0019,0.0004,ND,ND,ND,ND,ND,ND,0.0018,ND,0.0015,ND,50.84
8382.05,16,2.18,6.19,29.11,ND,1.3486,1.7188,4.82,0.3667,0.0278,0.0121,0.0212,3.1797,ND,0.0070,0.0039,0.0051,0.0007,0.0013,0.0097,0.0253,0.0008,0.0162,0.0021,ND,ND,ND,ND,ND,ND,ND,0.0014,ND,0.0011,ND,50.94
8382.50,16,3.21,5.37,16.91,ND,1.2423,1.2419,18.47,0.2462,0.0357,0.0116,0.0321,3.2055,ND,0.0051,0.0018,0.0042,0.0005,0.0008,0.0079,0.0430,0.0012,0.0074,0.0013,ND,ND,ND,ND,ND,ND,ND,0.0008,ND,ND,ND,49.95
8383.04,16,6.27,2.10,11.81,ND,0.2647,0.3667,21.75,0.0829,0.0231,0.0074,0.0513,5.0059,ND,ND,0.0015,0.0013,ND,0.0003,0.0024,0.0461,0.0007,0.0033,0.0006,ND,ND,ND,ND,ND,ND,ND,ND,ND,ND,ND,52.19
8383.50,16,4.33,2.33,11.80,0.0291,0.4768,0.4464,24.70,0.1252,0.0263,0.0123,0.0381,3.8675,ND,0.0021,0.0021,0.0023,0.0004,0.0006,0.0030,0.0454,0.0009,0.0040,0.0007,ND,ND,ND,ND,ND,ND,ND,0.0005,ND,ND,ND,51.76
8384.00,16,1.32,1.67,9.68,0.0506,0.2422,0.2463,33.93,0.1154,0.0200,0.0090,0.0298,1.3155,ND,0.0021,0.0017,0.0020,0.0004,0.0003,0.0019,0.0515,0.0009,0.0039,0.0007,ND,ND,ND,ND,ND,ND,ND,0.0006,ND,0.0017,ND,51.30
8384.50,16,1.30,2.58,13.67,ND,0.4013,0.5165,28.36,0.1494,0.0170,0.0076,0.0275,1.7147,ND,0.0024,0.0020,0.0021,0.0005,0.0005,0.0038,0.0517,0.0008,0.0044,ND,ND,ND,ND,ND,ND,ND,ND,0.0009,ND,0.0015,ND,51.17
8385.04,16,1.50,2.03,10.34,ND,0.2519,0.2591,33.30,0.1345,0.0152,0.0075,0.0539,1.0638,ND,ND,0.0013,0.0013,0.0004,0.0004,0.0021,0.0509,0.0007,0.0048,0.0011,ND,ND,ND,ND,ND,ND,ND,0.0005,ND,0.0017,ND,50.98
8385.50,16,1.65,1.24,5.09,ND,0.3013,0.1960,38.68,0.1096,0.0366,ND,0.0435,0.7380,ND,ND,ND,0.0013,0.0006,0.0002,0.0020,0.0517,0.0006,0.0024,0.0009,ND,ND,ND,ND,ND,ND,ND,ND,ND,0.0021,ND,51.86
8386.03,16,1.37,0.96,5.14,ND,0.3747,0.1273,38.79,0.0924,0.0240,0.0075,0.0216,0.7221,ND,ND,0.0018,0.0015,0.0004,0.0004,0.0015,0.0463,0.0008,0.0025,ND,ND,ND,ND,ND,ND,ND,ND,0.0005,ND,0.0014,ND,52.31
8386.50,16,1.80,1.42,8.09,ND,0.2960,0.2398,36.05,0.0952,0.0315,ND,0.0931,1.1285,ND,ND,0.0010,0.0010,0.0004,0.0003,0.0022,0.0573,0.0013,0.0037,ND,ND,ND,ND,ND,ND,ND,0.0006,ND,ND,ND,ND,50.69
8387.04,16,1.99,5.96,34.00,ND,0.8804,1.6922,1.27,0.3521,0.0206,0.0093,0.0186,2.2618,ND,0.0048,0.0026,0.0059,0.0005,0.0008,0.0088,0.0242,0.0013,0.0172,0.0018,ND,ND,ND,ND,ND,ND,ND,0.0014,ND,ND,ND,51.47
8387.50,16,1.59,5.58,35.50,ND,2.1894,1.5696,1.35,0.3395,0.0209,0.0148,0.0154,3.0374,ND,0.0078,0.0029,0.0050,0.0010,0.0016,0.0079,0.0213,0.0026,0.0124,0.0019,0.0004,ND,ND,ND,ND,ND,ND,0.0014,ND,ND,0.0007,48.72
8388.00,16,1.70,7.79,31.85,ND,1.1475,2.7210,0.34,0.3922,0.0292,0.0295,0.0169,3.2197,ND,0.0160,0.0061,0.0143,0.0008,0.0025,0.0139,0.0153,0.0015,0.0142,0.0022,ND,ND,ND,ND,ND,ND,ND,0.0017,ND,ND,ND,50.68
8388.50,16,1.26,6.31,34.61,ND,1.0777,1.9087,0.48,0.3518,0.0289,0.0232,0.0138,2.4848,ND,0.0137,0.0057,0.0916,0.0006,0.0022,0.0105,0.0133,0.0018,0.0139,0.0022,0.0004,ND,ND,ND,ND,ND,ND,0.0016,ND,0.0009,0.0008,51.29
8389.04,16,1.80,6.35,32.86,ND,1.2464,1.9782,2.15,0.3170,0.0254,0.0280,0.0178,3.3223,ND,0.0113,0.0047,0.0339,0.0009,0.0024,0.0109,0.0212,0.0026,0.0112,0.0019,0.0004,ND,ND,ND,ND,ND,ND,0.0017,ND,0.0016,ND,49.81
8389.50,16,1.73,7.08,35.20,ND,0.8974,2.4164,ND,0.3362,0.0243,0.0112,0.0150,2.5984,ND,0.0094,0.0045,0.0587,0.0006,0.0008,0.0124,0.0154,0.0017,0.0112,0.0019,ND,ND,ND,ND,ND,ND,0.0006,0.0015,ND,ND,ND,49.57
8390.00,16,1.72,6.23,35.54,ND,0.9517,1.8858,0.39,0.3027,0.0224,0.0133,0.0109,2.3181,ND,0.0125,0.0044,0.0638,0.0005,0.0011,0.0103,0.0162,0.0014,0.0101,0.0016,ND,ND,ND,ND,ND,ND,ND,0.0016,ND,ND,ND,50.49
8390.51,16,2.07,5.63,35.10,ND,0.7563,1.6921,0.73,0.2933,0.0318,0.0143,0.0130,2.0511,ND,0.0087,0.0035,0.0428,ND,0.0010,0.0103,0.0177,0.0016,0.0112,0.0019,ND,ND,ND,ND,ND,0.0017,ND,0.0011,ND,ND,ND,51.52
8391.05,16,1.56,6.82,33.41,ND,1.2889,2.0360,1.23,0.3626,0.0211,0.0217,0.0157,2.9349,ND,0.0105,0.0046,0.0347,0.0007,0.0023,0.0110,0.0207,0.0024,0.0129,0.0020,0.0004,ND,ND,ND,ND,0.0016,ND,0.0022,ND,0.0011,ND,50.19
8391.50,16,1.32,7.06,34.21,ND,0.8159,2.2251,ND,0.3508,0.0250,0.0300,0.0130,2.3975,ND,0.0140,0.0043,0.0498,0.0007,0.0022,0.0122,0.0148,0.0018,0.0127,0.0020,ND,ND,ND,ND,ND,ND,ND,0.0016,ND,0.0009,ND,51.44
8392.03,16,1.54,5.71,31.30,1.1752,1.2955,1.6343,4.62,0.2841,0.0338,0.0216,0.0225,2.6770,ND,0.0099,0.0043,0.0219,0.0008,0.0015,0.0088,0.0394,0.0167,0.0104,0.0020,ND,ND,ND,ND,ND,0.0014,ND,0.0012,ND,ND,0.0018,49.57
8392.50,16,1.74,6.63,31.55,ND,1.1885,2.1340,2.17,0.3329,0.0247,0.0163,0.0176,2.9326,ND,0.0088,0.0049,0.0120,0.0008,0.0015,0.0117,0.0311,0.0023,0.0117,0.0020,ND,ND,ND,ND,ND,ND,0.0005,0.0016,ND,0.0011,ND,51.17
8393.04,16,2.17,6.37,33.51,ND,0.9265,1.9570,ND,0.3421,0.0227,0.0157,0.0142,2.4628,ND,0.0083,0.0047,0.0104,0.0005,0.0010,0.0119,0.0138,0.0015,0.0118,0.0021,ND,ND,ND,ND,ND,ND,ND,0.0016,ND,0.0010,ND,52.14
8393.52,16,1.44,6.41,35.23,ND,0.9544,2.0396,0.15,0.3492,0.0213,0.0160,0.0150,2.2654,ND,0.0110,0.0039,0.0208,0.0008,0.0016,0.0112,0.0188,0.0013,0.0115,0.0020,ND,ND,ND,ND,ND,ND,ND,0.0017,ND,0.0012,ND,51.03
8394.00,16,1.63,5.39,36.05,ND,0.8123,1.6238,0.59,0.2869,0.0138,0.0141,0.0110,2.1586,ND,0.0082,0.0042,0.0388,0.0004,0.0010,0.0098,0.0225,0.0015,0.0103,0.0018,0.0004,ND,ND,ND,ND,ND,0.0005,0.0014,ND,0.0009,ND,51.31
8394.50,16,1.09,4.00,37.79,ND,0.8605,1.0856,ND,0.2190,0.0172,0.0150,0.0079,1.7437,ND,0.0123,0.0044,0.0134,0.0004,0.0015,0.0069,0.0101,0.0007,0.0073,0.0011,ND,ND,ND,ND,ND,ND,ND,0.0011,ND,ND,ND,53.11
8395.04,16,1.47,4.55,37.73,ND,0.9927,1.3115,0.57,0.2393,0.0216,0.0206,0.0101,2.2154,ND,0.0098,0.0034,0.0017,0.0007,0.0015,0.0075,0.0127,0.0008,0.0086,0.0014,ND,ND,ND,ND,ND,0.0011,ND,0.0012,ND,ND,ND,50.82
8395.50,16,1.15,2.65,27.22,ND,0.5355,0.5128,15.16,0.1450,0.0197,0.0110,0.0195,2.3180,ND,0.0049,0.0023,0.0013,0.0004,0.0007,0.0040,0.0424,0.0014,0.0052,0.0005,ND,ND,ND,ND,ND,ND,ND,0.0005,ND,0.0013,ND,50.19
8396.00,16,2.29,3.23,23.92,0.0341,0.6123,0.6757,15.85,0.1759,0.0196,0.0108,0.0258,3.3893,ND,0.0055,0.0024,0.0018,0.0005,0.0008,0.0044,0.0406,0.0017,0.0062,0.0009,ND,ND,ND,ND,ND,ND,ND,0.0005,ND,ND,ND,49.70
8396.50,16,2.39,3.24,21.31,ND,0.6009,0.6303,17.15,0.1890,0.0149,0.0096,0.0233,3.2234,ND,0.0049,0.0029,0.0016,0.0004,0.0007,0.0047,0.0402,0.0018,0.0064,0.0009,ND,ND,ND,ND,ND,ND,ND,0.0011,ND,ND,ND,51.16
8397.04,16,2.27,3.98,23.35,0.0658,0.7208,0.7204,14.76,0.1685,ND,0.0117,0.0257,3.1473,ND,0.0048,0.0024,0.0013,0.0006,0.0008,0.0043,0.0410,0.0017,0.0060,0.0010,ND,ND,ND,ND,ND,ND,0.0006,ND,ND,ND,ND,50.71
8397.50,16,1.64,2.74,18.32,ND,0.6253,0.4786,21.42,0.1830,0.0273,0.0069,0.0281,2.7068,ND,0.0035,0.0017,0.0012,0.0007,0.0005,0.0035,0.1426,0.0022,0.0072,0.0012,ND,ND,ND,ND,ND,ND,ND,0.0007,ND,0.0019,ND,51.66
8398.00,16,1.51,4.75,29.20,0.2656,1.0286,1.3228,7.91,0.2782,0.0272,0.0196,0.0159,2.7322,ND,0.0093,0.0039,0.0021,0.0008,0.0015,0.0077,0.0272,0.0037,0.0099,0.0016,ND,ND,ND,ND,ND,ND,ND,0.0011,ND,0.0013,0.0006,50.87
8398.50,16,1.66,5.23,29.01,ND,1.9271,1.4179,6.29,0.2784,0.0260,0.0157,0.0205,3.4711,ND,0.0078,0.0040,0.0058,0.0009,0.0020,0.0083,0.0311,0.0025,0.0102,0.0015,0.0004,ND,ND,ND,ND,ND,0.0005,0.0015,ND,0.0010,ND,50.57
8399.06,16,2.07,7.74,31.04,ND,1.7124,2.6285,0.81,0.3654,0.0261,0.0132,0.0254,3.2714,ND,0.0120,0.0048,0.0164,0.0006,0.0008,0.0152,0.0249,0.0018,0.0127,0.0026,ND,ND,ND,ND,ND,ND,0.0005,0.0016,ND,ND,ND,50.20
8399.54,16,1.64,6.96,33.62,ND,1.2104,2.3438,0.37,0.3310,0.0280,0.0120,0.0244,2.8854,ND,0.0099,0.0045,0.0285,0.0004,0.0009,0.0132,0.0252,0.0017,0.0112,0.0022,ND,ND,ND,ND,ND,ND,ND,0.0016,ND,ND,ND,50.47
8399.97,16,1.97,6.97,33.70,ND,1.1912,2.3310,0.30,0.3566,0.0190,0.0145,0.0206,2.9221,ND,0.0132,0.0045,0.0356,0.0007,0.0011,0.0133,0.0243,0.0017,0.0110,0.0024,0.0005,ND,ND,ND,ND,ND,ND,0.0016,ND,0.0010,ND,50.10
8400.52,16,1.43,5.92,32.98,ND,2.0745,1.7950,0.84,0.2880,0.0198,0.0112,0.0214,2.5915,ND,0.0128,0.0042,0.0223,0.0007,0.0013,0.0108,0.0173,0.0015,0.0096,0.0019,ND,ND,ND,ND,ND,ND,ND,0.0014,ND,ND,ND,51.94
8401.04,16,1.62,7.47,33.37,ND,1.2346,2.5078,0.22,0.3510,0.0269,0.0246,0.0185,3.1818,ND,0.0117,0.0045,0.0273,0.0009,0.0020,0.0138,0.0196,0.0018,0.0123,0.0022,0.0004,ND,ND,ND,ND,ND,0.0006,0.0016,ND,0.0013,ND,49.88
8401.50,16,1.63,6.18,33.87,ND,1.2252,1.9697,0.64,0.3184,0.0233,0.0099,0.0270,2.9811,ND,0.0076,0.0050,0.0190,0.0007,0.0011,0.0114,0.0241,0.0016,0.0105,0.0020,ND,ND,ND,ND,ND,ND,ND,0.0016,ND,0.0016,ND,51.04
8402.00,16,1.58,6.27,27.86,1.8810,1.6614,1.8907,6.20,0.3198,0.0413,0.0378,0.0255,3.9050,ND,0.0124,0.0055,0.0223,0.0013,0.0022,0.0100,0.0377,0.0258,0.0105,0.0016,0.0004,ND,ND,ND,ND,ND,0.0005,0.0014,ND,0.0010,0.0025,48.18
8402.50,16,1.63,6.93,32.62,ND,1.0787,2.2890,0.73,0.3493,0.0287,0.0153,0.0221,2.9553,ND,0.0111,0.0047,0.0280,0.0005,0.0012,0.0127,0.0203,0.0019,0.0124,0.0020,ND,ND,ND,ND,ND,0.0016,ND,0.0016,ND,ND,ND,51.25
8403.04,16,1.45,7.39,31.97,ND,1.4616,2.4334,0.55,0.3638,0.0355,0.0233,0.0196,3.5824,ND,0.0185,0.0059,0.0704,0.0008,0.0021,0.0128,0.0139,0.0022,0.0135,0.0022,ND,ND,ND,ND,ND,ND,0.0006,0.0020,ND,0.0010,ND,50.57
8403.50,16,1.54,7.56,33.09,ND,1.2009,2.4821,ND,0.3518,0.0318,0.0218,0.0251,3.1499,ND,0.0153,0.0057,0.0409,0.0012,0.0023,0.0133,0.0144,0.0021,0.0121,0.0022,ND,ND,ND,ND,ND,0.0015,0.0005,0.0015,ND,ND,0.0005,50.43
8404.00,16,1.62,7.08,33.32,ND,1.1443,2.2951,0.42,0.3474,0.0261,0.0153,0.0177,2.7973,ND,0.0152,0.0053,0.0377,0.0009,0.0015,0.0126,0.0187,0.0021,0.0123,0.0023,ND,ND,ND,ND,ND,ND,ND,0.0015,ND,ND,ND,50.81
9404.54,16,1.26,6.48,34.82,ND,1.3983,2.0866,0.26,0.3304,0.0302,0.0171,0.0216,2.8822,ND,0.0132,0.0057,0.0313,0.0007,0.0019,0.0117,0.0154,0.0019,0.0109,0.0019,ND,ND,ND,ND,ND,ND,0.0006,0.0015,ND,ND,ND,50.32
8405.04,16,1.38,6.69,33.00,0.0632,1.0992,2.2363,0.30,0.3474,0.0250,0.0278,0.0145,2.8764,ND,0.0149,0.0049,0.0331,0.0011,0.0022,0.0126,0.0127,0.0027,0.0118,0.0018,0.0004,ND,ND,ND,ND,ND,0.0006,0.0015,ND,0.0016,0.0007,51.85
8405.50,16,1.49,6.61,34.28,ND,1.1428,2.1137,0.04,0.3141,0.0303,0.0159,0.0218,2.6571,ND,0.0123,0.0044,0.0212,0.0008,0.0018,0.0120,0.0143,0.0015,0.0113,0.0018,ND,ND,ND,ND,ND,ND,ND,0.0020,ND,0.0010,ND,51.19
8406.00,16,1.54,6.97,34.48,ND,0.9181,2.3275,0.13,0.3418,0.0185,0.0132,0.0234,2.6460,ND,0.0110,0.0046,0.0124,0.0004,0.0013,0.0128,0.0160,0.0016,0.0121,0.0020,ND,ND,ND,ND,ND,0.0014,ND,0.0017,ND,ND,ND,50.52
8406.50,16,1.45,4.69,31.30,0.0666,1.1112,1.3427,6.32,0.2418,0.0157,0.0133,0.0180,2.6018,ND,0.0083,0.0042,0.0068,0.0009,0.0012,0.0079,0.0235,0.0028,0.0086,0.0019,0.0006,ND,ND,ND,ND,ND,ND,0.0013,ND,ND,0.0007,50.75
8407.05,16,1.77,5.25,27.35,1.3126,1.3024,1.4142,8.58,0.2557,0.0290,0.0183,0.0215,2.9594,ND,0.0087,0.0039,0.0021,0.0008,0.0013,0.0079,0.0366,0.0126,0.0092,0.0017,ND,ND,ND,ND,ND,ND,ND,0.0012,ND,0.0015,0.0013,49.66
8407.51,16,3.06,4.72,22.54,ND,0.6593,1.1294,12.17,0.2363,0.0208,0.0107,0.0385,4.7744,ND,0.0051,0.0026,0.0013,0.0006,0.0005,0.0070,0.0281,0.0018,0.0078,0.0014,ND,ND,ND,ND,ND,ND,0.0005,0.0008,ND,ND,ND,50.58
8408.00,16,2.57,4.20,21.58,0.0610,1.0569,1.0084,13.74,0.2161,0.0168,0.0087,0.0389,4.5165,ND,0.0059,0.0027,0.0017,0.0007,0.0009,0.0061,0.0382,0.0021,0.0068,0.0012,ND,ND,ND,ND,ND,ND,ND,0.0007,ND,ND,ND,50.93
8408.53,16,2.73,2.51,16.56,0.0293,0.4700,0.4324,22.46,0.1339,0.0278,0.0054,0.0335,4.1751,ND,0.0020,0.0022,0.0016,0.0005,0.0005,0.0031,0.0506,0.0014,0.0042,0.0006,ND,ND,ND,ND,ND,ND,ND,0.0006,ND,0.0013,ND,50.36
8409.07,16,1.28,6.17,35.59,ND,1.2045,1.8649,0.49,0.3338,0.0265,0.0184,0.0165,2.1046,ND,0.0088,0.0036,0.0014,0.0006,0.0017,0.0099,0.0136,0.0008,0.0118,0.0017,ND,ND,ND,ND,ND,ND,ND,0.0016,ND,0.0011,ND,50.84
8409.50,16,1.19,0.53,12.54,ND,0.2032,ND,34.71,0.0531,0.0118,0.0080,0.0241,0.9598,ND,ND,0.0012,0.0059,0.0003,ND,0.0002,0.0658,0.0010,0.0017,ND,ND,ND,ND,ND,ND,ND,ND,ND,ND,0.0015,ND,49.68
8410.00,16,1.24,1.58,26.50,0.1019,0.4894,0.1926,17.04,0.1087,0.0111,0.0137,0.0141,1.2365,ND,0.0039,0.0017,0.0048,0.0005,0.0009,0.0022,0.0434,0.0021,0.0037,0.0005,ND,ND,ND,ND,ND,ND,ND,0.0005,ND,0.0010,ND,51.41
8410.50,16,1.29,4.68,37.26,ND,1.0508,1.3452,0.23,0.2618,0.0163,0.0160,0.0119,2.1047,ND,0.0133,0.0048,0.0208,0.0006,0.0023,0.0082,0.0086,0.0008,0.0090,0.0015,ND,ND,ND,ND,ND,ND,ND,0.0014,ND,ND,ND,51.65
8411.09,16,1.81,0.53,3.94,0.0418,0.1976,ND,40.66,0.0587,0.0140,ND,0.0195,0.5874,ND,ND,0.0019,0.0007,0.0005,0.0004,0.0004,0.0676,0.0007,0.0024,ND,ND,ND,ND,ND,ND,ND,ND,ND,ND,0.0015,ND,52.07
8411.50,16,1.59,3.86,26.04,0.0667,0.7092,0.8244,15.10,0.2204,0.0255,0.0138,0.0189,2.0640,ND,0.0072,0.0035,0.0149,0.0005,0.0011,0.0054,0.0346,0.0020,0.0071,0.0010,ND,ND,ND,ND,ND,ND,ND,0.0008,ND,ND,0.0006,49.40
8412.04,16,1.46,5.43,34.89,ND,1.7298,1.6378,0.47,0.2683,0.0226,0.0203,0.0096,2.5689,ND,0.0124,0.0059,0.0126,0.0011,0.0018,0.0096,0.0097,0.0007,0.0089,0.0015,0.0004,ND,ND,ND,ND,0.0014,ND,0.0019,ND,ND,ND,51.41
8412.44,16,0.64,0.39,42.27,ND,0.4556,ND,3.20,0.0394,0.0112,ND,ND,0.2359,ND,ND,ND,0.0096,ND,ND,0.0002,0.0129,0.0003,0.0012,ND,ND,ND,ND,ND,ND,0.0012,ND,ND,ND,ND,ND,52.73
8413.05,16,1.28,5.39,36.80,ND,1.1453,1.6302,ND,0.2768,0.0256,0.0182,0.0127,2.1675,ND,0.0106,0.0043,0.0189,0.0006,0.0017,0.0104,0.0097,0.0007,0.0089,0.0015,0.0004,ND,ND,ND,ND,0.0013,ND,0.0015,ND,0.0009,ND,51.18
8413.52,16,1.33,0.75,19.94,ND,2.7152,ND,24.18,0.0401,ND,0.0060,0.0098,4.9154,ND,ND,0.0017,0.0021,0.0006,0.0010,0.0003,0.1075,0.0026,0.0029,0.0006,0.0005,ND,ND,ND,ND,ND,ND,0.0006,ND,0.0016,ND,45.99
8414.00,16,1.09,4.31,33.68,ND,1.2685,1.0889,7.06,0.2265,0.0172,0.0157,0.0162,2.2211,ND,0.0103,0.0043,0.0149,0.0008,0.0014,0.0056,0.0452,0.0026,0.0075,0.0011,ND,ND,ND,ND,ND,0.0014,ND,0.0014,ND,0.0017,0.0007,48.91
8414.50,16,1.38,3.64,34.10,ND,0.9361,0.8709,6.72,0.1887,0.0294,0.0098,0.0111,1.7867,ND,0.0069,0.0032,0.0232,0.0005,0.0009,0.0060,0.0251,0.0016,0.0065,0.0011,ND,ND,ND,ND,ND,ND,ND,0.0007,ND,ND,ND,50.25
8415.05,16,1.37,3.89,39.34,ND,0.7266,1.1235,ND,0.2187,0.0200,0.0137,0.0085,1.4891,ND,0.0071,0.0029,0.0168,0.0003,0.0011,0.0076,0.0079,0.0007,0.0069,0.0010,0.0004,ND,ND,ND,ND,ND,ND,0.0010,ND,ND,ND,51.75
8415.50,16,1.29,3.50,30.24,0.9390,1.0058,0.8243,9.92,0.2035,0.0288,0.0196,0.0152,2.0246,ND,0.0109,0.0039,0.0142,0.0006,0.0017,0.0052,0.0524,0.0067,0.0071,0.0010,ND,ND,ND,ND,ND,ND,ND,0.0011,ND,ND,0.0007,49.87
8416.00,16,1.19,4.70,38.68,ND,1.1200,1.3594,ND,0.2191,0.0283,0.0177,0.0140,2.0975,ND,0.0112,0.0049,0.0086,0.0007,0.0021,0.0085,0.0078,0.0006,0.0075,0.0012,ND,ND,ND,ND,ND,ND,ND,0.0014,ND,ND,ND,50.52
8416.50,16,1.79,5.12,36.03,ND,1.3673,1.4358,0.06,0.2523,0.0224,0.0145,0.0215,2.6497,ND,0.0099,0.0051,0.0301,0.0006,0.0016,0.0097,0.0098,0.0008,0.0085,0.0016,0.0003,ND,ND,ND,ND,ND,ND,0.0014,ND,ND,ND,51.16
8417.07,16,1.41,4.25,35.90,ND,1.3695,1.1948,3.58,0.2510,0.0204,0.0129,0.0120,1.8494,ND,0.0082,0.0034,0.0182,0.0005,0.0012,0.0058,0.0376,0.0028,0.0072,0.0014,ND,ND,ND,ND,ND,ND,ND,0.0012,ND,0.0011,0.0006,50.06
8417.48,16,1.31,5.11,34.37,0.1331,1.1199,1.3689,4.57,0.2591,0.0359,0.0227,0.0174,2.2949,ND,0.0137,0.0048,0.0162,0.0007,0.0019,0.0076,0.0260,0.0031,0.0083,0.0013,ND,ND,ND,ND,ND,ND,0.0005,0.0013,ND,ND,ND,49.31
8418.00,16,1.51,6.35,35.28,ND,1.2331,1.9652,0.14,0.3007,0.0317,0.0196,0.0139,2.3762,ND,0.0135,0.0047,0.0194,0.0008,0.0017,0.0113,0.0084,0.0012,0.0102,0.0018,ND,ND,ND,ND,ND,ND,ND,0.0016,ND,ND,ND,50.71
8418.50,16,1.02,1.40,14.98,ND,0.4735,0.1742,29.45,0.1149,0.0161,0.0090,0.0230,1.7256,ND,0.0037,0.0021,0.0043,0.0004,0.0004,0.0018,0.0618,0.0019,0.0039,ND,ND,ND,ND,ND,ND,ND,ND,0.0007,ND,ND,ND,50.53
8419.05,16,1.60,0.68,10.47,ND,0.2895,ND,35.12,0.0600,0.0150,ND,0.0231,1.3403,ND,ND,0.0012,0.0020,0.0004,0.0003,ND,0.2105,0.0010,0.0052,ND,ND,ND,ND,ND,ND,ND,ND,0.0005,ND,0.0031,ND,50.18
8419.50,16,1.27,0.21,7.02,ND,0.2190,ND,38.36,0.0580,0.0160,ND,0.0208,1.1938,ND,ND,0.0013,0.0013,ND,0.0002,ND,0.1415,0.0007,0.0031,ND,ND,ND,ND,ND,ND,ND,0.0006,0.0008,ND,0.0028,ND,51.49
8420.00,16,1.51,7.25,33.00,ND,1.2466,2.3478,0.28,0.3360,0.0280,0.0226,0.0181,2.6021,ND,0.0140,0.0055,0.0062,0.0005,0.0017,0.0133,0.0108,0.0008,0.0112,0.0019,ND,ND,ND,ND,ND,0.0011,0.0004,0.0022,ND,0.0010,ND,51.29
8420.50,16,1.29,1.82,15.37,0.0920,0.3910,0.2081,31.43,0.1180,0.0148,0.0093,0.0243,1.6662,ND,0.0037,0.0016,0.0035,0.0005,0.0006,0.0016,0.0536,0.0017,0.0034,0.0006,0.0005,ND,ND,ND,ND,0.0016,ND,0.0006,ND,0.0016,ND,47.49
8421.05,16,1.27,0.78,14.53,0.1417,1.0522,ND,31.80,0.0707,0.0219,ND,0.0223,2.2960,ND,ND,0.0014,0.0025,0.0003,0.0006,0.0004,0.0696,0.0010,0.0032,ND,ND,ND,ND,ND,ND,ND,0.0007,0.0007,ND,0.0012,ND,47.92
8421.45,16,1.59,3.21,31.72,0.0381,0.8525,0.6282,11.94,0.1814,0.0209,0.0162,0.0148,1.9325,ND,0.0064,0.0029,0.0070,0.0006,0.0013,0.0039,0.0517,0.0019,0.0056,0.0007,ND,ND,ND,ND,ND,ND,0.0005,0.0008,ND,0.0013,ND,47.77
8422.00,16,1.24,3.36,31.96,0.0766,0.7727,0.7225,11.00,0.1865,0.0215,0.0179,0.0160,1.8849,ND,0.0083,0.0035,0.0142,0.0005,0.0014,0.0045,0.0447,0.0021,0.0063,0.0008,ND,ND,ND,ND,ND,ND,ND,0.0010,ND,ND,ND,48.65
8422.50,16,1.32,4.75,37.26,ND,1.2903,1.3940,0.52,0.2370,0.0237,0.0145,0.0132,2.0735,ND,0.0118,0.0041,0.0167,0.0009,0.0016,0.0089,0.0093,0.0008,0.0081,0.0016,ND,ND,ND,ND,ND,ND,0.0005,0.0016,ND,ND,ND,51.04
8423.04,16,2.08,5.27,34.72,ND,1.4380,1.4588,ND,0.2548,0.0246,0.0093,0.0174,2.0549,ND,0.0067,0.0039,0.0079,0.0005,0.0011,0.0103,0.0125,0.0008,0.0094,0.0017,ND,ND,ND,ND,ND,ND,ND,0.0014,ND,ND,ND,52.61
8423.50,16,1.56,0.95,12.56,0.0631,0.5077,0.0377,32.12,0.0748,0.0139,0.0076,0.0197,1.7173,ND,0.0022,0.0015,0.0026,0.0006,0.0005,0.0010,0.1251,0.0020,0.0041,ND,ND,ND,ND,ND,ND,ND,0.0006,ND,ND,0.0013,ND,50.23
8424.00,16,1.49,5.44,35.34,ND,2.0872,1.4619,0.05,0.2273,0.0228,0.0201,0.0069,1.8769,ND,0.0111,0.0046,0.0082,0.0007,0.0023,0.0085,0.0095,0.0009,0.0076,0.0013,ND,ND,ND,ND,ND,ND,ND,0.0015,ND,ND,0.0007,51.92
8424.50,16,2.78,2.49,29.55,ND,0.5505,0.4760,10.22,0.1489,0.0168,0.0073,0.0281,3.5835,ND,0.0041,0.0019,0.0056,0.0004,0.0006,0.0035,0.0195,0.0015,0.0050,0.0009,ND,ND,ND,ND,ND,ND,ND,0.0007,ND,ND,ND,50.09
8425.06,16,1.89,4.36,32.29,ND,1.1679,1.0279,5.16,0.2488,0.0189,0.0111,0.0205,2.9795,ND,0.0086,0.0026,0.0070,0.0005,0.0011,0.0062,0.0167,0.0017,0.0089,0.0013,ND,ND,ND,ND,ND,ND,ND,0.0012,ND,ND,ND,50.77
8425.50,16,1.26,5.13,37.62,ND,1.0292,1.4005,ND,0.2875,0.0149,0.0212,0.0080,1.9501,ND,0.0109,0.0035,0.0051,0.0009,0.0020,0.0084,0.0106,0.0008,0.0105,0.0015,ND,ND,ND,ND,ND,ND,ND,0.0015,ND,0.0009,ND,51.23
8426.00,16,1.55,4.95,35.77,ND,1.0000,1.4302,1.44,0.2739,0.0195,0.0156,0.0164,1.7818,ND,0.0091,0.0034,0.0147,0.0005,0.0015,0.0081,0.0141,0.0010,0.0098,0.0015,ND,ND,ND,ND,ND,ND,0.0005,0.0012,ND,ND,ND,51.69
8426.50,16,1.22,4.94,36.85,ND,1.1482,1.3899,0.46,0.2687,0.0224,0.0184,0.0109,2.0140,ND,0.0099,0.0040,0.0073,0.0011,0.0018,0.0083,0.0098,0.0008,0.0103,0.0018,0.0004,ND,ND,ND,ND,ND,ND,0.0013,ND,ND,ND,51.61
8427.06,16,2.23,5.19,29.69,0.2509,1.2495,1.3185,7.15,0.3137,0.0279,0.0149,0.0197,3.1441,ND,0.0062,0.0041,0.0039,0.0009,0.0014,0.0072,0.0248,0.0019,0.0109,0.0013,ND,ND,ND,ND,ND,ND,ND,0,ND,ND,0.0006,49.33
8427.50,16,2.08,5.50,24.89,ND,0.9307,1.3057,12.96,0.2949,0.0221,0.0111,0.0247,2.7677,ND,0.0051,0.0031,0.0041,0.0009,0.0010,0.0067,0.0308,0.0011,0.0106,0.0013,ND,ND,ND,ND,ND,ND,ND,0,ND,0.0014,ND,49.14
8428.00,16,0.81,0.76,6.23,ND,0.1989,ND,39.38,0.0861,0.0170,ND,0.0188,1.1130,ND,ND,ND,0.0029,0.0004,0.0003,0.0004,0.0772,0.0012,0.0031,ND,ND,ND,ND,ND,ND,ND,ND,0,ND,0.0018,ND,51.30
8428.50,16,1.80,3.68,20.75,ND,0.5992,0.6391,20.44,0.2290,0.0173,0.0093,0.0277,2.2315,ND,0.0034,0.0022,0.0029,0.0005,0.0008,0.0043,0.0347,0.0016,0.0087,0.0010,ND,ND,ND,ND,ND,ND,ND,0,ND,0.0013,ND,49.52
8429.04,16,1.80,5.31,26.08,0.1353,3.2090,1.2674,6.14,0.2984,0.0235,0.0153,0.0168,2.7555,ND,0.0079,0.0032,0.0038,0.0011,0.0013,0.0081,0.0217,0.0025,0.0130,0.0022,ND,ND,ND,ND,ND,ND,0,0,ND,ND,0.0005,52.88
8429.50,16,2.62,5.47,27.36,0.0512,2.6187,1.2432,5.07,0.2805,0.0289,0.0114,0.0178,2.4079,ND,0.0060,0.0026,0.0030,0.0009,0.0010,0.0081,0.0174,0.0013,0.0126,0.0017,ND,ND,ND,ND,ND,ND,0,0,ND,ND,ND,52.76
8430.00,16,2.51,4.03,26.13,ND,3,1,5.83,0.2585,0.0187,0.0113,0.0213,3.0791,ND,0.0048,0.0026,0.0031,0.0012,0.0013,0.0062,0.0159,0.0011,0.0127,0.0015,ND,ND,ND,ND,ND,ND,ND,0.0012,ND,0.0010,ND,54.73
8430.50,16,1.87,5.29,32.87,0.0611,1.6333,1.3611,4.12,0.3110,0.0199,0.0199,0.0170,2.8405,ND,0.0072,0.0045,0.0049,0.0012,0.0022,0.0075,0.0188,0.0015,0.0112,0.0018,ND,ND,ND,ND,ND,0.0011,ND,0.0015,ND,ND,ND,49.52
8431.06,16,1.53,4.56,33.08,0.1431,2.4005,1.0998,4.15,0.2915,0.0240,0.0172,0.0130,2.1945,ND,0.0066,0.0040,0.0070,0.0007,0.0016,0.0062,0.0223,0.0022,0.0096,0.0015,ND,ND,ND,ND,ND,ND,ND,0.0012,ND,ND,0.0007,50.43
8431.50,16,1.60,5.60,31.22,ND,2.1431,1.6868,1.51,0.3131,0.0271,0.0336,0.0105,2.9634,ND,0.0168,0.0080,0.0154,0.0010,0.0031,0.0098,0.0145,0.0011,0.0115,0.0022,0.0008,ND,ND,ND,ND,0.0013,ND,0.0019,ND,ND,ND,52.81
8432.00,16,1.48,5.01,33.04,ND,3.4709,1.3133,1.19,0.3250,0.0279,0.0181,0.0097,2.2036,ND,0.0097,0.0035,0.0277,0.0010,0.0018,0.0085,0.0112,0.0010,0.0138,0.0018,ND,ND,ND,ND,ND,ND,ND,0.0015,ND,ND,ND,51.84
8432.50,16,1.20,4.55,29.18,0.0563,1.1904,1.1429,8.26,0.2570,0.0281,0.0274,0.0143,2.4508,ND,0.0099,0.0046,0.0132,0.0010,0.0023,0.0074,0.0222,0.0017,0.0093,0.0016,ND,ND,ND,ND,ND,ND,0.0005,0.0013,ND,ND,ND,51.58
8433.04,16,1.29,4.77,33.47,1.7794,1.2119,1.2954,2.92,0.2408,0.0246,0.0203,0.0127,2.1675,ND,0.0106,0.0056,0.0103,0.0008,0.0028,0.0088,0.0108,0.0019,0.0083,0.0015,0.0004,ND,ND,ND,ND,ND,0.0005,0.0015,ND,ND,ND,50.74
8433.50,16,0.91,0.57,9.76,ND,0.2020,ND,36.04,0.0684,0.0139,ND,0.0141,0.7569,ND,ND,0.0015,0.0024,ND,0.0004,0.0005,0.0495,0.0009,0.0018,ND,ND,ND,ND,ND,ND,ND,ND,0.0006,ND,ND,ND,51.62
8434.00,16,1.40,0.66,7.00,ND,0.2459,0.0086,39.54,0.0729,0.0153,0.0071,0.0187,0.8279,ND,ND,0.0012,0.0019,0.0003,0.0003,0.0007,0.0522,0.0008,0.0021,ND,ND,ND,ND,ND,ND,ND,ND,0.0007,ND,0.0014,ND,50.15
8434.50,16,1.26,0.42,5.42,ND,0.2251,ND,40.30,0.0679,0.0202,ND,0.0163,0.6304,ND,ND,0.0018,0.0016,0.0003,0.0002,0.0006,0.0474,0.0007,0.0020,ND,ND,ND,ND,ND,ND,ND,ND,0.0006,ND,ND,ND,51.59
8435.04,16,1.24,0.35,8.16,ND,0.1406,ND,36.80,0.0543,0.0151,ND,0.0139,0.5520,ND,ND,0.0017,0.0015,ND,0.0003,0.0004,0.0367,0.0006,0.0012,ND,ND,ND,ND,ND,ND,ND,ND,0.0004,ND,0.0015,ND,52.63
8435.54,16,1.37,0.32,4.13,ND,0.3145,ND,41.02,0.0519,0.0140,ND,0.0157,0.5016,ND,ND,0.0011,0.0024,ND,0.0003,0.0004,0.0507,0.0006,0.0016,ND,ND,ND,ND,ND,ND,ND,ND,0.0006,ND,0.0020,ND,52.21
8436.00,16,2.43,0.39,5.25,ND,0.3857,ND,38.48,0.0559,0.0186,ND,0.0119,0.4926,ND,ND,0.0014,0.0020,ND,0.0003,0.0003,0.0505,0.0008,0.0012,ND,ND,ND,ND,ND,ND,ND,ND,0.0007,ND,0.0014,ND,52.43
8436.50,16,1.70,4.90,30.33,ND,1.7319,1.2246,5.79,0.2764,0.0260,0.0158,0.0123,2.0719,ND,0.0094,0.0044,0.0130,0.0007,0.0016,0.0084,0.0204,0.0017,0.0106,0.0014,ND,ND,ND,ND,ND,ND,ND,0.0012,ND,ND,ND,51.85
8437.04,16,1.52,7.21,30.61,ND,1.3625,2.1820,1.91,0.3704,0.0315,0.0306,0.0154,2.9172,ND,0.0125,0.0053,0.0450,0.0013,0.0020,0.0122,0.0147,0.0011,0.0132,0.0023,0.0007,ND,ND,ND,ND,ND,ND,0.0018,ND,0.0010,ND,51.72
8437.54,16,1.56,5.90,34.37,0.0741,1.2760,1.6261,1.79,0.3249,0.0214,0.0161,0.0166,2.4841,ND,0.0126,0.0057,0.0209,0.0009,0.0016,0.0099,0.0155,0.0020,0.0113,0.0016,ND,ND,ND,ND,ND,ND,ND,0.0015,ND,0.0019,0.0006,50.46
8438.00,16,1.61,2.68,39.60,ND,0.7496,0.5430,0.48,0.1651,0.0152,0.0117,0.0089,1.3363,ND,0.0060,0.0029,0.0075,0.0004,0.0008,0.0047,0.0075,0.0005,0.0054,0.0011,ND,ND,ND,ND,ND,ND,ND,0.0008,ND,ND,ND,52.75
8438.50,16,1.23,0.84,12.31,ND,0.3535,ND,34.13,0.0681,0.0157,0.0111,0.0128,0.8247,ND,0.0017,0.0019,0.0023,0.0004,0.0005,0.0007,0.0738,0.0025,0.0025,0.0006,ND,ND,ND,ND,ND,ND,ND,0.0004,ND,0.0016,ND,50.12
8439.04,16,1.62,5.30,35.00,ND,1.4007,1.4882,0.66,0.3125,0.0285,0.0154,0.0087,2.1034,ND,0.0103,0.0043,0.0147,0.0008,0.0013,0.0091,0.0147,0.0008,0.0100,0.0016,0.0005,ND,ND,ND,ND,ND,ND,0.0013,ND,0.0011,ND,52.00
8439.50,16,1.25,0.52,7.35,ND,0.2920,ND,38.80,0.0556,0.0190,0.0055,0.0126,0.9010,ND,ND,0.0019,0.0082,0.0005,0.0004,ND,0.0717,0.0016,0.0019,ND,ND,ND,ND,ND,ND,ND,ND,ND,ND,0.0019,ND,50.70
8440.00,16,1.43,3.66,32.38,ND,0.9177,0.8950,5.13,0.2138,0.0173,0.0190,0.0096,2.0754,ND,0.0097,0.0043,0.0140,0.0006,0.0014,0.0060,0.0162,0.0010,0.0074,0.0013,ND,ND,ND,ND,ND,ND,ND,0.0009,ND,ND,0.0006,53.19
8440.50,16,1.99,1.11,20.46,ND,0.4492,0.0900,23.32,0.0846,0.0212,0.0105,0.0143,1.5737,ND,0.0025,0.0015,0.0014,ND,0.0005,0.0014,0.0448,0.0023,0.0033,ND,ND,ND,ND,ND,ND,ND,ND,0.0004,ND,ND,ND,50.82
8441.05,16,1.93,1.99,20.86,0.0537,0.5074,0.2768,21.57,0.1604,0.0117,0.0104,0.0145,1.5012,ND,0.0049,0.0016,0.0048,0.0006,0.0007,0.0030,0.0426,0.0017,0.0052,0.0006,ND,ND,ND,ND,ND,ND,ND,0.0008,ND,0.0010,ND,51.04
8441.50,16,1.33,2.06,17.82,0.0418,1.4194,0.3456,23.05,0.1610,0.0199,0.0082,0.0135,1.7410,ND,0.0035,0.0029,0.0040,0.0004,0.0009,0.0032,0.0452,0.0014,0.0054,0.0011,ND,ND,ND,ND,ND,ND,ND,0.0009,ND,0.0013,ND,51.92
8442.00,16,1.20,0.50,8.62,ND,0.3282,ND,37.29,0.0676,0.0154,ND,0.0160,0.7627,ND,ND,0.0011,0.0023,0.0004,0.0003,0.0007,0.0532,0.0009,0.0023,ND,ND,ND,ND,ND,ND,ND,ND,ND,ND,0.0014,ND,51.13
8442.50,16,0.89,0.34,2.76,ND,0.1440,ND,42.72,0.0749,0.0176,0.0077,0.0245,0.7410,ND,ND,0.0019,0.0020,ND,0.0003,0.0003,0.0488,0.0006,0.0015,ND,ND,ND,ND,ND,ND,ND,ND,0.0005,ND,ND,ND,52.22
8443.05,16,1.41,0.28,1.67,ND,0.0908,ND,43.65,0.0553,0.0212,ND,0.0253,0.7312,ND,ND,0.0011,0.0019,ND,ND,ND,0.0495,0.0004,0.0017,ND,ND,ND,ND,ND,ND,ND,0.0006,ND,ND,0.0013,ND,52.01
8443.51,16,1.54,0.38,2.46,ND,0.1546,ND,42.93,0.0474,0.0183,ND,0.0138,0.4854,ND,ND,0.0015,0.0017,ND,0.0002,0.0003,0.0569,0.0005,0.0016,ND,ND,ND,ND,ND,ND,ND,ND,0.0005,ND,0.0016,ND,51.90
8444.00,16,0.97,0.35,5.53,ND,0.1965,ND,40.78,0.0512,0.0157,ND,0.0193,0.8996,ND,ND,0.0014,0.0021,0.0003,ND,0.0003,0.0647,0.0007,0.0018,ND,ND,ND,ND,ND,ND,ND,ND,ND,ND,0.0015,ND,51.11
8444.48,16,ND,1.06,10.18,ND,0.6743,ND,36.59,0.0592,ND,0.0079,0.0147,1.4981,ND,0.0016,0.0015,0.0024,0.0004,0.0006,ND,0.0769,0.0023,0.0023,ND,ND,ND,ND,ND,ND,ND,ND,0.0005,ND,ND,ND,49.83
8445.05,16,1.52,6.03,34.15,ND,1.4037,1.7171,0.56,0.3132,0.0163,0.0241,0.0130,2.0197,ND,0.0119,0.0045,0.0178,0.0006,0.0023,0.0108,0.0151,0.0010,0.0105,0.0018,ND,ND,ND,ND,ND,ND,ND,0.0016,ND,ND,ND,52.15
8445.50,16,1.93,6.19,30.09,ND,3.2989,1.8030,1.00,0.3324,0.0286,0.0183,0.0180,2.8569,ND,0.0075,0.0053,0.0148,0.0010,0.0015,0.0124,0.0278,0.0008,0.0120,0.0023,0.0007,ND,ND,ND,ND,ND,ND,0.0014,ND,ND,ND,52.34
8446.00,16,1.58,4.97,31.17,ND,1.1192,1.2814,4.29,0.2977,0.0221,0.0204,0.0135,2.4208,ND,0.0096,0.0040,0.0106,0.0012,0.0020,0.0090,0.0169,0.0012,0.0118,0.0020,0.0010,ND,ND,ND,ND,ND,ND,0.0013,ND,0.0013,ND,52.75
8446.51,16,1.15,1.26,14.31,1.9349,0.3560,0.0750,29.46,0.1091,0.0237,0.0134,0.0164,1.1464,ND,0.0041,0.0020,0.0053,0.0005,0.0006,0.0013,0.1103,0.0076,0.0043,ND,ND,ND,ND,ND,ND,ND,ND,0.0005,ND,0.0014,0.0008,50.01
8447.04,16,1.39,2.90,19.57,ND,0.8209,0.2707,22.82,0.1403,0.0237,0.0074,0.0204,2.0371,ND,0.0054,0.0026,0.0110,0.0006,0.0009,0.0023,0.1178,0.0021,0.0060,0.0010,ND,ND,ND,ND,ND,ND,ND,0.0010,ND,0.0027,ND,49.84
8447.50,16,1.68,2.75,21.58,0.0741,0.7251,0.3784,21.84,0.1607,0.0155,0.0109,0.0171,2.3148,ND,0.0057,0.0024,0.0050,0.0005,0.0011,0.0029,0.0567,0.0018,0.0066,0.0006,ND,ND,ND,ND,ND,ND,ND,0.0006,ND,0.0013,ND,48.38
8448.00,16,1.70,4.42,31.79,ND,1.3945,0.9886,5.83,0.2675,0.0256,0.0195,0.0192,2.9806,ND,0.0105,0.0051,0.0077,0.0010,0.0022,0.0057,0.0245,0.0018,0.0096,0.0013,ND,ND,ND,ND,ND,ND,ND,0.0011,ND,ND,ND,50.48
8448.50,16,1.54,2.41,20.15,0.1575,0.9795,0.3802,20.31,0.1924,0.0178,0.0132,0.0166,2.3864,ND,0.0076,0.0031,0.0074,0.0008,0.0016,0.0034,0.0409,0.0018,0.0072,0.0011,ND,ND,ND,ND,ND,ND,ND,0.0007,ND,0.0012,ND,51.36
8449.07,16,1.04,1.43,23.58,0.0296,0.3586,0.1475,20.86,0.1263,0.0220,0.0128,0.0127,1.3335,ND,0.0062,0.0023,0.0065,0.0004,0.0011,0.0019,0.0370,0.0012,0.0038,ND,ND,ND,ND,ND,ND,ND,ND,0.0005,ND,ND,ND,50.98
8449.49,16,1.38,2.75,21.58,0.1710,0.4803,0.2946,22.68,0.1316,0.0188,0.0115,0.0170,1.5211,ND,0.0047,0.0026,0.0053,0.0006,0.0010,0.0021,0.0508,0.0012,0.0047,ND,ND,ND,ND,ND,ND,0.0017,ND,0.0007,ND,0.0013,ND,48.89
8450.00,16,1.08,1.06,14.49,ND,0.2550,0.0617,30.59,0.0809,0.0139,0.0101,0.0163,1.5834,ND,0.0047,0.0017,0.0068,0.0004,0.0008,0.0011,0.0527,0.0012,0.0032,ND,ND,ND,ND,ND,ND,ND,ND,0.0005,ND,0.0016,ND,50.68
8450.52,16,0.95,0.19,44.82,ND,0.1380,ND,1.14,0.0258,0.0096,0.0041,0.0031,0.4442,ND,ND,ND,ND,ND,0.0002,0.0002,0.0034,0.0003,0.0010,ND,ND,ND,ND,ND,ND,0.0013,ND,ND,ND,ND,0.0005,52.26
8451.05,16,1.63,4.54,30.01,0.0738,0.9037,0.9184,7.17,0.2854,0.0219,0.0201,0.0147,2.0720,ND,0.0073,0.0045,0.0065,0.0007,0.0021,0.0063,0.0244,0.0016,0.0111,0.0014,ND,ND,ND,ND,ND,ND,ND,0.0009,ND,ND,ND,52.27
8451.50,16,1.68,3.09,20.49,ND,1.0023,0.5292,19.08,0.2208,0.0248,0.0125,0.0203,2.1477,ND,0.0064,0.0031,0.0046,0.0007,0.0015,0.0045,0.0343,0.0009,0.0083,0.0010,ND,ND,ND,ND,ND,ND,0.0005,0.0010,ND,0.0013,ND,51.64
8452.00,16,0.89,0.57,6.76,ND,0.1981,ND,38.83,0.0805,0.0213,ND,0.0172,0.9169,ND,ND,0.0010,0.0021,0.0003,0.0005,0.0006,0.0579,0.0009,0.0022,ND,ND,ND,ND,ND,ND,0.0017,ND,0.0005,ND,0.0018,ND,51.65
8452.50,16,1.38,0.51,4.65,ND,0.1014,ND,40.80,0.0674,0.0157,0.0057,0.0219,0.7954,ND,ND,ND,0.0022,0.0005,0.0003,0.0005,0.0585,0.0007,0.0020,ND,ND,ND,ND,ND,ND,0.0014,ND,ND,ND,0.0015,ND,51.58
8453.07,16,1.07,1.10,6.54,ND,0.2800,0.0340,38.64,0.0702,0.0188,0.0074,0.0185,1.1381,ND,ND,0.0010,0.0025,0.0005,0.0003,0.0007,0.0598,0.0007,0.0024,ND,ND,ND,ND,ND,ND,ND,ND,0.0005,ND,0.0022,ND,51.02
8453.49,16,1.35,0.93,8.87,0.0336,0.3760,0.0431,36.24,0.0881,ND,0.0076,0.0204,1.4664,ND,0.0019,0.0018,0.0018,ND,0.0004,0.0010,0.0644,0.0011,0.0025,0.0006,ND,ND,ND,ND,ND,ND,0.0007,0.0007,ND,0.0017,ND,50.49
8454.01,16,1.42,6.99,28.49,ND,3.5366,2.0249,1.59,0.3333,0.0370,0.0230,0.0135,3.0666,ND,0.0108,0.0059,0.0119,0.0017,0.0029,0.0141,0.0158,0.0011,0.0112,0.0020,0.0003,ND,ND,ND,ND,ND,0.0004,0.0018,ND,0.0010,ND,52.39
8454.50,16,1.67,0.20,36.09,ND,0.2967,ND,6.97,0.0250,ND,ND,0.0067,1.4275,ND,ND,ND,0.0006,ND,ND,0.0002,0.0088,0.0006,0.0006,ND,ND,ND,ND,ND,ND,ND,ND,0.0003,ND,ND,ND,53.30
8455.07,16,1.73,7.43,31.90,ND,2.1027,2.0122,0.49,0.3869,0.0349,0.0255,0.0135,3.2726,ND,0.0087,0.0042,0.0331,0.0014,0.0025,0.0132,0.0234,0.0018,0.0150,0.0023,ND,ND,ND,ND,ND,ND,ND,0.0016,ND,ND,ND,50.49
8455.50,16,1.37,6.96,29.54,0.1103,2.5360,1.9865,1.41,0.3618,0.0307,0.0192,0.0176,3.7619,ND,0.0112,0.0045,0.0209,0.0018,0.0019,0.0131,0.0210,0.0022,0.0121,0.0023,0.0004,ND,ND,ND,ND,ND,0.0006,0.0017,ND,0.0012,ND,51.80
8456.00,16,1.52,6.13,29.05,ND,2.9306,1.8102,3.68,0.3118,0.0306,0.0183,0.0185,2.9556,ND,0.0074,0.0037,0.0057,0.0009,0.0014,0.0130,0.0252,0.0015,0.0102,0.0019,0.0004,ND,ND,ND,ND,ND,0.0004,0.0016,ND,ND,ND,51.48
8456.51,16,1.22,6.00,29.39,1.3311,1.9733,1.6974,3.62,0.3155,0.0299,0.0204,0.0185,3.0256,ND,0.0105,0.0042,0.0027,0.0014,0.0016,0.0122,0.0343,0.0107,0.0100,0.0014,0.0013,ND,ND,ND,ND,ND,ND,0.0016,ND,0.0014,0.0019,51.26
8457.04,16,1.47,6.96,32.40,ND,1.9038,2.0407,0.16,0.3471,0.0241,0.0182,0.0164,2.9505,ND,0.0092,0.0044,0.0087,0.0008,0.0014,0.0137,0.0252,0.0013,0.0107,0.0020,ND,ND,ND,ND,ND,0.0017,ND,0.0015,ND,ND,ND,51.62
8457.50,16,1.48,6.96,33.52,ND,1.9522,2.0698,0.07,0.3099,0.0242,0.0149,0.0165,2.8986,ND,0.0095,0.0038,0.0138,0.0006,0.0010,0.0141,0.0285,0.0013,0.0095,0.0018,ND,ND,ND,ND,ND,0.0013,ND,0.0016,ND,ND,ND,50.60
8458.00,16,1.48,7.01,32.55,0.0287,2.0956,2.1097,0.57,0.3126,0.0320,0.0148,0.0152,2.9535,ND,0.0082,0.0042,0.0105,0.0009,0.0012,0.0146,0.0271,0.0013,0.0103,0.0021,ND,ND,ND,ND,ND,ND,ND,0.0015,ND,ND,ND,50.73
8458.50,16,1.75,7.32,32.66,ND,2.2697,2.2845,0.54,0.3002,0.0266,0.0126,0.0184,2.9388,ND,0.0071,0.0039,0.0041,0.0005,0.0009,0.0158,0.0216,0.0013,0.0096,0.0020,ND,ND,ND,ND,ND,ND,ND,0.0018,ND,0.0010,ND,49.81
8459.07,16,1.36,7.45,32.38,ND,1.8940,2.1337,0.39,0.3960,0.0245,0.0135,0.0208,3.6360,ND,0.0097,0.0051,0.0030,0.0008,0.0015,0.0128,0.0259,0.0017,0.0133,0.0022,0.0004,ND,ND,ND,ND,ND,ND,0.0019,ND,ND,ND,50.23
8459.49,16,1.71,6.57,32.64,ND,1.1578,1.9797,0.86,0.3362,0.0245,0.0154,0.0137,2.6249,ND,0.0065,0.0042,0.0022,0.0005,0.0011,0.0137,0.0199,0.0016,0.0116,0.0022,ND,ND,ND,ND,ND,0.0013,ND,0.0017,ND,0.0014,ND,52.00
8460.00,16,1.62,7.12,33.55,ND,1.5408,2.0783,0.18,0.3589,0.0249,0.0139,0.0133,3.0184,ND,0.0079,0.0037,0.0041,0.0010,0.0010,0.0131,0.0181,0.0014,0.0116,0.0023,0.0003,ND,ND,ND,ND,ND,0.0005,0.0017,ND,0.0014,ND,50.42
8460.53,16,1.36,7.15,32.35,ND,1.6103,2.1036,0.25,0.3408,0.0335,0.0172,0.0142,3.0222,ND,0.0066,0.0035,0.0079,0.0010,0.0011,0.0147,0.0294,0.0013,0.0112,0.0022,ND,ND,ND,ND,ND,ND,0.0005,0.0019,ND,ND,ND,51.67
8461.04,16,1.32,6.93,34.62,ND,1.5725,2.1473,0.22,0.3191,0.0307,0.0163,0.0170,2.8030,ND,0.0061,0.0032,0.0100,0.0009,0.0013,0.0144,0.0260,0.0014,0.0104,0.0019,ND,ND,ND,ND,ND,ND,ND,0.0015,ND,ND,ND,49.93
8461.50,16,1.43,6.57,34.16,ND,1.4301,1.8658,0.26,0.3424,0.0189,0.0143,0.0156,2.8576,ND,0.0092,0.0048,0.0358,0.0008,0.0011,0.0121,0.0228,0.0016,0.0113,0.0020,ND,ND,ND,ND,ND,ND,0.0005,0.0015,ND,0.0012,ND,50.93
8462.00,16,1.81,6.85,34.34,ND,1.1596,2.0773,0.14,0.3014,0.0262,0.0135,0.0132,2.6079,ND,0.0077,0.0036,0.0180,0.0006,0.0011,0.0143,0.0215,0.0016,0.0099,0.0017,ND,ND,ND,ND,ND,ND,ND,0.0012,ND,ND,ND,50.57
8462.50,16,1.32,7.17,32.75,ND,1.6665,2.1539,ND,0.3571,0.0330,0.0170,0.0221,3.3478,ND,0.0106,0.0047,0.0214,0.0009,0.0016,0.0141,0.0199,0.0017,0.0115,0.0021,ND,ND,ND,ND,ND,ND,0.0005,0.0019,ND,0.0012,ND,51.07
8463.04,16,1.46,6.89,32.98,ND,1.5740,2.1160,ND,0.3097,0.0208,0.0139,0.0162,2.6456,ND,0.0082,0.0039,0.0093,0.0007,0.0009,0.0148,0.0288,0.0015,0.0100,0.0018,ND,ND,ND,ND,ND,ND,ND,0.0017,ND,0.0010,ND,51.89
8463.53,16,1.49,6.81,31.77,ND,2.3054,2.0482,0.62,0.3090,0.0306,0.0118,0.0172,2.8181,ND,0.0065,0.0032,0.0052,0.0006,0.0007,0.0150,0.0229,0.0015,0.0100,0.0018,ND,ND,ND,0.0027,ND,0.0013,ND,0.0016,ND,0.0009,ND,51.70
8464.00,16,1.43,7.64,33.03,ND,1.7251,2.2084,0.02,0.3687,0.0235,0.0206,0.0120,3.1781,ND,0.0114,0.0053,0.0209,0.0012,0.0018,0.0131,0.0124,0.0013,0.0125,0.0023,ND,ND,ND,ND,ND,ND,0.0005,0.0019,ND,0.0011,ND,50.25
8464.50,16,1.44,7.41,31.56,ND,2.4324,2.2654,0.74,0.3301,0.0298,0.0206,0.0148,3.2568,ND,0.0073,0.0048,0.0110,0.0013,0.0018,0.0155,0.0255,0.0010,0.0108,0.0021,0.0003,ND,ND,ND,ND,ND,0.0005,0.0013,ND,ND,ND,50.42
8465.04,16,1.64,7.54,32.20,ND,1.3148,2.2079,0.65,0.3498,0.0352,0.0162,0.0132,2.7931,ND,0.0078,0.0044,0.0173,0.0006,0.0009,0.0143,0.0175,0.0014,0.0127,0.0023,ND,ND,ND,ND,ND,ND,0.0007,0.0014,ND,ND,ND,51.16
8465.50,16,1.10,5.30,26.79,ND,2.4608,1.4210,8.12,0.3080,0.0265,0.0181,0.0136,2.5499,ND,0.0086,0.0042,0.0103,0.0008,0.0015,0.0096,0.0248,0.0016,0.0100,0.0019,0.0006,ND,ND,ND,ND,ND,ND,0.0014,ND,0.0010,ND,51.82
8466.00,16,1.48,1.99,19.59,ND,0.5969,0.2110,24.74,0.1075,0.0177,0.0093,0.0139,1.8165,ND,0.0035,0.0021,0.0024,0.0005,0.0005,0.0023,0.0403,0.0015,0.0032,ND,ND,ND,ND,ND,ND,ND,ND,0.0006,ND,ND,ND,49.37
8466.52,16,1.06,1.40,17.38,ND,0.3185,0.1321,27.24,0.0839,0.0155,0.0077,0.0158,1.4641,ND,0.0018,0.0016,0.0016,0.0003,0.0004,0.0018,0.0389,0.0012,0.0028,0.0006,ND,ND,ND,ND,ND,ND,ND,0.0007,ND,ND,ND,50.82
8467.04,16,1.84,1.42,13.90,ND,0.5171,0.1087,29.54,0.0882,0.0164,0.0070,0.0183,1.7406,ND,0.0018,0.0016,0.0018,0.0003,0.0004,0.0018,0.0451,0.0010,0.0030,ND,ND,ND,ND,ND,ND,ND,ND,0.0007,ND,ND,ND,50.76
8467.50,16,1.38,1.52,13.64,0.0398,0.4822,0.1487,31.13,0.1115,0.0124,0.0087,0.0152,1.9899,ND,0.0020,0.0018,0.0017,0.0004,0.0004,0.0018,0.0436,0.0013,0.0031,ND,ND,ND,ND,ND,ND,ND,ND,0.0006,ND,0.0011,ND,49.46
8468.03,16,1.31,1.08,9.03,ND,0.3053,0.0570,35.71,0.0762,0.0138,0.0075,0.0154,1.1106,ND,ND,ND,0.0023,ND,0.0004,0.0009,0.0436,0.0011,0.0021,ND,ND,ND,ND,ND,ND,ND,ND,0.0006,ND,ND,ND,51.24
8468.52,16,1.35,0.23,2.67,ND,0.1567,ND,44.03,0.0669,0.0193,ND,0.0131,0.4144,ND,ND,ND,0.0020,0.0004,ND,ND,0.0284,0.0004,0.0009,ND,ND,ND,ND,ND,ND,ND,ND,ND,ND,ND,ND,51.01
8469.04,16,0.90,0.20,11.04,ND,0.0725,ND,35.74,0.0512,0.0187,0.0065,0.0233,1.6560,ND,ND,0.0010,0.0009,0.0004,ND,ND,0.0569,0.0023,0.0014,ND,ND,ND,ND,ND,ND,ND,ND,ND,ND,0.0016,ND,50.22
8469.50,16,1.66,8.46,28.80,ND,2.3867,2.5821,0.56,0.4479,0.0318,0.0202,0.0185,3.0688,ND,0.0164,0.0064,0.0278,0.0009,0.0020,0.0161,0.0245,0.0019,0.0141,0.0023,ND,ND,ND,ND,ND,ND,0.0006,0.0018,ND,0.0013,ND,51.85
8470.00,16,1.37,8.33,29.08,ND,2.3012,2.5526,0.34,0.3986,0.0287,0.0195,0.0181,3.2086,ND,0.0131,0.0058,0.0546,0.0009,0.0022,0.0167,0.0227,0.0018,0.0132,0.0025,ND,ND,ND,ND,ND,ND,ND,0.0024,ND,ND,ND,52.23
8470.50,16,1.60,8.55,29.65,ND,1.9823,2.5553,0.30,0.3924,0.0352,0.0256,0.0166,2.9067,ND,0.0131,0.0046,0.0238,0.0010,0.0019,0.0161,0.0250,0.0021,0.0132,0.0025,ND,ND,ND,ND,ND,ND,ND,0.0021,ND,0.0012,ND,51.88
8471.03,16,1.30,4.48,20.97,ND,1.5885,0.9761,14.67,0.4210,0.0236,0.0189,0.0229,2.7081,ND,0.0084,0.0043,0.0040,0.0007,0.0008,0.0115,0.0301,0.0020,0.0122,0.0024,ND,ND,ND,ND,ND,0.0019,ND,0.0014,ND,0.0013,0.0007,52.75
8471.50,16,1.04,6.09,27.36,ND,1.9622,1.6134,7.88,0.3489,0.0326,0.0124,0.0159,2.2677,ND,0.0067,0.0035,0.0065,0.0005,0.0006,0.0121,0.0333,0.0022,0.0114,0.0021,ND,ND,ND,ND,ND,0.0012,ND,0.0012,ND,ND,ND,51.31
8471.98,16,2.12,6.93,26.53,0.0366,3.9661,1.8364,2.07,0.3966,0.0247,0.0141,0.0149,2.8021,ND,0.0094,0.0048,0.0059,0.0009,0.0010,0.0136,0.0399,0.0027,0.0150,0.0028,ND,ND,ND,ND,ND,ND,0.0006,0.0019,ND,0.0013,ND,53.16
8472.51,16,1.27,7.14,27.60,ND,3.9278,2.1667,2.26,0.3796,0.0243,0.0132,0.0169,2.7996,ND,0.0084,0.0039,0.0085,0.0006,0.0009,0.0149,0.0319,0.0020,0.0123,0.0022,ND,ND,ND,ND,ND,ND,ND,0.0020,ND,ND,ND,52.31
8473.05,16,1.51,7.38,28.69,ND,2.8148,2.2764,1.59,0.3842,0.0334,0.0163,0.0189,3.5875,ND,0.0103,0.0045,0.0087,0.0008,0.0013,0.0147,0.0176,0.0021,0.0132,0.0026,ND,ND,ND,ND,ND,ND,0.0008,0.0021,ND,ND,ND,51.61
8473.50,16,1.72,8.10,30.08,ND,2.5028,2.4150,0.93,0.4070,0.0327,0.0142,0.0168,3.4797,ND,0.0101,0.0041,0.0059,0.0006,0.0011,0.0152,0.0349,0.0020,0.0135,0.0026,ND,ND,ND,ND,ND,ND,0.0005,0.0021,ND,ND,ND,50.21
8474.00,16,2.72,2.40,15.62,ND,0.3922,0.3353,22.50,0.1338,0.0200,0.0096,0.0365,3.8313,ND,ND,0.0019,0.0010,0.0003,0.0002,0.0033,0.0326,0.0017,0.0041,0.0006,ND,ND,ND,ND,ND,ND,ND,0.0005,ND,ND,ND,51.96
8474.50,16,4.26,1.77,11.75,ND,0.3277,0.2143,24.17,0.0982,0.0182,ND,0.0584,5.8874,ND,ND,0.0010,0.0009,0.0004,0.0003,0.0018,0.0370,0.0014,0.0031,0.0006,ND,ND,ND,ND,ND,ND,0.0007,ND,ND,ND,ND,51.40
8475.08,16,4.93,1.71,8.88,ND,0.3574,0.1705,24.05,0.0956,0.0175,0.0062,0.0563,5.0377,ND,0.0016,0.0011,0.0011,ND,0.0003,0.0021,0.0402,0.0009,0.0032,ND,ND,ND,ND,ND,ND,ND,ND,0.0008,ND,ND,ND,54.64
8475.51,16,4.88,1.18,6.58,ND,0.2404,0.0875,26.77,0.0875,0.0314,ND,0.0585,5.3643,ND,0.0017,0.0012,0.0010,ND,ND,0.0012,0.1379,0.0007,0.0044,ND,ND,ND,ND,ND,ND,ND,ND,0.0006,ND,0.0015,ND,54.57
8476.00,16,4.62,1.26,6.74,ND,0.1922,0.0809,30.37,0.0887,0.0159,ND,0.0515,4.3626,ND,ND,0.0017,0.0011,0.0004,0.0002,0.0011,0.0356,0.0009,0.0022,ND,ND,ND,ND,ND,ND,ND,ND,ND,ND,0.0011,ND,52.16
8476.50,16,4.76,1.34,8.65,ND,0.2716,0.1111,26.15,0.0860,ND,ND,0.0518,4.9377,ND,ND,0.0010,0.0011,0.0004,0.0003,0.0015,0.0361,0.0008,0.0026,0.0006,ND,ND,ND,ND,ND,ND,ND,ND,ND,ND,ND,53.59
8477.05,16,2.47,0.95,6.15,ND,0.1563,0.0196,34.89,0.0735,0.0145,ND,0.0235,1.5511,ND,ND,ND,0.0020,ND,0.0003,0.0008,0.0288,0.0011,0.0018,ND,ND,ND,ND,ND,ND,ND,ND,ND,ND,ND,ND,53.66
8477.50,16,2.35,2.02,14.88,ND,0.4354,0.2630,23.05,0.1323,0.0204,ND,0.0266,2.6432,ND,0.0019,0.0012,0.0015,ND,0.0003,0.0032,0.0373,0.0015,0.0044,0.0006,ND,ND,ND,ND,ND,ND,ND,0.0009,ND,ND,ND,54.13
8478.00,16,1.78,2.70,18.72,ND,0.3601,0.3699,24.47,0.1373,0.0182,0.0078,0.0125,1.3059,ND,0.0017,0.0012,0.0012,ND,0.0003,0.0038,0.0316,0.0015,0.0038,0.0008,ND,ND,ND,ND,ND,0.0013,ND,0.0009,ND,0.0011,ND,50.07
8478.50,16,1.40,8.24,29.72,ND,1.9983,2.6454,0.10,0.3736,0.0369,0.0124,0.0184,2.8427,ND,0.0057,0.0034,0.0065,ND,0.0007,0.0194,0.0400,0.0016,0.0115,0.0021,ND,ND,ND,ND,ND,0.0011,ND,0.0020,ND,ND,ND,52.52
8479.05,16,1.49,7.87,29.69,ND,2.0992,2.4752,0.50,0.3972,0.0345,0.0109,0.0222,2.7356,ND,0.0071,0.0038,0.0164,0.0007,0.0007,0.0176,0.0269,0.0023,0.0126,0.0026,ND,ND,ND,ND,ND,ND,0.0008,0.0017,ND,0.0015,ND,52.57
8479.50,16,1.43,7.53,29.41,ND,3.0493,2.4444,0.53,0.3549,0.0338,0.0130,0.0260,3.3800,ND,0.0065,0.0035,0.0199,0.0011,0.0008,0.0171,0.0358,0.0023,0.0119,0.0024,ND,ND,ND,ND,ND,ND,0.0005,0.0019,ND,0.0012,ND,51.70
8480.00,16,1.31,7.38,31.82,ND,2.3507,2.1268,ND,0.3511,0.0268,0.0239,0.0140,3.9400,ND,0.0111,0.0043,0.0148,0.0018,0.0018,0.0140,0.0237,0.0019,0.0124,0.0021,0.0015,ND,ND,ND,ND,ND,ND,0.0020,ND,0.0010,ND,50.57
8480.50,16,1.63,7.36,31.44,ND,2.3020,2.2942,0.28,0.3397,0.0274,0.0124,0.0211,2.7203,ND,0.0065,0.0031,0.0094,0.0010,0.0007,0.0163,0.0357,0.0019,0.0110,0.0021,ND,ND,ND,ND,ND,ND,ND,0.0013,ND,0.0013,ND,51.48
8481.13,16,1.31,7.44,31.47,ND,1.8410,2.3455,0.26,0.3499,0.0345,0.0107,0.0164,2.8304,ND,0.0054,0.0030,0.0288,0.0007,0.0008,0.0165,0.0304,0.0021,0.0113,0.0022,ND,ND,ND,ND,ND,ND,ND,0.0015,ND,0.0011,ND,51.98
8481.51,16,1.69,8.06,30.59,ND,2.4311,2.2939,0.30,0.4294,0.0241,0.0143,0.0196,3.6506,ND,0.0109,0.0042,0.0025,0.0008,0.0009,0.0141,0.0253,0.0021,0.0141,0.0024,0.0005,ND,ND,ND,ND,ND,0.0005,0.0023,ND,0.0011,ND,50.42
8482.00,16,1.76,8.19,31.96,ND,1.7114,2.4973,0.03,0.3980,0.0261,0.0164,0.0193,3.2525,ND,0.0074,0.0041,0.0135,0.0007,0.0007,0.0153,0.0360,0.0024,0.0130,0.0024,0.0004,ND,ND,ND,ND,ND,0.0005,0.0016,ND,ND,ND,50.04
8482.50,16,1.65,7.44,30.57,ND,2.3314,2.3592,0.69,0.3528,0.0260,0.0108,0.0240,2.7907,ND,0.0053,0.0026,0.0111,0.0005,0.0005,0.0168,0.0292,0.0020,0.0111,0.0021,ND,ND,ND,ND,ND,ND,ND,0.0018,ND,0.0011,ND,51.67
8483.05,16,1.33,7.69,28.68,ND,2.9613,2.2700,1.13,0.3757,0.0231,0.0131,0.0219,3.3554,ND,0.0102,0.0036,0.0136,0.0008,0.0009,0.0154,0.0352,0.0026,0.0128,0.0025,ND,ND,ND,ND,ND,ND,0.0006,0.0016,ND,ND,ND,52.04
8483.50,16,1.69,6.69,27.70,ND,3.9108,2.1271,1.60,0.3269,0.0349,0.0107,0.0247,2.6513,ND,0.0066,0.0031,0.0145,0.0005,0.0004,0.0167,0.0323,0.0028,0.0111,0.0019,ND,ND,ND,ND,ND,ND,0.0006,0.0017,ND,ND,ND,53.14
8484.02,16,1.57,7.49,31.35,ND,2.2790,2.3524,0.25,0.3832,0.0251,0.0138,0.0330,3.2117,ND,0.0072,0.0039,0.0072,0.0006,0.0015,0.0166,0.0348,0.0024,0.0121,0.0024,0.0012,ND,ND,ND,ND,0.0014,ND,0.0022,ND,ND,ND,50.95
8484.48,16,1.44,0.76,18.95,ND,0.5609,ND,26.52,0.0464,ND,0.0051,0.0226,1.2647,ND,ND,ND,0.0010,ND,ND,0.0002,0.0371,0.0022,0.0015,ND,ND,ND,ND,ND,ND,ND,0.0006,0.0007,ND,0.0012,ND,50.38
8485.05,16,1.75,7.41,29.37,ND,2.6634,2.4489,1.39,0.3436,0.0284,0.0120,0.0168,2.9111,ND,0.0033,0.0028,0.0029,0.0005,0.0005,0.0184,0.0335,0.0025,0.0113,0.0019,ND,ND,ND,ND,ND,ND,ND,0.0017,ND,0.0011,ND,51.57
8485.50,16,1.26,7.16,27.43,ND,2.1094,2.1088,1.67,0.3819,0.0288,0.0086,0.0225,3.7668,ND,0.0055,0.0034,0.0031,0.0008,0.0007,0.0140,0.0289,0.0026,0.0150,0.0025,ND,ND,ND,ND,ND,ND,ND,0.0020,ND,0.0019,ND,53.97
8486.00,16,1.42,7.29,27.45,ND,2.9462,2.3242,1.34,0.3527,0.0311,0.0107,0.0307,3.2598,ND,0.0056,0.0028,0.0114,0.0007,0.0006,0.0177,0.0295,0.0025,0.0119,0.0023,ND,ND,ND,ND,ND,ND,0.0006,0.0018,ND,ND,ND,53.45
8486.50,16,1.52,7.20,28.33,0.0293,3.4872,2.3178,1.23,0.3402,0.0278,0.0087,0.0300,3.2075,ND,0.0057,0.0035,0.0122,0.0007,0.0006,0.0170,0.0363,0.0023,0.0110,0.0019,ND,ND,ND,ND,ND,ND,ND,0.0019,ND,ND,ND,52.18
8487.05,16,1.81,7.61,30.12,ND,2.1873,2.2030,1.07,0.3835,0.0302,0.0135,0.0171,3.5814,ND,0.0047,0.0029,0.0125,0.0007,0.0009,0.0152,0.0285,0.0025,0.0132,0.0021,ND,ND,ND,ND,ND,0.0013,ND,0.0018,ND,ND,ND,50.89
8487.50,16,1.50,0.35,8.89,0.0383,0.4799,ND,34.84,0.0385,0.0255,ND,0.0345,1.5106,ND,ND,0.0016,0.0037,0.0003,0.0003,ND,0.0601,0.0009,0.0018,ND,ND,ND,ND,ND,ND,ND,0.0006,ND,ND,0.0012,ND,52.22
8488.00,16,1.57,2.41,14.11,ND,1.6217,0.2789,26.57,0.1210,0.0137,ND,0.0148,2.6803,ND,0.0022,ND,0.0021,0.0004,0.0002,0.0032,0.0660,0.0022,0.0034,0.0010,ND,ND,ND,ND,ND,0.0013,0.0007,0.0006,ND,0.0015,ND,50.52
8488.55,16,1.54,4.73,21.31,ND,1.9971,1.0235,12.58,0.2583,0.0258,0.0107,0.0153,3.6679,ND,0.0040,0.0021,0.0026,0.0006,0.0005,0.0100,0.0520,0.0030,0.0082,0.0012,ND,ND,ND,ND,ND,0.0012,ND,0.0013,ND,0.0015,ND,52.75
8489.07,16,1.26,7.99,28.18,ND,1.7987,2.5432,1.70,0.4115,0.0294,0.0124,0.0199,3.9663,ND,0.0046,0.0031,0.0048,0.0011,0.0007,0.0191,0.0380,0.0028,0.0130,0.0025,0.0004,ND,ND,ND,ND,ND,0.0007,0.0017,ND,0.0019,ND,52.00
8489.50,16,1.63,8.33,29.14,ND,2.0327,2.4948,0.90,0.4284,0.0365,0.0090,0.0188,3.9498,ND,0.0056,0.0041,0.0046,0.0013,0.0008,0.0169,0.0306,0.0026,0.0146,0.0024,ND,ND,ND,ND,ND,0.0016,0.0006,0.0019,ND,0.0011,ND,50.93
8489.95,16,1.27,8.25,28.68,ND,1.7019,2.6449,0.62,0.4098,0.0362,0.0111,0.0181,3.9277,ND,0.0039,0.0030,0.0083,0.0007,0.0003,0.0184,0.0312,0.0030,0.0130,0.0024,ND,ND,ND,ND,ND,ND,0.0008,0.0019,ND,0.0018,ND,52.33
8490.55,16,1.42,8.24,29.63,ND,1.9308,2.4660,1.63,0.4022,0.0271,0.0129,0.0147,4.0322,ND,0.0047,0.0024,0.0056,0.0011,0.0005,0.0167,0.0356,0.0028,0.0135,0.0026,0.0006,ND,ND,ND,ND,ND,0.0005,0.0022,ND,0.0018,ND,50.10
8491.05,16,1.60,8.79,29.17,ND,1.3165,2.7368,0.83,0.4037,0.0398,0.0122,0.0143,3.6446,ND,0.0042,0.0023,0.0056,0.0006,0.0004,0.0201,0.0435,0.0027,0.0129,0.0026,ND,ND,ND,ND,ND,0.0013,0.0005,0.0018,ND,0.0012,ND,51.34
8491.50,16,1.80,7.96,28.61,ND,1.8215,2.5506,1.09,0.3948,0.0387,0.0156,0.0143,3.8247,ND,0.0039,0.0026,0.0061,0.0009,0.0003,0.0183,0.0296,0.0032,0.0121,0.0028,ND,ND,ND,ND,ND,0.0012,ND,0.0021,ND,0.0018,ND,51.80
8492.00,16,1.76,6.92,26.01,ND,1.0618,1.7342,6.58,0.3402,0.0326,0.0116,0.0167,4.1126,ND,0.0051,0.0025,0.0080,0.0009,0.0007,0.0127,0.0264,0.0035,0.0125,0.0019,ND,ND,ND,ND,ND,ND,0.0008,0.0013,ND,ND,ND,51.33
8492.50,16,1.67,8.14,29.31,ND,2.0962,2.5129,0.86,0.3940,0.0263,0.0164,0.0165,3.7686,ND,0.0054,0.0032,0.0084,0.0008,0.0005,0.0176,0.0438,0.0031,0.0123,0.0023,ND,ND,ND,ND,ND,ND,0.0007,0.0016,ND,0.0014,ND,51.09
8493.04,16,1.55,8.34,31.37,ND,1.4654,2.4459,0.70,0.3797,0.0302,0.0160,0.0143,3.7394,ND,0.0049,0.0034,0.0167,0.0009,0.0010,0.0162,0.0278,0.0022,0.0122,0.0025,ND,ND,ND,ND,ND,ND,ND,0.0021,ND,0.0016,ND,49.86
8493.55,16,1.92,8.10,28.11,ND,2.5022,2.2041,1.54,0.4355,0.0306,0.0144,0.0134,4.5241,ND,0.0080,0.0039,0.0450,0.0010,0.0015,0.0145,0.0324,0.0026,0.0157,0.0024,0.0010,ND,ND,ND,ND,ND,ND,0.0018,ND,ND,ND,50.47
8483.98,16,1.79,8.28,28.79,ND,1.0628,2.3799,2.04,0.3708,0.0297,0.0174,0.0175,3.7282,ND,0.0054,0.0040,0.0362,0.0008,0.0007,0.0164,0.0242,0.0032,0.0124,0.0023,ND,ND,ND,ND,ND,ND,ND,0.0015,ND,0.0011,ND,51.39
8484.45,16,1.81,8.28,29.52,ND,2.1996,2.5888,0.86,0.3965,0.0267,0.0117,0.0147,3.8263,ND,0.0029,0.0018,0.0074,0.0005,0.0003,0.0185,0.0415,0.0028,0.0123,0.0026,ND,ND,ND,ND,ND,ND,0.0009,0.0020,ND,ND,ND,50.37
8495.08,16,1.71,8.59,29.86,ND,1.5339,2.6799,0.65,0.3840,0.0286,0.0093,0.0148,3.9723,ND,0.0048,0.0027,0.0073,0.0007,0.0003,0.0185,0.0290,0.0027,0.0119,0.0022,ND,ND,ND,ND,ND,ND,ND,0.0018,ND,0.0020,ND,50.48
8495.50,16,1.61,9.39,29.00,0.0251,1.4538,2.8445,2.32,0.3860,0.0287,0.0143,0.0183,3.8788,ND,0.0038,0.0027,0.0052,0.0004,0.0004,0.0187,0.0296,0.0038,0.0127,0.0023,ND,ND,ND,ND,ND,ND,0.0005,0.0022,ND,ND,ND,48.96
8496.02,16,2.03,9.09,28.95,0.0210,2.0165,2.8389,1.25,0.4047,0.0306,0.0128,0.0154,3.9863,ND,0.0051,0.0028,0.0045,0.0007,0.0004,0.0197,0.0447,0.0032,0.0129,0.0028,ND,ND,ND,ND,ND,0.0013,ND,0.0020,ND,ND,ND,49.25
8496.50,16,1.81,7.36,25.54,0.0448,3.9572,2.3822,1.58,0.3959,0.0309,0.0093,0.0181,3.8056,ND,0.0038,0.0024,0.0054,0.0006,0.0003,0.0181,0.0470,0.0030,0.0135,0.0026,ND,ND,ND,ND,ND,ND,ND,0.0024,ND,0.0014,ND,52.97
8497.05,16,1.68,9.20,28.61,ND,1.7303,2.6408,1.63,0.4167,0.0324,0.0149,0.0174,4.7039,ND,0.0067,0.0032,0.0085,0.0012,0.0007,0.0174,0.0275,0.0030,0.0139,0.0022,0.0011,ND,ND,ND,ND,ND,0.0006,0.0020,ND,0.0012,ND,49.24
8497.50,16,1.53,7.67,25.86,0.0237,1.2075,1.9796,6.06,0.3520,0.0335,0.0115,0.0182,4.2792,ND,0.0044,0.0024,0.0121,0.0006,0.0006,0.0138,0.0262,0.0034,0.0128,0.0021,ND,ND,ND,ND,ND,ND,ND,0.0019,ND,ND,ND,50.90
8498.00,16,1.89,9.41,29.41,ND,1.5972,2.9259,0.13,0.4025,0.0327,0.0127,0.0166,3.9649,ND,0.0037,0.0034,0.0066,0.0005,0.0004,0.0204,0.0357,0.0030,0.0125,0.0024,ND,ND,ND,ND,ND,0.0013,0.0005,0.0023,ND,ND,ND,50.11
8498.51,16,1.83,8.83,27.86,0.0355,2.3181,2.7976,1.34,0.3920,0.0353,0.0128,0.0117,4.0155,ND,0.0033,0.0025,0.0029,0.0007,0.0004,0.0203,0.0410,0.0030,0.0124,0.0025,ND,ND,ND,ND,ND,0.0011,0.0006,0.0017,ND,0.0015,ND,50.43
8499.07,16,1.56,9.20,27.86,ND,0.9270,2.8534,1.05,0.4099,0.0262,0.0115,0.0136,4.0540,ND,0.0032,0.0025,0.0037,0.0008,0.0004,0.0190,0.0253,0.0031,0.0133,0.0024,ND,ND,ND,0.0033,ND,0.0013,0.0006,0.0019,ND,0.0017,ND,51.96
8499.51,16,1.57,8.33,27.15,ND,2.7032,2.5808,2.29,0.4008,0.0346,0.0094,0.0192,4.3616,ND,0.0059,0.0028,0.0094,0.0008,0.0006,0.0179,0.0376,0.0028,0.0131,0.0023,ND,ND,ND,ND,ND,ND,0.0006,0.0021,ND,ND,ND,50.45
8500.00,16,1.87,8.37,26.91,ND,3.2391,2.7503,0.92,0.4131,0.0387,0.0130,0.0209,4.0388,ND,0.0040,0.0025,0.0060,0.0008,0.0004,0.0200,0.0295,0.0025,0.0132,0.0026,ND,ND,ND,ND,ND,ND,0.0005,0.0020,ND,0.0014,ND,51.34
8500.51,16,1.14,7.16,23.53,ND,2.3416,2.2945,3.18,0.4187,0.0376,0.0089,0.0227,4.2383,ND,0.0046,0.0031,0.0045,0.0009,0.0007,0.0178,0.0268,0.0030,0.0136,0.0028,0.0005,ND,ND,ND,ND,ND,ND,0.0017,ND,0.0021,ND,55.54
8501.05,16,1.73,8.03,28.22,ND,1.4699,2.4503,1.60,0.3729,0.0328,0.0105,0.0154,4.3850,ND,0.0033,0.0018,0.0057,0.0005,0.0002,0.0173,0.0391,0.0030,0.0121,0.0022,ND,ND,ND,ND,ND,0.0013,ND,0.0021,ND,0.0010,ND,51.60
8501.50,16,1.79,8.03,27.83,ND,2.5072,2.2808,2.67,0.3603,0.0273,0.0118,0.0161,4.3202,ND,0.0035,0.0028,0.0030,0.0006,0.0004,0.0164,0.0376,0.0031,0.0121,0.0021,ND,ND,ND,ND,ND,0.0016,ND,0.0022,ND,0.0010,ND,50.07
8502.00,16,1.61,8.23,27.58,ND,2.3047,2.4537,1.32,0.3801,0.0327,0.0137,0.0157,4.1738,ND,0.0040,0.0025,0.0062,0.0007,0.0003,0.0173,0.0365,0.0033,0.0127,0.0023,ND,ND,ND,ND,ND,0.0012,0.0006,0.0021,ND,0.0012,ND,51.79
8502.50,16,1.72,8.26,27.56,ND,2.6191,2.4725,1.95,0.4002,0.0241,0.0116,0.0219,4.1617,ND,0.0056,0.0033,0.0090,0.0008,0.0006,0.0175,0.0317,0.0031,0.0133,0.0027,ND,ND,ND,ND,ND,ND,ND,0.0021,ND,0.0015,ND,50.70
8503.09,16,1.57,8.92,28.35,ND,2.0772,2.9194,0.50,0.3894,0.0285,0.0141,0.0165,3.4970,ND,0.0042,0.0026,0.0070,0.0005,0.0006,0.0211,0.0308,0.0026,0.0121,0.0023,ND,ND,ND,ND,ND,ND,0.0005,0.0019,ND,0.0013,ND,51.63
8503.50,16,1.43,8.23,26.16,ND,3.2903,2.5795,1.46,0.3727,0.0314,0.0149,0.0110,3.2302,ND,0.0040,0.0026,0.0052,0.0007,0.0006,0.0202,0.0276,0.0025,0.0118,0.0023,ND,ND,ND,ND,ND,0.0016,ND,0.0018,ND,0.0014,ND,53.11
8504.00,16,1.84,9.27,30.35,ND,1.2685,2.9200,ND,0.4191,0.0354,0.0140,0.0146,3.4279,ND,0.0051,0.0032,0.0149,0.0009,0.0009,0.0197,0.0226,0.0030,0.0135,0.0023,ND,ND,ND,ND,ND,ND,0.0006,0.0019,ND,0.0016,ND,50.35
8504.50,16,1.63,7.91,29.41,0.0194,1.4292,2.3024,1.41,0.3910,0.0239,0.0160,0.0149,3.5317,ND,0.0054,0.0033,0.0074,0.0006,0.0007,0.0153,0.0313,0.0033,0.0133,0.0023,ND,ND,ND,ND,ND,ND,0.0005,0.0018,ND,ND,ND,51.82
8505.05,16,1.19,7.76,28.08,ND,2.4703,2.4312,0.86,0.3833,0.0264,0.0140,0.0204,3.6348,ND,0.0039,0.0031,0.0059,0.0007,0.0005,0.0182,0.0301,0.0026,0.0128,0.0025,ND,ND,ND,ND,ND,ND,0.0005,0.0020,ND,0.0013,ND,53.04
8505.50,16,1.51,9.26,29.27,ND,1.5329,2.9821,ND,0.3895,0.0327,0.0116,0.0137,3.4677,ND,0.0042,0.0030,0.0050,0.0007,0.0005,0.0213,0.0195,0.0025,0.0123,0.0023,ND,ND,ND,ND,ND,ND,0.0006,0.0017,ND,0.0019,ND,51.45
8506.00,16,1.59,8.86,28.96,ND,1.9639,2.8899,0.43,0.3775,0.0316,0.0141,0.0136,3.8532,ND,0.0041,0.0030,0.0096,0.0009,0.0007,0.0207,0.0197,0.0024,0.0122,0.0026,ND,ND,ND,ND,ND,ND,0.0006,0.0020,ND,0.0014,ND,50.94
8506.50,16,1.83,7.75,28.72,ND,1.9348,2.2409,1.51,0.4110,0.0398,0.0116,0.0152,3.7692,ND,0.0065,0.0038,0.0170,0.0007,0.0007,0.0143,0.0352,0.0024,0.0159,0.0023,0.0005,ND,ND,ND,ND,0.0015,0.0007,0.0019,ND,0.0015,ND,51.65
8507.05,16,1.89,1.61,10.26,ND,0.4538,0.1756,31.33,0.1048,0.0204,ND,0.0397,3.7332,ND,ND,ND,0.0013,0.0003,0.0003,0.0018,0.0445,0.0024,0.0030,0.0006,ND,ND,ND,ND,ND,0.0012,ND,0.0007,ND,ND,ND,50.33
8507.50,16,2.49,1.08,6.40,ND,0.2122,0.0663,31.44,0.0776,0.0129,ND,0.0575,5.4531,ND,ND,0.0011,0.0016,ND,ND,0.0010,0.0424,0.0019,0.0024,ND,ND,ND,ND,ND,ND,ND,ND,ND,ND,0.0015,ND,52.66
8507.95,16,1.68,1.12,6.87,ND,0.5392,0.0272,39.43,0.0804,0.0139,0.0057,0.0212,1.3768,ND,ND,0.0011,0.0017,ND,0.0003,0.0003,0.0297,0.0013,0.0012,ND,ND,ND,ND,ND,ND,ND,ND,ND,ND,0.0015,ND,48.79
8508.50,16,1.68,7.81,28.56,ND,2.6017,2.2893,1.17,0.3862,0.0334,0.0133,0.0191,3.8095,ND,0.0085,0.0042,0.0094,0.0007,0.0009,0.0160,0.0295,0.0020,0.0124,0.0023,ND,ND,ND,ND,ND,ND,ND,0.0017,ND,ND,ND,51.54
8509.05,16,1.43,8.19,31.27,ND,1.3940,2.4649,ND,0.3711,0.0287,0.0149,0.0181,3.2173,ND,0.0060,0.0030,0.0170,0.0008,0.0010,0.0180,0.0277,0.0022,0.0117,0.0022,ND,ND,ND,ND,ND,ND,ND,0.0020,ND,ND,ND,51.51
8509.50,16,1.55,8.12,30.95,ND,1.8861,2.4256,0.29,0.3733,0.0318,0.0141,0.0181,3.6043,ND,0.0072,0.0044,0.0078,0.0006,0.0007,0.0170,0.0311,0.0024,0.0123,0.0022,ND,ND,ND,ND,ND,ND,ND,0.0016,ND,0.0010,ND,50.64
8510.00,16,1.40,7.19,30.16,ND,2.5142,2.1302,0.92,0.3414,0.0280,0.0132,0.0167,3.3372,ND,0.0078,0.0035,0.0186,0.0007,0.0009,0.0158,0.0268,0.0018,0.0111,0.0022,0.0004,ND,ND,ND,ND,ND,0.0005,0.0019,ND,0.0015,ND,51.86
8510.50,16,1.98,7.65,29.07,ND,1.9436,2.3512,0.44,0.3774,0.0332,0.0151,0.0204,3.5648,ND,0.0070,0.0037,0.0084,0.0006,0.0007,0.0165,0.0393,0.0023,0.0127,0.0026,0.0004,ND,ND,ND,ND,ND,0.0006,0.0016,ND,ND,ND,52.46
8511.05,16,1.58,7.02,28.33,ND,4.1916,2.1379,1.94,0.3353,0.0290,0.0124,0.0328,3.8426,ND,0.0078,0.0040,0.0206,0.0009,0.0009,0.0158,0.0293,0.0021,0.0107,0.0019,ND,ND,ND,ND,ND,ND,ND,0.0017,ND,ND,ND,50.45
8511.50,16,1.52,7.45,28.88,ND,2.7129,2.2855,1.27,0.3949,0.0309,0.0108,0.0276,2.7954,ND,0.0082,0.0039,0.0179,0.0005,0.0006,0.0167,0.0322,0.0028,0.0125,0.0025,ND,ND,ND,ND,ND,ND,ND,0.0013,ND,ND,ND,52.53
8511.95,16,1.71,8.42,30.14,ND,1.1046,2.5026,0.41,0.3969,0.0290,0.0157,0.0173,3.1742,ND,0.0080,0.0033,0.0103,0.0004,0.0007,0.0164,0.0257,0.0026,0.0141,0.0023,ND,ND,ND,ND,ND,0.0012,ND,0.0021,ND,0.0014,ND,51.99
8512.50,16,3.73,0.77,6.00,0.0278,0.3432,ND,30.91,0.0597,0.0239,ND,0.0635,7.1366,ND,ND,0.0013,0.0025,0.0004,ND,0.0004,0.0523,0.0023,0.0019,ND,ND,ND,ND,ND,ND,ND,0.0007,ND,ND,0.0015,ND,50.86
8513.06,16,1.57,3.81,17.58,2.4928,1.0725,0.6926,20.08,0.1859,0.0430,0.0184,0.0320,3.5532,ND,0.0052,0.0023,0.0019,0.0007,0.0006,0.0044,0.0610,0.0207,0.0072,0.0009,ND,ND,ND,ND,ND,ND,0.0007,0.0006,ND,0.0013,0.0013,48.77
8513.50,16,1.91,7.99,28.15,ND,2.6923,2.2745,1.22,0.4333,0.0298,0.0123,0.0167,4.3483,ND,0.0075,0.0039,0.0039,0.0008,0.0008,0.0134,0.0343,0.0024,0.0171,0.0028,0.0004,ND,ND,ND,ND,ND,ND,0.0020,ND,ND,ND,50.83
8514.00,16,1.81,7.88,30.03,ND,3.1598,2.2173,0.92,0.3777,0.0281,0.0097,0.0186,5.2133,ND,0.0072,0.0034,0.0037,0.0012,0.0009,0.0136,0.0385,0.0024,0.0160,0.0024,ND,ND,ND,ND,ND,ND,0.0005,0.0017,ND,0.0018,ND,48.25
8514.47,16,1.39,8.87,30.29,ND,1.2236,2.8460,ND,0.3946,0.0277,0.0124,0.0151,3.2150,ND,0.0049,0.0034,0.0046,0.0006,0.0008,0.0203,0.0229,0.0020,0.0119,0.0021,ND,ND,ND,ND,ND,0.0014,ND,0.0017,ND,0.0010,ND,51.64
8515.05,16,1.45,2.95,20.52,0.0497,0.7958,0.4546,19.23,0.2089,0.0210,0.0073,0.0233,3.0144,ND,0.0027,0.0025,0.0089,0.0005,0.0005,0.0041,0.0477,0.0032,0.0065,0.0018,ND,ND,ND,ND,ND,ND,ND,0.0007,ND,0.0020,ND,51.20
8515.50,16,1.64,8.70,31.76,ND,0.8377,2.5180,0.03,0.4046,0.0268,0.0146,0.0157,2.9601,ND,0.0091,0.0054,0.0112,0.0008,0.0011,0.0166,0.0221,0.0021,0.0144,0.0026,ND,ND,ND,ND,ND,ND,0.0006,0.0016,ND,0.0015,0.0005,51.00
8516.00,16,1.61,7.41,30.67,ND,3.0685,1.8363,0.50,0.3675,0.0266,0.0147,0.0146,5.2221,ND,0.0103,0.0045,0.0203,0.0017,0.0015,0.0113,0.0189,0.0020,0.0148,0.0022,0.0006,ND,ND,ND,ND,ND,ND,0.0017,ND,0.0011,ND,49.17
8516.47,16,1.59,7.70,30.95,ND,1.0583,2.3584,0.17,0.3429,0.0278,0.0184,0.0139,2.7568,ND,0.0077,0.0039,0.0186,0.0008,0.0010,0.0165,0.0221,0.0022,0.0121,0.0023,ND,ND,ND,ND,ND,0.0012,ND,0.0011,ND,0.0010,ND,52.93
8517.04,16,1.58,2.42,13.66,ND,2.7919,0.3532,23.79,0.2020,0.0254,0.0096,0.0278,2.9195,ND,0.0035,0.0025,0.0171,0.0006,0.0007,0.0063,0.0619,0.0023,0.0079,0.0014,ND,ND,ND,ND,ND,ND,ND,0.0008,ND,0.0013,ND,52.10
8517.50,16,1.95,4.93,21.82,0.0375,0.9006,0.9312,16.19,0.2656,0.0292,0.0079,0.0277,4.2522,ND,0.0058,0.0033,0.0061,0.0006,0.0006,0.0065,0.0412,0.0020,0.0081,0.0013,ND,ND,ND,ND,ND,ND,ND,0.0010,ND,0.0013,ND,48.58
8518.00,16,2.25,4.49,20.91,ND,0.7803,0.7680,17.40,0.2278,0.0248,0.0080,0.0279,4.6735,ND,0.0055,0.0026,0.0035,0.0006,0.0007,0.0054,0.0406,0.0021,0.0075,0.0015,ND,ND,ND,ND,ND,ND,ND,0.0008,ND,ND,ND,48.36
8518.52,16,1.53,3.73,21.76,0.8131,1.4234,0.6631,18.14,0.1966,0.0242,0.0081,0.0214,3.3374,ND,0.0035,0.0022,0.0040,0.0006,0.0004,0.0053,0.0387,0.0041,0.0063,0.0010,ND,ND,ND,ND,ND,ND,ND,0.0009,ND,ND,ND,48.28
8519.04,16,1.56,8.36,31.69,ND,0.9996,2.4986,ND,0.4387,0.0329,0.0128,0.0138,2.9172,ND,0.0064,0.0032,0.0190,0.0006,0.0007,0.0164,0.0279,0.0023,0.0142,0.0024,ND,ND,ND,ND,ND,ND,0.0005,0.0014,ND,0.0014,ND,51.38
8519.50,16,1.58,7.90,30.18,ND,1.8075,2.3368,0.56,0.4200,0.0313,0.0142,0.0148,3.2421,ND,0.0066,0.0035,0.0152,0.0006,0.0008,0.0160,0.0296,0.0021,0.0138,0.0026,ND,ND,ND,ND,ND,ND,0.0005,0.0016,ND,0.0014,ND,51.82
8520.00,16,1.94,7.58,28.43,ND,1.4509,1.9195,2.29,0.4199,0.0232,0.0119,0.0211,5.0300,ND,0.0072,0.0035,0.0124,0.0007,0.0009,0.0114,0.0321,0.0027,0.0163,0.0022,0.0006,ND,ND,ND,ND,ND,ND,0.0013,ND,ND,ND,50.80
8520.51,16,1.66,7.91,32.17,ND,1.0885,2.3583,0.68,0.3657,0.0264,0.0148,0.0211,3.2001,ND,0.0060,0.0023,0.0178,0.0004,0.0005,0.0156,0.0220,0.0019,0.0128,0.0023,ND,ND,ND,ND,ND,ND,0.0007,0.0018,ND,ND,ND,50.43
8521.05,16,1.19,0.54,11.86,0.0537,0.5612,ND,33.21,0.0568,ND,0.0067,0.0411,2.8540,ND,ND,ND,0.0140,0.0007,0.0002,0.0004,0.0940,0.0035,0.0026,ND,ND,ND,ND,ND,ND,ND,ND,ND,ND,0.0023,ND,49.51
8521.50,16,0.86,0.24,43.11,ND,1.1362,ND,1.64,0.0340,ND,ND,ND,0.9421,ND,ND,ND,0.1083,0.0006,0.0002,0.0003,0.0133,0.0002,0.0011,ND,ND,ND,ND,ND,ND,ND,ND,ND,ND,ND,ND,51.91
8522.00,16,1.44,9.33,30.68,ND,0.7837,3.0068,ND,0.3722,0.0315,0.0127,0.0158,3.1907,ND,0.0054,0.0037,0.0206,0.0009,0.0007,0.0197,0.0147,0.0020,0.0126,0.0024,ND,ND,ND,ND,ND,ND,ND,0.0017,ND,0.0015,ND,51.05
8522.50,16,2.62,8.11,24.10,0.1032,1.2570,2.4733,4.46,0.3880,0.0343,0.0155,0.0306,4.3559,ND,0.0079,0.0043,0.0080,0.0008,0.0012,0.0157,0.0460,0.0035,0.0127,0.0026,ND,ND,ND,ND,ND,ND,0.0005,0.0016,ND,0.0014,ND,51.95
8523.05,16,2.62,8.08,26.38,0.1099,1.2291,2.3667,4.55,0.3516,0.0274,0.0177,0.0269,3.9794,ND,0.0098,0.0046,0.0507,0.0009,0.0011,0.0143,0.0457,0.0040,0.0115,0.0021,ND,ND,ND,ND,ND,ND,ND,0.0016,ND,0.0013,ND,50.10
8523.54,16,1.78,8.01,31.66,ND,1.4036,2.5562,0.16,0.3734,0.0394,0.0118,0.0198,2.9319,ND,0.0051,0.0028,0.0077,0.0007,0.0004,0.0171,0.0304,0.0025,0.0125,0.0024,ND,ND,ND,ND,ND,ND,ND,0.0015,ND,0.0014,ND,50.96
8524.00,16,1.55,7.71,30.22,ND,1.7387,2.3350,0.51,0.3821,0.0401,0.0116,0.0193,3.3762,ND,0.0064,0.0038,0.0154,0.0007,0.0008,0.0166,0.0304,0.0027,0.0124,0.0025,0.0003,ND,ND,ND,ND,ND,0.0006,0.0016,ND,ND,ND,52.01
8524.50,16,1.63,5.22,30.18,ND,1.2391,0.9800,5.97,0.2396,0.0199,0.0121,0.0175,4.2505,ND,0.0042,0.0015,0.0179,0.0007,0.0007,0.0071,0.0279,0.0031,0.0085,0.0015,ND,ND,ND,ND,ND,ND,ND,0.0008,ND,ND,0.0013,50.16
8525.07,16,1.36,7.57,30.37,ND,1.6266,2.1963,1.17,0.3827,0.0230,0.0129,0.0238,3.8185,ND,0.0064,0.0037,0.0061,0.0010,0.0013,0.0154,0.0322,0.0028,0.0135,0.0027,ND,ND,ND,ND,ND,0.0013,ND,0.0018,ND,0.0012,ND,51.36
8525.54,16,1.81,7.43,29.43,ND,2.0738,2.2114,1.67,0.3818,0.0399,0.0135,0.0181,3.4262,ND,0.0055,0.0026,0.0077,0.0006,0.0007,0.0152,0.0282,0.0027,0.0138,0.0026,ND,ND,ND,ND,ND,0.0014,0.0006,0.0022,ND,ND,ND,51.41
8526.03,16,1.79,7.94,30.34,ND,1.4828,2.2696,1.13,0.4124,0.0320,0.0124,0.0197,3.7023,ND,0.0068,0.0032,0.0549,0.0009,0.0008,0.0145,0.0302,0.0024,0.0145,0.0026,0.0004,ND,ND,ND,ND,ND,ND,0.0014,ND,0.0012,ND,50.73
8526.50,16,1.61,8.07,29.60,ND,2.0401,2.4063,1.69,0.3835,0.0322,0.0098,0.0240,3.5079,ND,0.0055,0.0027,0.0078,0.0008,0.0007,0.0161,0.0296,0.0026,0.0125,0.0020,ND,ND,ND,ND,ND,ND,ND,0.0018,ND,0.0010,ND,50.54
8527.04,16,2.26,8.18,26.08,ND,1.4452,2.4726,2.86,0.3298,0.0262,0.0150,0.0250,3.8633,ND,0.0060,0.0035,0.0126,0.0011,0.0015,0.0177,0.0314,0.0025,0.0111,0.0022,ND,ND,ND,ND,ND,ND,ND,0.0014,ND,0.0016,ND,52.35
8527.50,16,1.58,8.02,28.46,ND,1.6973,2.1675,1.33,0.4488,0.0246,0.0141,0.0180,4.6428,ND,0.0061,0.0036,0.0173,0.0007,0.0006,0.0126,0.0259,0.0025,0.0172,0.0025,0.0005,ND,ND,ND,ND,ND,0.0006,0.0015,ND,0.0011,ND,51.49
8528.00,16,1.81,5.19,24.60,ND,1.0355,1.1504,11.05,0.2586,0.0261,0.0107,0.0234,4.1285,ND,0.0025,0.0026,0.0052,0.0008,0.0005,0.0083,0.0344,0.0025,0.0098,0.0016,ND,ND,ND,ND,ND,0.0014,ND,0.0009,ND,0.0011,ND,50.64
8528.52,16,1.52,7.82,30.04,ND,0.9458,2.1380,0.96,0.4054,0.0308,0.0136,0.0195,3.5518,ND,0.0044,0.0027,0.0067,0.0009,0.0010,0.0135,0.0275,0.0021,0.0158,0.0023,ND,ND,ND,ND,ND,ND,0.0005,0.0016,ND,0.0013,ND,52.47
8529.07,16,1.99,8.11,25.97,ND,1.1583,2.4072,4.74,0.3419,0.0322,0.0151,0.0268,4.5548,ND,0.0054,0.0034,0.0072,0.0008,0.0007,0.0165,0.0309,0.0025,0.0109,0.0022,ND,ND,ND,ND,ND,ND,0.0005,0.0014,ND,0.0016,ND,50.58
8529.50,16,2.68,0.40,3.64,ND,0.1078,ND,32.15,0.0295,0.0142,ND,0.1125,7.9161,ND,ND,ND,0.0021,0.0003,0.0002,ND,0.0479,0.0007,0.0014,ND,ND,ND,ND,ND,ND,ND,ND,ND,ND,0.0016,ND,52.90
8530.00,16,2.82,0.46,4.06,ND,0.1388,ND,33.00,0.0430,ND,ND,0.1029,7.3281,ND,ND,ND,0.0015,ND,ND,ND,0.0720,0.0005,0.0023,ND,ND,ND,ND,ND,ND,ND,ND,ND,ND,0.0017,ND,51.96
8530.52,16,1.41,6.27,25.66,ND,3.3742,1.7737,2.46,0.3393,0.0268,0.0121,0.0129,3.0474,ND,0.0103,0.0054,0.0113,0.0009,0.0015,0.0141,0.0222,0.0020,0.0128,0.0026,0.0004,ND,ND,ND,ND,ND,ND,0.0013,ND,ND,0.0005,55.54
8531.04,16,1.58,6.69,30.01,0.0409,1.4918,1.8016,3.28,0.3448,0.0268,0.0153,0.0158,3.3838,ND,0.0065,0.0030,0.0050,0.0009,0.0009,0.0125,0.0313,0.0027,0.0112,0.0019,ND,ND,ND,ND,ND,ND,ND,0.0013,ND,0.0014,ND,51.24
8531.50,16,1.39,8.03,30.20,ND,1.1486,2.4225,1.06,0.3900,0.0300,0.0146,0.0174,3.6718,ND,0.0055,0.0033,0.0142,0.0009,0.0010,0.0157,0.0207,0.0024,0.0135,0.0024,ND,ND,ND,ND,ND,ND,ND,0.0018,ND,0.0015,ND,51.53
8532.02,16,1.71,7.86,30.35,ND,0.8756,2.3442,0.59,0.3337,0.0296,0.0140,0.0156,3.0340,ND,0.0066,0.0037,0.0251,0.0006,0.0009,0.0167,0.0258,0.0023,0.0104,0.0018,ND,ND,ND,ND,ND,ND,ND,0.0014,ND,0.0012,ND,52.75
8532.50,16,1.93,7.70,31.12,ND,1.1662,2.0724,0.60,0.4222,0.0243,0.0120,0.0160,3.6535,ND,0.0055,0.0034,0.0188,0.0005,0.0007,0.0133,0.0259,0.0024,0.0148,0.0024,ND,ND,ND,ND,ND,ND,ND,0.0015,ND,0.0013,0.0006,51.20
8533.09,16,1.61,7.90,29.84,ND,1.0834,2.3195,0.66,0.4114,0.0276,0.0139,0.0176,3.4045,ND,0.0069,0.0035,0.0205,0.0008,0.0008,0.0154,0.0256,0.0027,0.0139,0.0029,0.0005,ND,ND,ND,ND,ND,0.0006,0.0013,ND,0.0016,ND,52.62
8533.46,16,1.73,7.07,27.10,ND,3.4308,2.0259,2.84,0.3476,0.0213,0.0144,0.0155,3.2003,ND,0.0047,0.0022,0.0088,0.0007,0.0007,0.0153,0.0264,0.0024,0.0116,0.0024,ND,ND,ND,ND,ND,ND,0,0,ND,0.0012,ND,52.13
8633.04,17,1.69,7.88,31.33,ND,1.7856,2.3876,0.33,0.4050,0.0272,0.0142,0.0167,2.9447,ND,0.0068,0.0038,0.0174,0.0006,0.0004,0.0151,0.0373,0.0020,0.0129,0.0025,ND,ND,ND,ND,ND,ND,0.0005,0.0017,ND,0.0009,ND,51.08
8633.50,17,1.64,7.65,29.71,ND,1.7571,2.4486,1.32,0.3954,0.0345,0.0109,0.0215,2.8984,ND,0.0070,0.0033,0.0093,0.0004,0.0005,0.0166,0.0373,0.0021,0.0131,0.0023,0.0004,ND,ND,ND,ND,ND,ND,0.0016,ND,0.0010,ND,52.02
8634.00,17,1.54,1.49,18.94,ND,0.4180,0.1402,24.16,0.1219,0.0221,0.0058,0.0224,2.0426,ND,0.0027,0.0021,0.0130,0.0006,0.0004,0.0017,0.0361,0.0020,0.0034,ND,ND,ND,ND,ND,ND,ND,ND,ND,ND,ND,ND,51.04
8634.55,17,2.71,0.86,8.30,ND,0.1476,0.0409,33.56,0.0902,0.0162,0.0064,0.0537,2.9524,ND,ND,0.0019,0.0023,ND,0.0003,0.0007,0.0441,0.0014,0.0027,ND,ND,ND,ND,ND,ND,ND,0.0007,0.0005,ND,0.0013,ND,51.22
8635.04,17,2.65,0.73,6.01,ND,0.1329,ND,35.02,0.0665,0.0217,ND,0.0635,2.7443,ND,ND,0.0012,0.0015,0.0003,0.0003,0.0005,0.0459,0.0006,0.0022,ND,ND,ND,ND,ND,ND,ND,ND,ND,ND,0.0014,ND,52.51
8635.50,17,2.91,0.70,5.37,0,0.1065,ND,35.06,0.0832,0.0180,0.0092,0.0707,3.0717,ND,ND,ND,0.0012,ND,0.0003,0.0006,0.0482,0.0006,0.0025,ND,ND,ND,ND,ND,ND,ND,ND,ND,ND,ND,ND,52.51
8636.03,17,3.05,0.79,4.74,0,0.1509,ND,35.00,0.0815,0.0200,ND,0.0710,3.0082,ND,ND,0.0011,0.0014,0.0004,ND,0.0004,0.0537,0.0004,0.0021,ND,ND,ND,ND,ND,ND,ND,ND,ND,ND,0.0019,ND,52.99
8636.50,17,3.05,0.66,4.91,ND,0.1698,0.0115,34.90,0.0703,0.0328,ND,0.0744,3.1674,ND,ND,0.0013,0.0013,ND,0.0003,0.0007,0.0512,0.0005,0.0026,ND,ND,ND,ND,ND,ND,ND,ND,ND,ND,ND,ND,52.89
8637.04,17,3.01,0.61,4.71,0,0.1944,0.0387,35.50,0.0881,0.0186,0.0069,0.0665,2.9210,ND,ND,ND,0.0016,ND,0.0002,0.0005,0.0510,0.0007,0.0025,ND,0.0004,ND,ND,ND,ND,ND,ND,0.0006,ND,0.0015,ND,52.74
8637.50,17,2.60,0.90,6.24,ND,0.1563,0.0252,34.65,0.0793,0.0233,ND,0.0608,3.0401,ND,ND,0.0015,0.0016,ND,0.0003,0.0007,0.0486,0.0011,0.0025,ND,ND,ND,ND,ND,ND,ND,ND,ND,ND,ND,ND,52.17
8638.00,17,1.27,3.29,13.84,ND,1.1789,0.3386,25.82,0.1921,0.0236,0.0056,0.0244,1.9591,ND,0.0039,0.0024,0.0041,0.0004,0.0007,0.0038,0.0372,0.0019,0.0053,0.0009,ND,ND,ND,ND,ND,ND,ND,0.0009,ND,0.0018,ND,52.00
8638.52,17,1.87,8.38,29.62,ND,1.4500,2.3617,1.13,0.4985,0.0296,0.0217,0.0161,3.0736,ND,0.0146,0.0043,0.0237,0.0005,0.0017,0.0137,0.0312,0.0020,0.0195,0.0029,0.0005,ND,ND,ND,ND,ND,0.0005,0.0023,ND,0.0012,ND,51.43
8639.05,17,1.67,1.33,10.33,ND,0.2562,ND,36.12,0.0766,0.0330,ND,0.0212,1.3034,ND,ND,0.0018,0.0020,0.0004,0.0004,0.0004,0.0957,0.0017,0.0025,ND,ND,ND,ND,ND,ND,0.0014,ND,ND,ND,0.0016,ND,48.75
8639.50,17,1.83,2.51,16.25,ND,0.6340,0.2927,25.92,0.1864,0.0229,0.0130,0.0189,1.6536,ND,0.0048,0.0029,0.0056,0.0004,0.0006,0.0031,0.0637,0.0022,0.0059,0.0009,ND,ND,ND,ND,ND,ND,ND,0.0008,ND,0.0016,ND,50.58
8640.00,17,1.42,6.50,30.21,ND,2.7041,1.8737,1.56,0.3467,0.0222,0.0147,0.0175,3.2809,ND,0.0071,0.0037,0.0048,0.0008,0.0006,0.0132,0.0226,0.0017,0.0117,0.0025,ND,ND,ND,ND,ND,ND,0.0005,0.0014,ND,0.0012,ND,51.99
8640.50,17,1.45,5.42,32.34,ND,2.1460,1.4277,1.60,0.2794,0.0289,0.0093,0.0113,3.1230,ND,0.0052,0.0025,0.0168,ND,0.0005,0.0106,0.0218,0.0016,0.0094,0.0021,ND,ND,ND,ND,ND,0.0012,ND,0.0014,ND,ND,ND,52.10
8641.04,17,1.25,5.95,29.80,ND,2.0389,1.7160,1.75,0.3143,0.0303,0.0101,0.0109,3.0307,ND,0.0053,0.0028,0.0148,ND,0.0005,0.0134,0.0235,0.0018,0.0107,0.0019,ND,ND,ND,ND,ND,ND,ND,0.0018,ND,0.0012,ND,54.02
8641.50,17,1.39,7.04,29.21,ND,3.1628,2.2081,1.64,0.3272,0.0313,0.0091,0.0271,3.5971,ND,0.0068,0.0040,0.0079,0.0008,0.0006,0.0161,0.0198,0.0024,0.0112,0.0020,0.0012,ND,ND,ND,ND,ND,0.0005,0.0018,ND,0.0012,ND,51.29
8642.00,17,1.42,7.12,30.35,ND,2.0223,2.2588,0.62,0.3668,0.0286,0.0120,0.0161,3.1660,ND,0.0059,0.0027,0.0091,0.0006,0.0004,0.0153,0.0322,0.0025,0.0117,0.0021,ND,ND,ND,ND,ND,ND,0.0005,0.0015,ND,0.0014,ND,52.54
8642.50,17,1.49,7.62,29.35,ND,2.8419,2.4507,0.75,0.3360,0.0250,0.0104,0.0139,3.5711,ND,0.0053,0.0025,0.0095,0.0006,0.0004,0.0169,0.0423,0.0023,0.0110,0.0022,0.0005,ND,ND,ND,ND,ND,ND,0.0016,ND,0.0015,ND,51.44
8643.04,17,1.80,5.69,27.83,0,1.1737,1.2547,9.05,0.2857,0.0228,0.0160,0.0168,3.5032,ND,0.0081,0.0037,0.0262,ND,0.0008,0.0090,0.0412,0.0032,0.0090,0.0017,ND,ND,ND,ND,ND,ND,0.0006,0.0015,ND,ND,0.0008,49.22
8643.52,17,1.36,7.39,28.53,ND,2.5427,2.3667,2.02,0.3779,0.0364,0.0133,0.0185,3.1601,ND,0.0050,0.0028,0.0086,0.0005,0.0005,0.0170,0.0249,0.0026,0.0123,0.0024,ND,ND,ND,ND,ND,0.0012,ND,0.0017,ND,ND,0.0008,52.12
8644.00,17,1.91,7.53,28.98,ND,1.7018,2.2795,2.31,0.3803,0.0286,0.0122,0.0221,3.5824,ND,0.0061,0.0029,0.0110,0.0007,0.0007,0.0155,0.0378,0.0031,0.0121,0.0024,0.0003,ND,ND,ND,ND,ND,ND,0.0017,ND,0.0014,ND,51.17
8644.50,17,1.82,7.71,29.22,ND,2.0875,2.2934,1.34,0.3938,0.0325,0.0084,0.0226,4.1253,ND,0.0086,0.0037,0.0102,0.0010,0.0010,0.0153,0.0247,0.0025,0.0133,0.0024,0.0009,ND,ND,ND,ND,ND,0.0006,0.0016,ND,0.0012,ND,50.86
8645.07,17,1.48,6.68,31.04,ND,1.8966,2.1117,0.95,0.3278,0.0240,0.0134,0.0105,2.9686,ND,0.0032,0.0027,0.0055,0.0004,0.0005,0.0157,0.0302,0.0022,0.0103,0.0020,ND,ND,ND,ND,ND,ND,ND,0.0015,ND,ND,ND,52.43
8645.61,17,1.96,5.07,27.91,ND,1.6157,1.4229,7.87,0.2595,0.0253,0.0079,0.0216,3.1596,ND,0.0039,0.0018,0.0025,0.0007,0.0004,0.0108,0.0450,0.0032,0.0082,0.0017,ND,ND,ND,ND,ND,ND,ND,0.0010,ND,0.0013,ND,50.60
8646.00,17,1.72,6.76,28.75,ND,2.5880,1.9056,2.03,0.3698,0.0281,0.0115,0.0136,3.6740,ND,0.0041,0.0027,0.0034,0.0005,0.0004,0.0132,0.0231,0.0023,0.0141,0.0023,ND,ND,ND,ND,ND,ND,ND,0.0016,ND,ND,ND,52.09
8646.50,17,1.58,7.72,30.03,ND,2.2946,2.5307,0.50,0.3410,0.0308,0.0122,0.0118,3.2579,ND,0.0046,0.0033,0.0039,0.0006,0.0005,0.0177,0.0372,0.0023,0.0113,0.0024,ND,ND,ND,ND,ND,ND,0.0006,0.0014,ND,ND,ND,51.60
8647.05,17,2.03,6.65,29.35,ND,1.1776,1.8938,5.01,0.3236,0.0295,0.0121,0.0155,3.3941,ND,0.0051,0.0021,0.0078,0.0007,0.0005,0.0135,0.0400,0.0031,0.0107,0.0021,ND,ND,ND,ND,ND,ND,0.0005,0.0015,ND,ND,ND,50.01
8647.50,17,1.38,6.95,28.87,ND,2.9637,2.2239,2.06,0.3498,0.0274,0.0101,0.0093,3.0424,ND,0.0058,0.0029,0.0062,0.0006,0.0004,0.0164,0.0246,0.0027,0.0108,0.0022,ND,ND,ND,ND,ND,0.0013,ND,0.0015,ND,0.0013,ND,52.03
8648.00,17,1.48,6.81,30.89,ND,1.7022,2.0949,0.61,0.3632,0.0271,0.0119,0.0112,3.2939,ND,0.0038,0.0023,0.0067,0.0005,0.0004,0.0154,0.0456,0.0022,0.0113,0.0023,0.0005,ND,ND,ND,ND,ND,0.0004,0.0010,ND,0.0017,ND,52.61
8648.50,17,1.73,7.19,31.24,ND,1.9811,1.9640,0.79,0.3792,0.0289,0.0114,0.0163,4.0184,ND,0.0089,0.0037,0.0226,0.0008,0.0009,0.0134,0.0319,0.0023,0.0127,0.0025,ND,ND,ND,ND,ND,ND,0.0005,0.0012,ND,ND,ND,50.55
8649.05,17,1.32,6.85,31.86,ND,1.7602,2.1290,1.43,0.3187,0.0293,0.0134,0.0132,3.0216,ND,0.0042,0.0025,0.0213,0.0005,0.0005,0.0147,0.0435,0.0025,0.0100,0.0021,ND,ND,ND,0.0029,ND,ND,ND,0.0016,ND,ND,ND,51.16
8649.50,17,1.54,6.51,31.38,0,2.6373,2.0132,0.53,0.3116,0.0269,0.0108,0.0100,2.9938,ND,0.0043,0.0015,0.0090,0.0003,0.0005,0.0154,0.0562,0.0020,0.0103,0.0022,ND,ND,ND,ND,ND,0.0013,ND,0.0011,ND,ND,ND,51.91
8650.00,17,1.70,7.56,30.83,ND,2.1155,2.4509,0.72,0.3466,0.0329,0.0125,0.0111,3.2315,ND,0.0042,0.0026,0.0146,0.0006,0.0005,0.0171,0.0445,0.0024,0.0112,0.0024,ND,ND,ND,ND,ND,ND,0.0005,0.0015,ND,0.0010,ND,50.88
8650.50,17,1.84,7.30,28.53,ND,3.0895,2.3726,1.69,0.3584,0.0290,0.0125,0.0115,3.2939,ND,0.0034,0.0029,0.0070,0.0005,0.0004,0.0178,0.0359,0.0022,0.0115,0.0025,ND,ND,ND,ND,ND,ND,ND,0.0016,ND,ND,ND,51.38
8651.08,17,1.53,6.62,26.95,0,1.7067,1.8727,6.57,0.3258,0.0294,0.0103,0.0179,3.2240,ND,0.0054,0.0021,0.0085,0.0006,0.0005,0.0141,0.0424,0.0033,0.0107,0.0020,ND,ND,ND,ND,ND,ND,0.0005,0.0015,ND,0.0018,ND,51.02
8651.50,17,1.97,6.88,28.74,0,1.6653,2.0730,3.76,0.3200,0.0281,0.0099,0.0272,3.9378,ND,0.0036,0.0019,0.0043,0.0009,0.0004,0.0146,0.0540,0.0028,0.0106,0.0022,ND,ND,ND,ND,ND,ND,ND,0.0015,ND,ND,ND,50.46
8652.02,17,2.14,7.00,28.17,ND,1.9863,2.1403,3.21,0.3308,0.0289,0.0122,0.0227,3.4551,ND,0.0047,0.0022,0.0065,0.0005,0.0004,0.0150,0.0364,0.0026,0.0112,0.0022,ND,ND,ND,ND,ND,ND,ND,0.0013,ND,0.0010,ND,51.41
8652.53,17,1.51,6.68,26.18,ND,2.6947,1.9575,4.57,0.3408,0.0227,0.0103,0.0165,3.2861,ND,0.0045,0.0024,0.0064,0.0005,0.0005,0.0143,0.0352,0.0027,0.0118,0.0022,ND,ND,ND,ND,ND,ND,ND,0.0018,ND,0.0012,ND,52.66
8653.14,17,1.84,6.91,28.93,ND,2.2333,2.1709,3.37,0.3178,0.0262,0.0086,0.0258,3.7959,ND,0.0044,0.0020,0.0053,0.0005,0.0004,0.0147,0.0392,0.0024,0.0105,0.0022,ND,ND,ND,ND,ND,ND,0.0005,0.0017,ND,0.0013,ND,50.30
8653.50,17,1.63,6.37,27.43,ND,2.3498,1.8208,4.22,0.3320,0.0370,0.0111,0.0148,3.3465,ND,0.0048,0.0022,0.0095,0.0006,0.0006,0.0138,0.0447,0.0024,0.0108,0.0020,ND,ND,ND,ND,ND,ND,ND,0.0014,ND,ND,ND,52.34
8654.00,17,1.50,8.05,28.67,ND,1.9394,2.4814,1.91,0.4198,0.0279,0.0137,0.0164,3.2898,ND,0.0055,0.0028,0.0108,0.0007,0.0007,0.0171,0.0277,0.0026,0.0128,0.0020,0.0004,ND,ND,0.0031,ND,ND,0.0005,0.0015,ND,0.0013,ND,51.59
8654.50,17,1.27,2.41,14.88,ND,0.3664,0.2807,28.64,0.1448,0.0199,0.0100,0.0214,2.0736,ND,ND,0.0017,0.0057,ND,0.0003,0.0027,0.0696,0.0027,0.0044,0.0006,ND,ND,ND,ND,ND,ND,ND,0.0005,ND,ND,ND,49.80
8655.05,17,1.01,1.12,9.96,ND,0.3274,ND,34.74,0.0849,0.0145,ND,0.0288,1.5989,ND,ND,ND,0.0026,0.0003,0.0003,0.0004,0.1067,0.0028,0.0041,ND,ND,ND,ND,ND,ND,0.0015,ND,0.0005,ND,0.0017,ND,51.00
8655.52,17,1.36,6.19,27.62,ND,2.0837,1.8061,5.21,0.3217,0.0227,0.0144,0.0202,3.4910,ND,0.0074,0.0035,0.0153,0.0007,0.0007,0.0116,0.0313,0.0021,0.0106,0.0022,ND,ND,ND,ND,ND,0.0015,ND,0.0014,ND,ND,0.0006,51.77
8656.00,17,1.75,6.12,26.65,ND,2.7219,1.7769,4.32,0.3414,0.0298,0.0102,0.0240,3.9186,ND,0.0055,0.0034,0.0121,0.0007,0.0007,0.0131,0.0381,0.0018,0.0110,0.0022,ND,ND,ND,ND,ND,0.0012,ND,0.0014,ND,ND,ND,52.25
8656.46,17,1.44,3.77,22.11,ND,0.6454,0.7097,18.14,0.2034,0.0214,0.0115,0.0201,3.0731,ND,0.0041,0.0021,0.0096,0.0004,0.0005,0.0059,0.0583,0.0025,0.0068,0.0012,ND,ND,ND,ND,ND,0.0013,ND,0.0007,ND,ND,ND,49.78
8657.03,17,1.66,2.05,10.61,ND,0.5083,0.2232,33.14,0.1289,0.0185,0.0098,0.0223,2.4378,ND,ND,0.0015,0.0033,0.0003,0.0006,0.0022,0.0612,0.0019,0.0043,0.0006,ND,ND,ND,ND,ND,ND,ND,0.0006,ND,0.0013,ND,49.12
8657.52,17,1.25,2.32,12.96,ND,0.3687,0.3269,29.57,0.1628,0.0174,0.0091,0.0308,2.6682,ND,0.0016,0.0013,0.0036,ND,0.0003,0.0033,0.0620,0.0017,0.0053,0.0007,ND,ND,ND,ND,ND,ND,ND,0.0006,ND,0.0012,ND,50.24
8658.00,17,2.16,7.18,24.50,ND,2.5961,2.2019,5.56,0.3468,0.0276,0.0119,0.0205,3.8277,ND,0.0049,0.0023,0.0060,0.0007,0.0004,0.0157,0.0355,0.0018,0.0114,0.0025,ND,ND,ND,ND,ND,ND,ND,0,ND,0.0017,ND,51.48
8658.50,17,1.04,1.54,11.68,ND,0.3569,0.1295,33.47,0.1003,0.0125,0.0059,0.0285,1.9133,ND,ND,0.0011,0.0035,ND,0.0002,0.0017,0.0912,0.0016,0.0034,0.0007,0.0004,ND,ND,ND,ND,ND,ND,0.0007,ND,0.0012,ND,49.62
8659.06,17,1.87,7.55,29.03,ND,1.4509,2.2876,2.24,0.4085,0.0285,0.0141,0.0161,3.3821,ND,0.0061,0.0024,0.0076,0.0006,0.0006,0.0155,0.0398,0.0023,0.0137,0.0024,0.0004,ND,ND,ND,ND,ND,ND,0.0017,ND,0.0013,ND,51.62
8659.50,17,1.61,6.95,28.66,ND,1.6957,2.0449,2.76,0.3677,0.0364,0.0123,0.0170,3.3615,ND,0.0060,0.0022,0.0139,0.0005,0.0006,0.0143,0.0384,0.0024,0.0119,0.0020,0.0006,ND,ND,ND,ND,ND,0.0005,0.0016,ND,ND,ND,52.38
8660.00,17,1.85,6.74,30.00,ND,2.4245,2.0045,3.10,0.3296,0.0342,0.0088,0.0178,3.4766,ND,0.0043,0.0028,0.0194,0.0007,0.0005,0.0135,0.0411,0.0023,0.0107,0.0019,0.0005,ND,ND,ND,ND,ND,ND,0.0013,ND,0.0011,ND,49.91
8660.50,17,1.75,6.24,30.04,ND,2.0591,1.6609,5.38,0.2675,0.0266,0.0114,0.0143,2.7693,ND,0.0043,0.0025,0.0367,0.0005,0.0005,0.0123,0.0381,0.0024,0.0084,0.0017,ND,ND,ND,ND,ND,ND,0.0005,0.0016,ND,ND,ND,49.66
8661.05,17,1.55,7.69,31.30,0.0239,1.8249,2.4620,1.02,0.3470,0.0334,0.0098,0.0095,2.9876,ND,0.0053,0.0028,0.0223,0.0007,0.0005,0.0169,0.0473,0.0025,0.0106,0.0023,ND,ND,ND,0.0026,ND,ND,ND,0.0013,ND,0.0012,ND,50.62
8661.48,17,1.91,7.27,28.37,ND,1.9583,1.8838,3.89,0.4066,0.0229,0.0109,0.0179,4.5391,ND,0.0088,0.0034,0.0252,0.0006,0.0010,0.0116,0.0299,0.0027,0.0152,0.0024,ND,ND,ND,ND,ND,ND,0.0005,0.0012,ND,0.0014,0.0008,49.62
8661.98,17,1.79,7.33,30.16,0.0239,1.4184,2.0291,3.17,0.3714,0.0222,0.0171,0.0131,3.6254,ND,0.0083,0.0036,0.0713,0.0006,0.0009,0.0135,0.0363,0.0029,0.0124,0.0022,ND,ND,ND,ND,ND,ND,0.0005,0.0013,ND,ND,0.0007,49.87
8662.50,17,1.59,7.37,32.35,ND,1.2901,2.3267,1.09,0.3369,0.0281,0.0118,0.0101,2.8070,ND,0.0049,0.0024,0.0139,0.0006,0.0007,0.0158,0.0457,0.0023,0.0105,0.0023,ND,ND,ND,ND,ND,ND,ND,0.0013,ND,ND,ND,50.69
8663.08,17,1.87,7.73,30.00,0.0191,2.0806,2.1469,2.44,0.3796,0.0251,0.0135,0.0173,3.8114,ND,0.0072,0.0033,0.0223,0.0008,0.0009,0.0133,0.0508,0.0024,0.0126,0.0023,ND,ND,ND,ND,ND,ND,0.0007,0.0018,ND,ND,ND,49.35
8663.50,17,1.91,7.47,31.30,ND,1.4115,2.1144,0.82,0.3869,0.0231,0.0135,0.0153,4.0259,ND,0.0085,0.0042,0.0584,0.0008,0.0010,0.0136,0.0431,0.0017,0.0125,0.0023,ND,ND,ND,ND,ND,ND,ND,0.0016,ND,0.0013,ND,50.36
8664.00,17,1.41,1.62,9.72,ND,0.5114,0.1067,34.58,0.1150,0.0258,0.0057,0.0224,1.8104,ND,ND,0.0015,0.0029,0.0005,0.0005,0.0011,0.1006,0.0024,0.0038,0.0006,ND,ND,ND,ND,ND,ND,0.0006,ND,ND,0.0013,ND,49.95
8664.47,17,1.85,8.53,31.54,ND,1.2201,2.5369,0.83,0.4115,0.0211,0.0173,0.0136,3.5451,ND,0.0066,0.0035,0.0143,0.0006,0.0007,0.0151,0.0388,0.0016,0.0127,0.0024,ND,ND,ND,ND,ND,0.0012,0.0005,0.0016,ND,ND,ND,49.39
8665.04,17,1.42,6.72,28.51,ND,1.1323,1.9716,5.64,0.3056,0.0245,0.0110,0.0167,3.0343,ND,0.0037,0.0020,0.0101,ND,0.0003,0.0149,0.0480,0.0024,0.0103,0.0018,ND,ND,ND,ND,ND,ND,ND,0.0016,ND,0.0011,ND,51.11
8665.50,17,1.70,7.13,28.15,ND,2.6359,2.1757,3.35,0.3349,0.0210,0.0119,0.0106,3.5873,ND,0.0051,0.0023,0.0071,0.0006,0.0006,0.0165,0.0350,0.0025,0.0108,0.0016,ND,ND,ND,ND,ND,ND,ND,0.0015,ND,0.0012,ND,50.81
8666.02,17,1.56,7.13,27.63,ND,1.9943,2.1837,4.82,0.3451,0.0243,0.0120,0.0161,3.1595,ND,0.0043,0.0019,0.0075,0.0006,0.0004,0.0160,0.0473,0.0027,0.0108,0.0023,ND,ND,ND,ND,ND,ND,0.0006,0.0015,ND,0.0011,ND,51.02
8666.47,17,1.65,6.35,26.46,ND,1.5328,1.7763,6.73,0.2873,0.0298,0.0073,0.0157,3.2859,ND,0.0029,0.0019,0.0099,0.0005,0.0003,0.0125,0.0539,0.0024,0.0089,0.0015,ND,ND,ND,ND,ND,0.0013,0.0005,0.0014,ND,0.0010,ND,51.78
8667.06,17,1.50,6.44,32.08,ND,1.5058,1.8528,2.92,0.3115,0.0231,0.0117,0.0120,3.0349,ND,0.0036,0.0014,0.0057,0.0005,0.0005,0.0135,0.0476,0.0020,0.0096,0.0019,ND,ND,ND,ND,ND,ND,0.0006,0.0015,ND,ND,ND,50.22
8667.50,17,1.48,6.22,31.07,0.0203,1.7589,1.7953,3.00,0.3069,0.0264,0.0118,0.0100,3.1022,ND,0.0046,0.0020,0.0049,0.0005,0.0005,0.0128,0.0499,0.0024,0.0100,0.0016,ND,ND,ND,ND,ND,0.0012,ND,0.0013,ND,0.0010,ND,51.10
8668.00,17,1.28,5.92,28.60,ND,2.1584,1.7416,4.79,0.2938,0.0189,0.0085,0.0120,3.2137,ND,0.0042,0.0027,0.0047,0.0007,0.0004,0.0133,0.0329,0.0018,0.0093,0.0018,ND,ND,ND,ND,ND,ND,0.0005,0.0012,ND,0.0019,ND,51.90
8668.52,17,1.14,4.28,22.84,ND,0.8737,0.8725,17.65,0.1967,0.0164,0.0092,0.0199,2.5742,ND,0.0022,0.0021,0.0026,0.0006,0.0003,0.0064,0.0764,0.0028,0.0064,0.0013,ND,ND,ND,ND,ND,ND,ND,0.0011,ND,0.0019,ND,49.42
8669.05,17,1.42,6.56,31.15,ND,1.0724,1.7779,2.26,0.3459,0.0273,0.0114,0.0102,2.9672,ND,0.0041,0.0022,0.0083,0.0005,0.0004,0.0135,0.0404,0.0021,0.0108,0.0019,ND,ND,ND,ND,ND,ND,ND,0.0010,ND,ND,ND,52.32
8669.53,17,1.22,6.25,31.23,ND,2.2269,1.8558,2.74,0.2930,0.0324,0.0117,0.0092,2.7659,ND,0.0031,0.0017,0.0073,0.0006,0.0004,0.0140,0.0403,0.0018,0.0096,0.0019,ND,ND,ND,ND,ND,0.0013,ND,0.0012,ND,ND,ND,51.28
8670.02,17,1.22,2.79,15.62,ND,0.8074,0.4848,27.33,0.1428,0.0187,0.0060,0.0266,2.8253,ND,0.0019,0.0018,0.0024,0.0004,ND,0.0039,0.0689,0.0019,0.0048,0.0008,ND,ND,ND,ND,ND,ND,0.0006,0.0010,ND,0.0014,ND,48.63
8670.52,17,1.75,6.61,29.42,ND,2.2055,1.9955,3.25,0.3285,0.0246,0.0096,0.0122,3.0108,ND,0.0034,0.0021,0.0039,0.0006,0.0003,0.0151,0.0267,0.0015,0.0106,0.0019,ND,ND,ND,ND,ND,ND,0.0006,0.0011,ND,0.0015,ND,51.31
8671.08,17,1.45,4.21,20.58,ND,0.7251,0.9281,19.66,0.2255,0.0234,0.0096,0.0224,2.3961,ND,0.0017,0.0013,0.0024,0.0004,0.0003,0.0077,0.0689,0.0020,0.0065,0.0012,ND,ND,ND,ND,ND,ND,ND,0.0007,ND,ND,ND,49.67
8671.53,17,1.42,3.99,19.67,ND,0.7989,0.8598,21.76,0.1959,0.0205,0.0088,0.0216,2.5961,ND,0.0021,0.0012,0.0054,0.0005,0.0003,0.0064,0.0665,0.0022,0.0057,0.0011,ND,ND,ND,ND,ND,ND,ND,0.0009,ND,0.0013,ND,48.56
8672.00,17,1.29,4.46,20.48,ND,0.6694,0.9893,19.09,0.2148,0.0210,0.0102,0.0205,2.5482,ND,0.0016,0.0011,0.0061,0.0005,0.0004,0.0077,0.0669,0.0024,0.0067,0.0009,ND,ND,ND,ND,ND,ND,ND,0.0010,ND,0.0016,ND,50.12
8672.50,17,1.24,6.63,28.86,ND,2.6980,1.9899,3.97,0.3255,0.0312,0.0100,0.0098,2.7955,ND,0.0027,0.0024,0.0076,0.0005,0.0004,0.0147,0.0386,0.0019,0.0102,0.0022,ND,ND,ND,ND,ND,ND,0.0006,0.0012,ND,ND,ND,51.36
8673.08,17,1.42,7.38,31.00,ND,1.3316,2.1936,3.46,0.3544,0.0221,0.0107,0.0136,2.9202,ND,0.0035,0.0022,0.0075,0.0008,0.0005,0.0150,0.0326,0.0018,0.0105,0.0019,ND,ND,ND,ND,ND,ND,ND,0.0012,ND,0.0016,ND,49.82
8673.50,17,1.36,5.74,24.11,ND,0.8468,1.4759,13.57,0.2684,0.0263,0.0075,0.0175,2.6449,ND,0.0038,0.0019,0.0046,0.0005,0.0005,0.0106,0.0492,0.0019,0.0083,0.0017,ND,ND,ND,ND,ND,ND,ND,0.0011,ND,0.0016,ND,49.85
8674.00,17,1.60,6.34,25.99,ND,1.5636,1.7855,9.59,0.3007,0.0295,0.0120,0.0154,2.8986,ND,0.0034,0.0023,0.0057,0.0008,0.0005,0.0132,0.0381,0.0016,0.0093,0.0018,0.0004,ND,ND,ND,ND,ND,ND,0.0014,ND,ND,ND,49.80
8674.44,17,1.54,6.08,26.64,ND,1.5714,1.8047,9.05,0.3140,0.0271,0.0124,0.0194,2.8251,ND,0.0030,0.0019,0.0050,0.0004,0.0005,0.0132,0.0523,0.0017,0.0090,0.0020,ND,ND,ND,ND,ND,ND,ND,0.0014,ND,0.0012,ND,50.02
8675.05,17,1.51,4.94,22.04,0.0498,0.7734,1.1511,17.77,0.2520,0.0283,0.0090,0.0234,2.4535,ND,0.0025,0.0012,0.0037,0.0005,0.0003,0.0089,0.0566,0.0018,0.0073,0.0015,ND,ND,ND,ND,ND,ND,ND,0.0009,ND,ND,ND,48.91
8675.50,17,1.15,4.13,21.14,0.0418,0.7424,0.8687,20.45,0.1997,0.0160,0.0084,0.0236,2.3853,ND,0.0018,0.0012,0.0024,0.0004,0.0002,0.0067,0.0625,0.0016,0.0060,0.0011,ND,ND,ND,ND,ND,ND,ND,0.0006,ND,ND,ND,48.75
8676.00,17,1.20,4.62,20.96,ND,1.0095,0.9825,19.77,0.2092,0.0307,0.0094,0.0262,2.5411,ND,0.0025,0.0010,0.0037,0.0007,0.0003,0.0071,0.0599,0.0018,0.0060,0.0013,ND,ND,ND,ND,ND,ND,ND,0.0007,ND,0.0014,ND,48.56
8676.50,17,1.57,5.42,25.36,0.0222,1.4284,1.5571,10.96,0.2953,0.0254,0.0084,0.0173,2.7110,ND,0.0026,0.0015,0.0047,0.0005,0.0004,0.0114,0.0557,0.0017,0.0079,0.0015,ND,ND,ND,ND,ND,ND,ND,0.0011,ND,ND,ND,50.54
8677.09,17,0.66,3.92,18.74,ND,0.5661,0.7126,23.38,0.1841,0.0261,0.0092,0.0199,2.1798,ND,ND,0.0018,0.0041,0.0004,0.0004,0.0061,0.0638,0.0019,0.0056,0.0009,ND,ND,ND,ND,ND,ND,0.0006,0.0008,ND,0.0014,ND,49.51
8677.50,17,1.58,6.56,29.68,0.0397,1.5744,1.9593,4.57,0.3106,0.0248,0.0134,0.0163,2.8363,ND,0.0033,0.0022,0.0078,0.0008,0.0004,0.0140,0.0531,0.0020,0.0095,0.0019,ND,ND,ND,ND,ND,ND,0.0006,0.0011,ND,ND,ND,50.73
8678.00,17,1.53,6.80,30.50,0.0334,1.5524,2.0014,3.82,0.3237,0.0307,0.0117,0.0125,2.8799,ND,0.0043,0.0021,0.0117,0.0006,0.0004,0.0139,0.0504,0.0022,0.0100,0.0018,ND,ND,ND,ND,ND,ND,0.0005,0.0014,ND,0.0010,ND,50.40
8678.50,17,1.25,4.02,19.78,ND,0.7304,0.8243,19.72,0.1954,0.0215,0.0094,0.0212,2.5101,ND,0.0019,0.0011,0.0058,0.0003,0.0002,0.0072,0.0622,0.0020,0.0063,0.0012,ND,ND,ND,ND,ND,ND,ND,0.0011,ND,ND,ND,50.83
8679.09,17,2.25,5.60,22.15,0.0293,0.8511,1.4729,12.16,0.2373,0.0241,0.0067,0.0421,4.4669,ND,0.0018,0.0016,0.0091,0.0005,ND,0.0104,0.0565,0.0020,0.0073,0.0015,ND,ND,ND,ND,ND,ND,ND,0.0009,ND,ND,ND,50.62
8679.50,17,2.17,6.67,26.82,ND,1.9328,2.0514,5.18,0.3302,0.0257,0.0087,0.0192,3.5556,ND,0.0041,0.0019,0.0170,0.0005,0.0003,0.0144,0.0395,0.0020,0.0103,0.0019,ND,ND,ND,ND,ND,ND,0.0006,0.0012,ND,0.0014,ND,51.14
8680.00,17,1.63,6.72,28.33,ND,1.7684,1.9509,5.42,0.3018,0.0272,0.0093,0.0137,2.9086,ND,0.0022,0.0019,0.0085,0.0006,0.0003,0.0134,0.0292,0.0020,0.0098,0.0017,ND,ND,ND,ND,ND,ND,ND,0.0013,ND,ND,ND,50.84
8680.50,17,1.73,7.12,28.91,ND,1.5603,2.1815,3.43,0.3404,0.0333,0.0122,0.0134,2.9364,ND,0.0041,0.0022,0.0222,0.0005,0.0004,0.0147,0.0276,0.0023,0.0117,0.0021,ND,ND,ND,ND,ND,ND,ND,0.0016,ND,0.0012,ND,51.65
8681.09,17,1.81,6.57,28.09,ND,1.6753,1.9597,4.67,0.3273,0.0272,0.0102,0.0185,3.1172,ND,0.0037,0.0023,0.0082,0.0005,0.0004,0.0145,0.0408,0.0021,0.0110,0.0020,ND,ND,ND,ND,ND,ND,0.0006,0.0013,ND,ND,ND,51.64
8681.53,17,1.82,5.56,26.25,ND,1.8281,1.5867,9.17,0.2917,0.0245,0.0088,0.0205,2.8418,ND,0.0024,0.0019,0.0036,0.0004,0.0002,0.0116,0.0445,0.0017,0.0089,0.0018,ND,ND,ND,ND,ND,ND,ND,0.0012,ND,0.0012,ND,50.52
8682.00,17,1.22,2.72,13.85,ND,0.4467,0.4343,26.71,0.1351,ND,0.0071,0.0410,3.0544,ND,0.0020,ND,0.0046,ND,0.0003,0.0039,0.0553,0.0018,0.0041,0.0009,ND,ND,ND,ND,ND,ND,0.0007,0.0008,ND,0.0014,ND,51.31
8682.50,17,2.42,3.44,14.65,ND,0.5491,0.7259,23.33,0.1803,0.0235,0.0055,0.0530,4.6107,ND,0.0019,0.0016,0.0025,0.0003,0.0002,0.0061,0.0579,0.0014,0.0050,0.0012,ND,ND,ND,ND,ND,ND,0.0007,0.0008,ND,0.0014,ND,49.94
8683.04,17,1.88,7.02,29.93,ND,0.8527,2.1123,3.58,0.3342,0.0264,0.0110,0.0169,2.8996,ND,0.0029,0.0021,0.0066,0.0007,0.0004,0.0143,0.0405,0.0019,0.0107,0.0022,ND,ND,ND,ND,ND,ND,ND,0.0012,ND,ND,ND,51.26
8683.50,17,1.58,6.73,29.38,ND,1.1302,2.0673,3.55,0.3404,0.0333,0.0120,0.0158,3.0163,ND,0.0038,0.0023,0.0103,0.0006,0.0003,0.0146,0.0346,0.0021,0.0109,0.0019,ND,ND,ND,ND,ND,ND,ND,0.0014,ND,0.0014,ND,52.06
8684.00,17,1.73,6.70,30.62,ND,1.2951,2.0345,3.12,0.3310,0.0308,0.0078,0.0141,3.0824,ND,0.0032,0.0020,0.0062,0.0006,0.0002,0.0140,0.0472,0.0019,0.0104,0.0021,ND,ND,ND,ND,ND,ND,ND,0.0013,ND,0.0012,ND,50.95
8684.50,17,1.59,6.54,30.97,ND,1.4063,1.9370,3.20,0.3057,0.0295,0.0116,0.0152,2.8260,ND,0.0032,0.0017,0.0125,0.0006,0.0003,0.0134,0.0547,0.0019,0.0102,0.0021,ND,ND,ND,ND,ND,ND,ND,0.0013,ND,0.0011,ND,51.07
8685.04,17,1.67,6.57,29.35,ND,0.9244,1.8489,5.99,0.3163,0.0220,0.0108,0.0174,2.9777,ND,0.0036,0.0025,0.0070,0.0004,0.0003,0.0130,0.0406,0.0021,0.0101,0.0018,ND,ND,ND,ND,ND,ND,ND,0.0015,ND,0.0012,ND,50.22
8685.55,17,1.98,4.88,20.98,0.0469,0.6932,1.1662,15.72,0.2394,0.0324,0.0051,0.0321,3.1559,ND,0.0023,0.0014,0.0038,0.0007,0.0004,0.0088,0.0577,0.0019,0.0072,0.0012,ND,ND,ND,ND,ND,ND,ND,0.0009,ND,0.0011,ND,50.98
8686.00,17,1.44,5.35,23.83,0.0334,0.9505,1.4339,12.56,0.2865,0.0229,0.0100,0.0244,2.9398,ND,0.0029,0.0017,0.0054,0.0005,0.0003,0.0108,0.0557,0.0020,0.0083,0.0013,ND,ND,ND,ND,ND,ND,0.0007,0.0013,ND,0.0011,ND,51.03
8686.50,17,1.98,4.30,18.57,0.0290,1.0679,1.0680,17.96,0.2143,0.0225,0.0058,0.0369,3.7154,ND,0.0019,0.0024,0.0024,0.0007,0.0003,0.0082,0.0507,0.0020,0.0069,0.0014,ND,ND,ND,ND,ND,ND,ND,0.0008,ND,0.0019,ND,50.95
8687.04,17,1.84,6.41,27.30,ND,1.1793,1.7164,8.57,0.3045,0.0241,0.0070,0.0193,3.0091,ND,0.0027,0.0019,0.0049,0.0006,0.0003,0.0123,0.0454,0.0018,0.0095,0.0019,ND,ND,ND,ND,ND,ND,ND,0.0012,ND,0.0013,ND,49.54
8687.50,17,1.77,4.39,18.81,0.0314,0.9383,1.0661,18.35,0.2175,0.0283,0.0070,0.0340,3.5461,ND,0.0023,0.0019,0.0032,0.0007,0.0003,0.0084,0.0640,0.0020,0.0068,0.0009,ND,ND,ND,ND,ND,ND,ND,0.0008,ND,0.0013,ND,50.72
8688.00,17,1.47,4.79,19.87,ND,1.1618,1.1077,17.58,0.2419,0.0187,0.0078,0.0283,3.1919,ND,0.0026,0.0018,0.0037,0.0006,0.0003,0.0090,0.0599,0.0018,0.0072,0.0013,ND,ND,ND,ND,ND,ND,0.0006,0.0012,ND,0.0017,ND,50.44
8688.50,17,2.18,5.73,22.39,0.0248,0.9519,1.6211,12.74,0.2847,0.0249,0.0099,0.0342,3.8439,ND,0.0029,0.0023,0.0030,0.0007,0.0003,0.0114,0.0574,0.0022,0.0084,0.0021,ND,ND,ND,ND,ND,ND,ND,0.0012,ND,0.0014,ND,50.08
8689.04,17,1.80,5.08,22.30,ND,0.7808,1.2317,16.08,0.2463,0.0321,0.0094,0.0251,2.8842,ND,0.0017,0.0018,0.0030,0.0005,0.0003,0.0090,0.0562,0.0019,0.0075,0.0014,ND,ND,ND,ND,ND,ND,ND,0.0012,ND,0.0012,ND,49.45
8689.55,17,1.42,4.37,19.77,ND,1.1491,0.9814,18.53,0.2266,0.0194,ND,0.0259,2.5516,ND,ND,0.0022,0.0041,0.0006,ND,0.0078,0.0641,0.0019,0.0066,0.0015,ND,ND,ND,ND,ND,ND,ND,0.0009,ND,0.0017,ND,50.86
8690.00,17,1.80,6.11,24.14,ND,1.5264,1.7774,9.47,0.3371,0.0268,0.0115,0.0198,3.0809,ND,0.0030,0.0024,0.0046,0.0007,0.0004,0.0134,0.0457,0.0020,0.0106,0.0022,ND,ND,ND,ND,ND,ND,ND,0.0012,ND,0.0012,ND,51.61
8690.50,17,1.65,6.60,25.66,ND,1.8708,1.9866,7.63,0.3469,0.0264,0.0076,0.0171,3.2743,ND,0.0032,0.0023,0.0042,0.0006,0.0004,0.0141,0.0341,0.0019,0.0111,0.0024,ND,ND,ND,ND,ND,0.0013,ND,0.0015,ND,0.0015,ND,50.87
8691.04,17,1.56,3.39,16.65,0.0329,0.6043,0.6300,25.91,0.1715,0.0219,0.0064,0.0275,2.4815,ND,0.0017,0.0037,0.0039,0.0004,0.0003,0.0051,0.0555,0.0020,0.0053,0.0011,ND,ND,ND,ND,ND,ND,ND,0.0008,ND,ND,ND,48.43
8691.50,17,1.81,6.92,28.77,ND,1.3140,2.1517,3.95,0.3513,0.0321,0.0127,0.0148,2.8605,ND,0.0035,0.0027,0.0064,0.0006,0.0003,0.0154,0.0335,0.0018,0.0116,0.0022,ND,ND,ND,0.0029,ND,ND,0.0005,0.0011,ND,0.0010,ND,51.73
8692.04,17,1.83,6.74,26.64,ND,1.3350,2.0507,6.66,0.3110,0.0213,0.0097,0.0233,3.6197,ND,0.0040,0.0018,0.0117,0.0006,0.0002,0.0140,0.0461,0.0021,0.0095,0.0018,ND,ND,ND,ND,ND,0.0014,ND,0.0013,ND,0.0015,ND,50.67
8692.50,17,1.29,5.55,24.39,0.0482,1.6163,1.5730,11.14,0.3195,0.0268,0.0100,0.0179,2.6080,ND,0.0028,0.0022,0.0055,0.0007,0.0004,0.0129,0.0505,0.0022,0.0095,0.0023,ND,ND,ND,ND,ND,ND,ND,0.0013,ND,0.0012,ND,51.32
8693.04,17,1.43,6.98,28.15,ND,2.4354,2.2434,2.94,0.3470,0.0325,0.0116,0.0124,2.8808,ND,0.0044,0.0026,0.0074,0.0007,0.0006,0.0162,0.0302,0.0021,0.0110,0.0021,ND,ND,ND,ND,ND,ND,0.0005,0.0013,ND,0.0012,ND,52.45
8693.51,17,1.54,6.63,27.51,ND,2.0043,1.9183,5.29,0.3209,0.0245,0.0104,0.0144,2.8162,ND,0.0035,0.0026,0.0050,0.0005,0.0004,0.0144,0.0429,0.0019,0.0102,0.0020,ND,ND,ND,ND,ND,ND,ND,0.0016,ND,0.0015,ND,51.84
8694.00,17,1.16,4.16,20.44,ND,0.6144,0.8870,20.05,0.2087,0.0227,0.0057,0.0203,2.2435,ND,0.0027,0.0011,0.0033,0.0005,0.0002,0.0071,0.0578,0.0019,0.0061,0.0011,ND,ND,ND,ND,ND,ND,0.0005,0.0010,ND,0.0019,ND,50.10
8694.50,17,1.12,4.45,20.75,ND,0.6443,1.0039,18.66,0.2325,0.0154,0.0100,0.0185,2.4221,ND,0.0024,0.0022,0.0029,0.0005,0.0004,0.0086,0.0566,0.0019,0.0069,0.0014,ND,ND,ND,ND,ND,ND,ND,0.0012,ND,0.0014,ND,50.57
8695.08,17,0.94,3.52,17.08,0.0328,1.6415,0.7273,23.71,0.2152,0.0268,0.0066,0.0223,2.2744,ND,0.0019,0.0017,0.0028,0.0004,0.0003,0.0067,0.0609,0.0017,0.0060,0.0009,ND,ND,ND,ND,ND,0.0014,ND,0.0008,ND,ND,ND,49.71
8695.49,17,1.24,3.45,16.99,ND,0.5279,0.6570,25.47,0.1844,0.0213,0.0088,0.0216,2.1213,ND,0.0017,0.0015,0.0024,ND,0.0004,0.0058,0.0616,0.0015,0.0058,0.0010,ND,ND,ND,ND,ND,0.0014,ND,0.0010,ND,ND,ND,49.22
8696.00,17,1.36,2.96,15.86,ND,0.5848,0.4638,27.84,0.1522,0.0195,0.0060,0.0257,2.3822,ND,0.0019,0.0013,0.0023,0.0006,0.0005,0.0041,0.0622,0.0018,0.0043,0.0009,ND,ND,ND,ND,ND,ND,ND,0.0005,ND,0.0016,ND,48.27
8696.50,17,1.44,6.76,29.61,0.0279,1.8928,2.1737,1.66,0.3514,0.0350,0.0108,0.0064,2.7450,ND,0.0039,0.0031,0.0174,0.0008,0.0006,0.0169,0.0478,0.0015,0.0110,0.0024,0.0004,ND,ND,ND,ND,ND,0.0006,0.0013,ND,0.0015,ND,53.18
8697.04,17,1.50,7.41,31.39,ND,1.2404,2.3371,1.67,0.3558,0.0375,0.0121,0.0096,2.7373,ND,0.0038,0.0023,0.0122,0.0003,0.0005,0.0162,0.0463,0.0024,0.0107,0.0017,ND,ND,ND,ND,ND,ND,0.0005,0.0014,ND,ND,ND,51.19
8697.50,17,1.67,7.01,30.59,0.0267,1.4715,2.1827,2.40,0.3351,0.0389,0.0105,0.0106,2.8075,ND,0.0042,0.0021,0.0209,0.0007,0.0006,0.0160,0.0501,0.0025,0.0106,0.0023,ND,ND,ND,ND,ND,ND,0.0006,0.0015,ND,ND,ND,51.33
8698.00,17,1.33,5.71,32.32,ND,0.7926,1.5971,4.08,0.3032,0.0213,0.0103,0.0103,2.6048,ND,0.0038,0.0023,0.0268,0.0004,0.0005,0.0116,0.0453,0.0026,0.0086,0.0017,0.0004,ND,ND,ND,ND,ND,ND,0.0012,ND,ND,ND,51.11
8698.50,17,1.16,5.75,32.84,ND,1.0576,1.4750,3.06,0.2794,0.0165,0.0104,0.0075,2.9736,ND,0.0044,0.0022,0.0202,0.0005,0.0005,0.0110,0.0381,0.0020,0.0092,0.0019,ND,ND,ND,ND,ND,ND,ND,0.0010,ND,0.0014,ND,51.28
8699.04,17,1.56,5.32,33.11,0.0236,1.3305,1.3656,3.65,0.3065,0.0160,0.0109,0.0074,2.8662,ND,0.0046,0.0020,0.0122,0.0006,0.0006,0.0100,0.0498,0.0024,0.0090,0.0017,0.0004,ND,ND,ND,ND,0.0012,ND,0.0009,ND,0.0014,ND,50.35
8699.52,17,1.57,5.92,30.01,0.0393,1.5649,1.7267,4.74,0.3338,0.0251,0.0092,0.0113,2.8471,ND,0.0032,0.0017,0.0090,0.0004,0.0004,0.0124,0.0655,0.0021,0.0105,0.0020,ND,ND,ND,ND,ND,ND,ND,0.0014,ND,ND,ND,51.10
8700.00,17,1.35,6.30,29.89,0.0408,1.8199,1.9208,2.99,0.3570,0.0320,0.0103,0.0109,2.8501,ND,0.0039,0.0020,0.0102,ND,0.0004,0.0140,0.0502,0.0022,0.0112,0.0024,ND,ND,ND,ND,ND,ND,ND,0.0015,ND,ND,ND,52.33
8700.46,17,2.04,6.37,28.88,0.0480,1.5170,1.8841,5.49,0.3274,0.0291,0.0119,0.0148,3.3610,ND,0.0034,0.0026,0.0088,0.0006,0.0005,0.0132,0.0563,0.0024,0.0104,0.0020,0.0006,ND,ND,ND,ND,0.0013,ND,0.0018,ND,ND,ND,49.92
8701.04,17,1.61,7.40,30.75,0.0345,1.3810,2.2715,1.94,0.3293,0.0380,0.0102,0.0122,2.8338,ND,0.0045,0.0029,0.0088,0.0004,0.0006,0.0163,0.0501,0.0024,0.0101,0.0020,ND,ND,ND,ND,ND,ND,0.0005,0.0015,ND,0.0011,ND,51.29
8701.50,17,1.14,6.32,32.57,ND,1.0914,1.9146,2.02,0.3212,0.0232,0.0092,0.0131,2.3797,ND,0.0032,0.0021,0.0131,0.0006,0.0005,0.0146,0.0460,0.0022,0.0097,0.0020,ND,ND,ND,ND,ND,0.0014,ND,0.0011,ND,0.0013,0.0006,52.09
8702.03,17,2.13,5.22,27.19,ND,0.9849,1.4266,9.65,0.2567,0.0293,0.0092,0.0243,3.1508,ND,0.0030,0.0019,0.0094,0.0009,0.0004,0.0105,0.0598,0.0025,0.0077,0.0015,ND,ND,ND,ND,ND,ND,ND,0.0013,ND,0.0014,ND,49.82
8702.50,17,1.31,5.29,33.89,ND,1.3244,1.2397,1.94,0.2950,0.0266,0.0087,0.0099,3.4058,ND,0.0056,0.0018,0.0082,0.0006,0.0005,0.0091,0.0346,0.0019,0.0093,0.0018,0.0007,ND,ND,ND,ND,ND,ND,0.0007,ND,ND,ND,51.17
8703.04,17,1.36,4.83,30.08,ND,1.6357,1.1976,6.77,0.2841,0.0162,0.0113,0.0149,2.5016,ND,0.0048,0.0022,0.0118,0.0007,0.0008,0.0092,0.0507,0.0021,0.0089,0.0015,0.0008,ND,ND,ND,ND,ND,ND,0.0010,ND,ND,ND,51.20
8703.50,17,1.63,6.31,31.82,ND,0.9253,1.7642,3.52,0.3275,0.0256,0.0111,0.0137,2.5221,ND,0.0048,0.0028,0.0053,0.0005,0.0006,0.0121,0.0640,0.0025,0.0110,0.0019,ND,ND,ND,ND,ND,ND,0.0005,0.0010,ND,0.0017,ND,51.02
8704.04,17,2.32,4.63,22.54,0.0879,1.0736,1.1948,13.83,0.2276,0.0149,0.0090,0.0277,4.0334,ND,0.0025,0.0019,0.0109,0.0005,0.0003,0.0094,0.0700,0.0025,0.0075,0.0016,ND,ND,ND,ND,ND,ND,ND,0.0015,ND,ND,ND,49.91
8704.48,17,1.73,6.42,32.98,0.0316,1.3483,1.8547,0.87,0.3404,0.0263,0.0134,0.0081,2.8970,ND,0.0035,0.0025,0.0081,0.0005,0.0007,0.0130,0.0576,0.0022,0.0109,0.0022,ND,ND,ND,ND,ND,0.0012,ND,0.0012,ND,ND,ND,51.37
8705.04,17,1.61,6.26,30.61,0.0791,1.0032,1.6896,4.44,0.3292,0.0240,0.0104,0.0156,2.9995,ND,0.0042,0.0035,0.0096,0.0008,0.0008,0.0114,0.1071,0.0030,0.0116,0.0016,ND,ND,ND,ND,ND,ND,0.0006,0.0014,ND,0.0025,ND,50.77
8705.50,17,1.80,5.57,29.93,0.1086,1.4708,1.5031,5.45,0.2980,0.0281,0.0125,0.0142,2.6983,ND,0.0047,0.0022,0.0102,0.0004,0.0006,0.0108,0.0867,0.0029,0.0099,0.0018,ND,ND,ND,ND,ND,ND,ND,0.0011,ND,ND,ND,50.98
8706.00,17,1.70,6.01,31.75,0.0555,1.7307,1.6570,2.60,0.3103,0.0309,0.0140,0.0110,2.9468,ND,0.0060,0.0025,0.0110,0.0009,0.0008,0.0114,0.0560,0.0026,0.0103,0.0017,ND,ND,ND,ND,ND,ND,ND,0.0011,ND,ND,ND,51.08
8706.50,17,1.58,5.75,33.76,0.0555,1.7731,1.6516,1.18,0.3054,0.0314,0.0091,0.0091,2.5767,ND,0.0027,0.0021,0.0072,0.0006,0.0004,0.0115,0.0858,0.0020,0.0103,0.0020,ND,ND,ND,ND,ND,ND,ND,0.0008,ND,0.0017,ND,51.19
8707.11,17,1.36,6.77,30.28,0.0406,2.4052,2.1285,0.61,0.3821,0.0325,0.0123,0.0085,3.0962,ND,0.0045,0.0024,0.0119,0.0006,0.0004,0.0151,0.0943,0.0022,0.0124,0.0024,ND,ND,ND,ND,ND,0.0015,ND,0.0014,ND,0.0012,ND,52.72
8707.52,17,1.60,5.76,34.02,ND,1.6899,1.6541,0.69,0.3354,0.0286,0.0087,0.0074,2.7971,ND,0.0047,0.0026,0.0741,0.0008,0.0009,0.0114,0.1297,0.0022,0.0115,0.0020,ND,ND,ND,ND,ND,ND,0.0005,0.0009,ND,0.0024,ND,51.17
8708.00,17,1.08,4.88,36.36,ND,1.2854,1.1844,1.95,0.2544,0.0454,0.0064,0.0096,2.6696,ND,0.0041,0.0026,0.0368,0.0007,0.0006,0.0082,0.1707,0.0019,0.0100,0.0016,0.0005,ND,ND,ND,ND,ND,ND,0.0009,ND,0.0024,ND,50.03
8708.50,17,1.32,4.85,37.09,ND,1.0131,1.1405,0.44,0.2678,0.0211,0.0120,0.0074,2.8201,ND,0.0065,0.0028,0.0182,ND,0.0008,0.0084,0.0539,0.0016,0.0087,0.0015,0.0006,ND,ND,ND,ND,ND,0.0005,0.0011,ND,0.0011,0.0006,50.92
8709.04,17,1.29,3.60,34.51,ND,0.6329,0.6927,6.25,0.2352,0.0428,ND,0.0087,2.8457,ND,0.0041,0.0013,0.0140,0.0010,0.0006,0.0052,0.3019,0.0017,0.0115,0.0012,ND,ND,ND,ND,ND,ND,ND,ND,ND,0.0049,ND,49.55
8709.50,17,1.37,3.95,33.74,ND,0.8313,0.8270,6.44,0.2454,0.0387,0.0059,0.0093,2.7241,ND,0.0066,0.0022,0.0516,0.0009,0.0006,0.0062,0.2383,0.0017,0.0112,0.0011,ND,ND,ND,ND,ND,ND,ND,0.0007,ND,0.0038,ND,49.49
8710.00,17,1.19,3.56,37.00,ND,0.6719,0.8161,3.43,0.2086,0.0182,0.0117,0.0084,2.3428,ND,0.0051,0.0023,0.0295,0.0006,0.0005,0.0064,0.0390,0.0013,0.0072,0.0012,0.0005,ND,ND,ND,ND,ND,ND,0.0009,ND,ND,ND,50.65
8710.52,17,0.99,5.04,35.93,ND,1.5416,1.3097,0.99,0.2649,0.0286,0.0098,0.0103,2.4862,ND,0.0058,0.0024,0.0257,0.0006,0.0007,0.0092,0.0419,0.0015,0.0088,0.0015,0.0012,ND,ND,ND,ND,ND,ND,0.0012,ND,ND,0.0005,51.31
8711.04,17,1.67,7.47,32.80,ND,0.9567,2.2970,0.82,0.3627,0.0262,0.0101,0.0130,2.6287,ND,0.0057,0.0026,0.0138,0.0005,0.0005,0.0151,0.0425,0.0024,0.0120,0.0018,ND,ND,ND,ND,ND,0.0013,ND,0.0014,ND,ND,0.0006,50.85
8711.04,17,2.26,6.41,29.34,ND,1.2535,1.9613,3.72,0.3225,0.0301,0.0111,0.0141,3.3747,ND,0.0045,0.0024,0.0056,0.0005,0.0006,0.0135,0.0463,0.0030,0.0107,0.0019,ND,ND,ND,ND,ND,ND,ND,0.0015,ND,0.0010,ND,51.23
8712.00,17,1.86,6.74,32.97,ND,2.1256,2.2073,0.22,0.3296,0.0278,0.0110,0.0075,2.5924,ND,0.0027,0.0017,0.0034,0.0004,0.0004,0.0158,0.0524,0.0022,0.0106,0.0022,ND,ND,ND,ND,ND,0.0013,ND,0.0013,ND,0.0010,ND,50.82
8712.52,17,1.61,6.34,29.08,0.0387,1.1846,1.7615,5.95,0.3323,0.0330,0.0115,0.0120,2.8075,ND,0.0045,0.0027,0.0017,0.0004,0.0005,0.0126,0.0518,0.0031,0.0105,0.0018,0.0004,ND,ND,ND,ND,ND,ND,0.0016,ND,ND,ND,50.75
8713.04,17,2.29,7.58,27.32,0.0283,0.9820,2.2434,3.98,0.3679,0.0302,0.0108,0.0165,3.7610,ND,0.0047,0.0034,0.0022,0.0008,0.0005,0.0147,0.0365,0.0028,0.0120,0.0023,ND,ND,ND,ND,ND,0.0012,ND,0.0016,ND,0.0016,ND,51.31
8713.50,17,1.68,7.67,29.02,0.0315,1.0576,2.4393,3.53,0.3609,0.0392,0.0116,0.0133,2.7559,ND,0.0035,0.0021,0.0017,0.0007,0.0003,0.0167,0.0436,0.0023,0.0113,0.0020,ND,ND,ND,ND,ND,0.0011,ND,0.0015,ND,0.0014,ND,51.31
8714.00,17,1.58,5.56,21.27,0.0307,1.4628,1.4753,14.67,0.2618,0.0358,0.0077,0.0212,3.3652,ND,0.0028,0.0020,0.0019,0.0008,0.0002,0.0112,0.0729,0.0024,0.0083,0.0018,ND,ND,ND,ND,ND,ND,0.0008,0.0011,ND,0.0014,ND,50.15
8714.50,17,1.79,5.99,22.11,0.0333,0.9571,1.5874,14.02,0.2859,0.0232,0.0103,0.0177,2.7540,ND,0.0018,0.0023,0.0018,0.0007,ND,0.0114,0.0701,0.0021,0.0088,0.0020,ND,ND,ND,ND,ND,ND,0.0006,0.0010,ND,0.0015,ND,50.32
8715.04,17,1.84,4.87,18.36,ND,0.6054,1.1787,19.72,0.2551,0.0247,0.0060,0.0226,2.6821,ND,ND,0.0015,0.0018,0.0006,0.0002,0.0088,0.0729,0.0020,0.0078,0.0013,ND,ND,ND,ND,ND,0.0012,0.0006,0.0005,ND,ND,ND,50.33
8715.50,17,1.73,5.68,20.74,0.0360,0.6553,1.3833,16.05,0.2885,0.0257,0.0090,0.0236,3.6916,ND,ND,0.0018,0.0016,0.0003,0.0002,0.0101,0.0820,0.0018,0.0085,0.0016,ND,ND,ND,ND,ND,ND,0.0007,0.0008,ND,0.0014,ND,49.58
8716.00,17,1.74,6.05,22.05,0.0367,1.2387,1.5970,14.01,0.2979,0.0259,0.0066,0.0202,2.9122,ND,0.0029,0.0021,0.0020,0.0005,ND,0.0115,0.0772,0.0022,0.0088,0.0017,ND,ND,ND,ND,ND,ND,ND,0.0012,ND,0.0015,ND,49.90
8716.48,17,1.82,7.80,26.82,ND,1.6856,2.4336,4.54,0.3706,0.0315,0.0099,0.0165,3.2544,ND,0.0049,0.0031,0.0022,0.0009,0.0003,0.0167,0.0355,0.0024,0.0119,0.0022,ND,ND,ND,ND,ND,ND,ND,0.0022,ND,0.0015,ND,51.13
8717.04,17,1.56,6.91,32.21,0.0295,1.6092,2.2101,1.76,0.3583,0.0285,0.0077,0.0108,2.4012,ND,0.0036,0.0019,0.0023,0.0005,0.0005,0.0156,0.0450,0.0024,0.0110,0.0019,ND,ND,ND,ND,ND,ND,ND,0.0015,ND,0.0013,ND,50.81
8717.52,17,1.68,6.91,31.49,ND,1.9345,2.0747,1.10,0.3733,0.0234,0.0148,0.0211,3.1295,ND,0.0093,0.0040,0.0136,0.0003,0.0010,0.0128,0.0480,0.0018,0.0125,0.0022,ND,ND,ND,ND,ND,ND,ND,0.0016,ND,ND,ND,51.14
8718.00,17,1.77,6.70,29.10,ND,1.5254,1.9087,2.79,0.3145,0.0255,0.0161,0.0243,3.8691,ND,0.0122,0.0044,0.0223,0.0006,0.0012,0.0121,0.0438,0.0017,0.0098,0.0021,ND,ND,ND,ND,ND,0.0015,ND,0.0019,ND,0.0013,ND,51.84
8718.50,17,1.37,6.87,31.40,ND,1.5750,1.9827,1.15,0.3858,0.0258,0.0169,0.0192,3.0776,ND,0.0092,0.0063,0.0157,0.0006,0.0011,0.0126,0.0436,0.0018,0.0123,0.0020,ND,ND,ND,ND,ND,ND,0.0006,0.0015,ND,ND,ND,52.01
8719.04,17,1.65,7.87,32.17,ND,0.9430,2.3035,0.09,0.3852,0.0362,0.0190,0.0175,2.8587,ND,0.0080,0.0032,0.0209,0.0004,0.0007,0.0133,0.0300,0.0017,0.0124,0.0022,ND,ND,ND,ND,ND,ND,ND,0.0018,ND,ND,0.0005,51.56
8719.50,17,1.75,6.42,29.54,ND,1.2918,1.8227,4.62,0.2937,0.0227,0.0116,0.0297,3.2905,ND,0.0072,0.0041,0.0089,0.0005,0.0009,0.0127,0.0383,0.0027,0.0091,0.0020,ND,ND,ND,ND,ND,ND,ND,0.0014,ND,0.0010,ND,50.82
8720.00,17,1.73,6.81,27.37,ND,1.7002,1.9115,4.88,0.3255,0.0242,0.0111,0.0394,3.9324,ND,0.0089,0.0046,0.0115,0.0005,0.0008,0.0122,0.0417,0.0029,0.0101,0.0018,ND,ND,ND,ND,ND,ND,0.0006,0.0016,ND,0.0013,ND,51.18
8720.50,17,1.59,7.06,32.66,ND,1.4011,2.1164,0.29,0.3823,0.0291,0.0156,0.0205,3.0316,ND,0.0057,0.0044,0.0144,0.0007,0.0009,0.0132,0.0509,0.0018,0.0125,0.0027,ND,ND,ND,ND,ND,ND,0.0005,0.0012,ND,0.0016,ND,51.29
8721.04,17,1.80,6.94,33.83,ND,1.0252,1.9253,0.21,0.3517,0.0358,0.0171,0.0212,2.7907,ND,0.0127,0.0045,0.0227,0.0005,0.0013,0.0118,0.0271,0.0017,0.0118,0.0020,ND,ND,ND,ND,ND,ND,ND,0.0018,ND,0.0011,ND,50.95
8721.50,17,1.73,6.24,33.73,ND,1.2381,1.7078,0.70,0.3358,0.0276,0.0171,0.0155,3.0876,ND,0.0133,0.0119,0.0428,0.0007,0.0019,0.0104,0.0331,0.0019,0.0120,0.0023,0.0005,ND,ND,ND,ND,0.0017,ND,0.0015,ND,ND,ND,51.03
8722.00,17,1.63,6.79,33.64,ND,1.0947,1.7972,0.73,0.3547,0.0324,0.0128,0.0196,3.0371,ND,0.0073,0.0041,0.0138,0.0005,0.0014,0.0111,0.0300,0.0019,0.0130,0.0020,0.0003,ND,ND,ND,ND,ND,0.0006,0.0014,ND,0.0014,ND,50.78
8722.48,17,1.80,6.62,32.62,ND,1.2319,1.6331,2.03,0.3878,0.0272,0.0155,0.0198,3.0964,ND,0.0069,0.0031,0.0146,0.0007,0.0013,0.0095,0.0508,0.0025,0.0167,0.0019,ND,ND,ND,ND,ND,ND,ND,0.0013,ND,0.0015,ND,50.40
8723.07,17,1.59,6.80,32.86,ND,2.0572,1.6900,1.25,0.3747,0.0247,0.0160,0.0151,3.3754,ND,0.0078,0.0034,0.0069,0.0010,0.0015,0.0098,0.0446,0.0024,0.0154,0.0020,0.0005,ND,ND,ND,ND,ND,ND,0.0014,ND,ND,0.0007,49.86
8723.50,17,1.60,8.41,30.93,ND,0.9766,2.5390,ND,0.4171,0.0420,0.0177,0.0153,3.2231,ND,0.0079,0.0046,0.0130,0.0006,0.0013,0.0147,0.0293,0.0022,0.0141,0.0026,ND,ND,ND,ND,ND,0.0015,ND,0.0020,ND,0.0013,0.0007,51.74
8724.00,17,1.68,6.82,33.78,ND,0.8906,2.0219,0.24,0.3603,0.0301,0.0215,0.0161,2.7687,ND,0.0120,0.0038,0.0336,0.0009,0.0021,0.0118,0.0179,0.0019,0.0131,0.0020,ND,ND,ND,ND,ND,ND,0.0005,0.0016,ND,0.0011,ND,51.25
8724.50,17,1.42,7.04,31.21,ND,1.6535,1.9888,0.52,0.3662,0.0327,0.0194,0.0157,3.2798,ND,0.0105,0.0052,0.0235,0.0009,0.0017,0.0122,0.0351,0.0020,0.0128,0.0022,0.0004,ND,ND,ND,ND,ND,ND,0.0019,ND,0.0013,ND,52.34
8725.04,17,1.55,6.68,31.85,ND,1.5492,1.8474,1.37,0.3501,0.0283,0.0217,0.0167,2.9024,ND,0.0110,0.0039,0.0251,0.0007,0.0017,0.0106,0.0289,0.0021,0.0129,0.0021,ND,ND,ND,ND,ND,ND,ND,0.0015,ND,ND,0.0006,51.74
8725.50,17,1.46,6.88,31.95,ND,1.4765,1.8466,0.92,0.3838,0.0306,0.0176,0.0201,2.8680,ND,0.0095,0.0045,0.0373,0.0007,0.0016,0.0106,0.0292,0.0020,0.0152,0.0022,ND,ND,ND,ND,ND,0.0015,ND,0.0017,ND,0.0013,ND,52.03
8726.00,17,1.67,5.76,21.50,ND,2.6319,1.4599,11.03,0.3261,0.0239,0.0127,0.0278,3.4643,ND,0.0054,0.0039,0.0059,0.0009,0.0010,0.0093,0.0471,0.0032,0.0105,0.0018,0.0005,ND,ND,ND,ND,ND,0.0006,0.0013,ND,0.0018,ND,52.00
8726.50,17,1.71,5.08,19.16,ND,1.8657,1.0926,16.58,0.2584,0.0271,0.0080,0.0330,3.2954,ND,0.0049,0.0026,0.0023,0.0007,0.0007,0.0066,0.0779,0.0032,0.0090,0.0016,ND,ND,ND,ND,ND,ND,ND,0.0010,ND,0.0012,ND,50.77
8727.04,17,1.72,8.10,29.43,ND,1.2629,2.1717,1.81,0.4362,0.0320,0.0177,0.0236,3.4669,ND,0.0080,0.0040,0.0080,0.0009,0.0020,0.0116,0.0273,0.0021,0.0174,0.0027,ND,ND,ND,ND,ND,ND,ND,0.0015,ND,0.0013,0.0005,51.44
8727.50,17,1.70,8.52,28.91,ND,2.0099,2.6345,0.23,0.4477,0.0422,0.0227,0.0217,3.6051,ND,0.0119,0.0065,0.0109,0.0009,0.0022,0.0151,0.0362,0.0018,0.0154,0.0030,ND,ND,ND,ND,ND,ND,ND,0.0021,ND,ND,0.0007,51.75
8727.95,17,1.76,9.06,29.69,ND,1.1629,2.6301,0.85,0.4665,0.0346,0.0364,0.0165,3.4728,ND,0.0095,0.0048,0.0036,0.0009,0.0024,0.0139,0.0241,0.0026,0.0151,0.0026,ND,ND,ND,ND,ND,ND,ND,0.0020,ND,ND,0.0008,50.74
8728.51,17,2.07,6.89,20.52,0.1972,2.1326,1.7812,9.52,0.2966,0.0360,0.0204,0.0256,3.2085,ND,0.0059,0.0033,0.0025,0.0010,0.0011,0.0120,0.0504,0.0045,0.0097,0.0018,0.0006,ND,ND,ND,ND,ND,0.0006,0.0013,ND,0.0014,0.0018,53.21
8729.04,17,2.36,6.02,19.98,ND,0.6633,1.4748,13.92,0.2656,0.0261,0.0078,0.0444,3.6334,ND,0.0026,0.0023,0.0019,0.0009,0.0005,0.0096,0.0536,0.0019,0.0077,0.0017,ND,ND,ND,ND,ND,ND,ND,0.0008,ND,0.0016,ND,51.51
8729.50,17,3.04,3.89,12.50,ND,0.5034,0.6584,22.88,0.1686,0.0177,ND,0.0608,4.4778,ND,0.0025,0.0017,0.0013,0.0005,0.0003,0.0049,0.0726,0.0013,0.0050,0.0009,ND,ND,ND,ND,ND,ND,ND,0.0006,ND,0.0014,ND,51.70
8730.00,17,4.00,3.08,9.35,ND,0.3151,0.5281,24.05,0.1333,0.0192,ND,0.0733,5.5266,ND,ND,0.0012,0.0014,ND,ND,0.0037,0.0613,0.0010,0.0041,0.0009,ND,ND,ND,ND,ND,ND,ND,0.0009,ND,ND,ND,52.85
8730.50,17,4.40,2.44,6.77,ND,0.2242,0.3632,26.71,0.1090,0.0151,ND,0.0722,5.5527,ND,ND,0.0012,0.0013,ND,ND,0.0029,0.0551,0.0009,0.0033,0.0006,ND,ND,ND,ND,ND,ND,ND,ND,ND,0.0013,ND,53.28
8731.04,17,4.45,2.01,6.06,ND,0.2275,0.3444,26.16,0.1004,ND,ND,0.0797,6.1432,ND,ND,0.0014,0.0014,0.0004,ND,0.0029,0.0451,0.0008,0.0032,ND,ND,ND,ND,ND,ND,ND,ND,ND,ND,0.0014,ND,54.37
8731.51,17,5.88,2.54,7.73,ND,0.2660,0.4429,22.81,0.0956,0.0141,ND,0.0915,6.8763,ND,ND,0.0017,0.0015,0.0005,0.0002,0.0035,0.0407,0.0007,0.0033,ND,ND,ND,ND,ND,ND,ND,ND,ND,ND,0.0017,ND,53.20
8732.00,17,4.35,3.49,11.41,ND,0.5123,0.6188,22.20,0.1430,0.0194,ND,0.0760,5.6888,ND,ND,0.0018,0.0017,0.0005,0.0003,0.0045,0.0597,0.0012,0.0037,0.0010,ND,ND,ND,ND,ND,ND,ND,ND,ND,ND,ND,51.42
8732.50,17,3.39,3.36,12.63,ND,0.6248,0.6342,21.44,0.1516,0.0174,ND,0.0756,5.0145,ND,0.0024,0.0018,0.0012,0.0005,ND,0.0047,0.0640,0.0012,0.0040,0.0008,ND,ND,ND,ND,ND,ND,ND,0.0005,ND,0.0012,ND,52.58
8733.04,17,2.45,7.56,26.76,ND,1.7081,2.1829,5.06,0.3289,0.0339,0.0079,0.0522,3.4912,ND,0.0066,0.0034,0.0024,0.0007,0.0005,0.0142,0.0445,0.0013,0.0087,0.0017,ND,ND,ND,ND,ND,ND,ND,0.0013,ND,0.0012,ND,50.28
8733.50,17,1.91,7.31,29.24,0.1341,1.7731,2.2092,2.04,0.3832,0.0295,0.0281,0.0209,3.7191,ND,0.0154,0.0047,0.0480,0.0016,0.0027,0.0122,0.0292,0.0028,0.0127,0.0027,0.0008,ND,ND,ND,ND,ND,0.0005,0.0020,ND,0.0013,0.0011,51.07
8734.00,17,1.71,6.83,33.57,ND,1.5711,1.9267,0.37,0.3401,0.0248,0.0174,0.0208,3.0200,ND,0.0126,0.0044,0.0140,0.0009,0.0022,0.0114,0.0272,0.0011,0.0107,0.0018,ND,ND,ND,ND,ND,ND,ND,0.0021,ND,0.0009,ND,50.51
8734.53,17,1.53,3.66,17.06,ND,1.2383,0.6433,23.20,0.2027,0.0271,0.0121,0.0282,3.1118,ND,0.0049,0.0032,0.0066,0.0010,0.0013,0.0050,0.0747,0.0028,0.0064,0.0010,ND,ND,ND,ND,ND,ND,ND,0.0011,ND,0.0014,ND,49.18
8735.04,17,1.26,6.95,31.71,0.2614,1.2836,2.0199,0.21,0.3546,0.0261,0.0281,0.0137,2.5579,ND,0.0145,0.0050,0.0236,0.0007,0.0019,0.0120,0.0240,0.0013,0.0123,0.0020,ND,ND,ND,0.0027,ND,0.0012,ND,0.0018,ND,ND,0.0005,53.23
8735.49,17,1.75,7.62,32.07,ND,1.6348,2.3775,0.04,0.3841,0.0396,0.0246,0.0159,2.8745,ND,0.0090,0.0035,0.0186,0.0009,0.0019,0.0135,0.0506,0.0016,0.0133,0.0027,0.0003,ND,ND,ND,ND,ND,ND,0.0018,ND,ND,ND,51.05
8736.04,17,1.84,7.12,30.43,ND,2.0449,2.0819,2.04,0.3602,0.0335,0.0163,0.0251,3.1845,ND,0.0088,0.0044,0.0163,0.0010,0.0017,0.0120,0.0299,0.0019,0.0125,0.0021,ND,ND,ND,ND,ND,ND,ND,0.0019,ND,0.0010,ND,50.73
8736.50,17,1.60,7.15,31.82,ND,1.5607,2.0251,1.74,0.3714,0.0345,0.0155,0.0213,3.2591,ND,0.0075,0.0044,0.0194,0.0011,0.0019,0.0111,0.0293,0.0017,0.0131,0.0023,0.0005,ND,ND,ND,ND,ND,ND,0.0021,ND,0.0011,ND,50.31
8737.06,17,1.84,7.46,32.03,ND,1.1535,2.1148,0.85,0.3873,0.0375,0.0218,0.0162,2.5499,ND,0.0095,0.0039,0.0446,0.0008,0.0025,0.0120,0.0376,0.0017,0.0151,0.0023,ND,ND,ND,ND,ND,ND,ND,0.0015,ND,ND,ND,51.40
8737.54,17,1.76,7.73,32.95,ND,1.1536,2.1681,0.41,0.3884,0.0417,0.0199,0.0160,2.8480,ND,0.0097,0.0036,0.0284,0.0010,0.0022,0.0119,0.0247,0.0018,0.0141,0.0023,0.0003,ND,ND,ND,ND,ND,ND,0.0014,ND,0.0011,0.0005,50.41
8738.00,17,0.60,0.20,38.52,ND,0.6253,ND,6.96,0.0392,ND,ND,0.0041,0.5993,ND,ND,0.0009,0.0004,ND,ND,ND,0.0374,0.0006,0.0016,ND,ND,ND,ND,ND,ND,ND,ND,0.0005,ND,ND,0.0005,52.41
8738.51,17,1.95,7.02,27.23,ND,1.2443,1.8675,6.07,0.3507,0.0237,0.0176,0.0289,3.4636,ND,0.0075,0.0041,0.0098,0.0009,0.0012,0.0119,0.0320,0.0020,0.0103,0.0020,ND,ND,ND,ND,ND,ND,0.0007,0.0014,ND,0.0011,ND,50.65
8739.08,17,1.71,5.81,23.78,0.0415,3.2059,1.5855,8.93,0.3300,0.0256,0.0250,0.0209,3.6657,ND,0.0115,0.0042,0.0148,0.0011,0.0025,0.0095,0.0327,0.0014,0.0099,0.0019,0.0007,ND,ND,ND,ND,ND,0.0006,0.0017,ND,0.0014,0.0006,50.77
8739.50,17,1.57,4.59,25.75,0.0533,1.1775,1.0326,11.68,0.2698,0.0251,0.0193,0.0248,2.9592,ND,0.0085,0.0038,0.0100,0.0007,0.0016,0.0063,0.0341,0.0015,0.0083,0.0014,ND,ND,ND,ND,ND,ND,ND,0.0013,ND,0.0011,ND,50.77
8740.01,17,ND,0.56,10.36,0.1804,1.1175,ND,35.60,0.0563,0.0155,ND,0.0330,2.6910,ND,ND,0.0014,0.0027,0.0006,0.0015,0.0002,0.0782,0.0030,0.0025,ND,0.0005,ND,ND,ND,ND,0.0013,ND,0.0007,ND,0.0026,ND,49.29
8740.53,17,1.71,4.49,26.86,0.1043,2.0202,0.8939,11.17,0.2235,0.0259,0.0155,0.0165,3.3320,ND,0.0078,0.0044,0.1592,0.0011,0.0024,0.0059,0.0267,0.0025,0.0074,0.0014,0.0007,ND,ND,ND,ND,ND,ND,0.0015,ND,0.0011,0.0006,48.93
8741.04,17,1.77,7.62,31.25,ND,1.5562,2.3024,ND,0.3808,0.0494,0.0229,0.0142,3.3213,ND,0.0112,0.0053,0.0162,0.0011,0.0027,0.0140,0.0232,0.0009,0.0115,0.0023,0.0026,ND,ND,ND,ND,ND,ND,0.0021,ND,0.0011,ND,51.62
8741.50,17,1.61,6.77,31.84,ND,1.9344,1.9756,1.13,0.3311,0.0386,0.0242,0.0180,3.2102,ND,0.0116,0.0050,0.0099,0.0010,0.0034,0.0121,0.0274,0.0010,0.0112,0.0021,0.0012,ND,ND,ND,ND,ND,ND,0.0024,ND,0.0014,ND,51.03
8742.03,17,0.89,1.05,12.79,0.0626,1.8499,ND,32.27,0.0762,ND,0.0081,0.0275,3.6504,ND,0.0022,0.0019,0.0090,0.0013,0.0015,0.0003,0.1096,0.0024,0.0043,ND,0.0007,ND,ND,ND,ND,ND,ND,0.0005,ND,0.0022,ND,47.20
8742.49,17,1.23,6.04,28.94,0.0608,1.3588,1.6317,6.27,0.3298,0.0245,0.0150,0.0237,3.2553,ND,0.0081,0.0038,0.0144,0.0009,0.0017,0.0100,0.0272,0.0012,0.0100,0.0016,0.0006,ND,ND,ND,ND,ND,0.0006,0.0018,ND,0.0010,ND,50.75
8743.04,17,1.43,7.32,33.21,ND,1.0428,2.2218,0.39,0.3714,0.0367,0.0224,0.0129,2.6442,ND,0.0109,0.0042,0.0155,0.0008,0.0021,0.0126,0.0263,0.0008,0.0118,0.0025,ND,ND,ND,ND,ND,ND,0.0005,0.0017,ND,0.0010,ND,51.20
8743.50,17,1.67,7.26,31.24,ND,1.5860,2.1108,1.10,0.3467,0.0458,0.0208,0.0123,2.9602,ND,0.0151,0.0056,0.0350,0.0014,0.0029,0.0122,0.0194,0.0010,0.0116,0.0019,0.0023,ND,ND,ND,ND,ND,ND,0.0018,ND,0.0012,0.0008,51.54
8744.00,17,2.09,7.07,26.29,ND,1.8451,2.0333,4.58,0.3757,0.0346,0.0190,0.0293,3.4014,ND,0.0092,0.0029,0.0019,0.0009,0.0018,0.0124,0.0221,0.0012,0.0107,0.0024,ND,ND,ND,ND,ND,ND,0.0005,0.0019,ND,0.0013,ND,52.16
8744.50,17,6.05,1.34,5.69,ND,0.2502,0.1608,25.09,0.0689,0.0140,ND,0.0995,6.7608,ND,ND,0.0012,0.0007,0.0004,0.0005,0.0014,0.0350,0.0008,0.0023,ND,ND,ND,ND,ND,ND,ND,ND,ND,ND,ND,ND,54.43
8745.04,17,5.96,1.11,4.90,ND,0.3125,0.1204,26.54,0.0650,0.0232,ND,0.0967,6.4708,ND,ND,0.0014,0.0014,0.0005,ND,0.0011,0.0369,0.0010,0.0022,ND,ND,ND,ND,ND,ND,ND,ND,ND,ND,ND,ND,54.36
8745.50,17,4.47,2.61,14.79,ND,0.5873,0.4480,19.64,0.0978,0.0207,0.0052,0.1042,6.6103,ND,0.0019,0.0014,0.0012,0.0003,0.0004,0.0029,0.0360,0.0023,0.0033,0.0006,ND,ND,ND,ND,ND,ND,ND,0.0006,ND,ND,ND,50.57
8746.00,17,1.89,8.93,29.94,ND,1.5496,2.9542,ND,0.4269,0.0411,0.0227,0.0155,3.3067,ND,0.0090,0.0042,0.0089,0.0011,0.0018,0.0155,0.0358,0.0017,0.0129,0.0027,0.0004,ND,ND,ND,ND,0.0012,ND,0.0023,ND,0.0011,ND,50.83
8746.50,17,1.67,7.64,26.74,0.2029,3.3892,2.3287,2.62,0.3878,0.0286,0.0299,0.0239,4.5317,ND,0.0126,0.0054,0.0295,0.0015,0.0031,0.0133,0.0206,0.0019,0.0128,0.0026,0.0007,ND,ND,ND,ND,ND,0.0006,0.0026,ND,0.0017,0.0006,50.29
8747.04,17,1.69,0.63,3.20,0.2759,0.4098,ND,39.08,0.0728,0.0174,ND,0.0187,1.1051,ND,ND,ND,0.0013,ND,ND,0.0004,0.0602,0.0023,0.0025,ND,ND,ND,ND,ND,ND,ND,ND,0.0006,ND,0.0016,ND,53.42
8747.50,17,1.60,6.43,33.23,ND,1.7234,1.8866,0.59,0.3346,0.0308,0.0156,0.0204,2.5236,ND,0.0086,0.0037,0.0169,0.0006,0.0012,0.0111,0.0242,0.0013,0.0112,0.0020,ND,ND,ND,ND,ND,ND,ND,0.0017,ND,ND,ND,51.53
8748.00,17,1.66,6.05,35.80,ND,1.0484,1.7006,0.71,0.3130,0.0289,0.0234,0.0154,2.3216,ND,0.0114,0.0042,0.0059,0.0007,0.0015,0.0096,0.0161,0.0017,0.0099,0.0020,ND,ND,ND,ND,ND,ND,ND,0.0012,ND,0.0011,ND,50.26
8748.50,17,1.63,7.10,33.45,ND,1.4044,2.1972,0.37,0.3905,0.0248,0.0208,0.0148,3.0892,ND,0.0107,0.0046,0.0170,0.0007,0.0015,0.0125,0.0230,0.0014,0.0121,0.0023,ND,ND,ND,ND,ND,ND,ND,0.0025,ND,0.0012,ND,50.21
8749.04,17,1.51,4.32,26.09,ND,1.6706,0.8243,11.16,0.2204,0.0242,0.0125,0.0143,2.6808,ND,0.0035,0.0033,0.0066,0.0004,0.0010,0.0062,0.0428,0.0019,0.0069,0.0012,ND,ND,ND,ND,ND,ND,ND,0.0016,ND,0.0011,ND,51.40
8749.50,17,1.54,8.58,29.74,ND,2.6006,2.7864,0.36,0.4148,0.0383,0.0157,0.0242,4.2218,ND,0.0067,0.0048,0.0040,0.0007,0.0011,0.0156,0.0411,0.0015,0.0131,0.0029,ND,ND,ND,ND,ND,0.0014,0.0006,0.0026,ND,0.0011,ND,49.58
8750.00,17,1.76,2.97,22.73,ND,1.0246,0.5685,16.55,0.1612,0.0257,0.0095,0.0269,3.0543,ND,0.0044,0.0023,0.0015,0.0004,0.0007,0.0046,0.0397,0.0023,0.0057,0.0008,ND,ND,ND,ND,ND,ND,ND,0.0011,ND,ND,ND,51.05
8750.52,17,1.41,6.70,32.99,ND,1.7428,1.9664,0.41,0.3371,0.0321,0.0174,0.0138,3.0666,ND,0.0091,0.0048,0.0085,0.0008,0.0022,0.0116,0.0262,0.0014,0.0108,0.0018,ND,ND,ND,ND,ND,ND,0.0005,0.0019,ND,ND,ND,51.23
8751.04,17,1.71,6.71,33.90,ND,1.2770,1.8634,1.55,0.3512,0.0296,0.0135,0.0215,3.2193,ND,0.0085,0.0035,0.0141,0.0010,0.0015,0.0104,0.0383,0.0015,0.0117,0.0020,ND,ND,ND,ND,ND,ND,ND,0.0017,ND,0.0011,ND,49.26
8751.50,17,1.25,6.53,34.18,ND,1.3770,1.8322,1.69,0.3731,0.0319,0.0107,0.0240,3.2269,ND,0.0056,0.0035,0.0162,0.0011,0.0012,0.0106,0.0294,0.0018,0.0124,0.0022,0.0006,ND,ND,ND,ND,0.0014,ND,0.0018,ND,0.0009,ND,49.38
8752.00,17,1.61,7.24,32.60,ND,1.5516,2.1890,ND,0.3724,0.0349,0.0215,0.0128,3.3161,ND,0.0103,0.0041,0.0356,0.0009,0.0021,0.0122,0.0273,0.0020,0.0122,0.0022,0.0004,ND,ND,ND,ND,ND,ND,0.0019,0,ND,ND,50.94
8752.50,17,1.75,8.53,28.51,ND,3.0639,2.7609,1.06,0.4115,0.0433,0.0172,0.0146,3.9220,ND,0.0080,0.0052,0.0149,0.0012,0.0017,0.0152,0.0275,0.0023,0.0127,0.0026,0.0010,ND,ND,ND,ND,0.0014,ND,0.0023,ND,0.0010,ND,49.82
8753.04,17,1.47,7.02,31.94,ND,1.3500,2.0402,1.39,0.3477,0.0383,0.0156,0.0212,3.6577,ND,0.0078,0.0041,0.0090,0.0009,0.0017,0.0119,0.0332,0.0023,0.0110,0.0020,ND,ND,ND,ND,ND,ND,0.0005,0.0018,ND,ND,ND,50.62
8753.50,17,1.58,7.51,31.62,ND,1.7936,2.3046,ND,0.3597,0.0314,0.0214,0.0175,3.2454,ND,0.0088,0.0041,0.0614,0.0011,0.0020,0.0129,0.0246,0.0016,0.0111,0.0021,ND,ND,ND,ND,ND,ND,ND,0.0019,ND,0.0012,ND,51.38
8754.00,17,1.60,7.79,28.27,ND,2.9569,2.4431,1.18,0.4082,0.0429,0.0236,0.0159,3.7155,ND,0.0083,0.0056,0.0180,0.0011,0.0020,0.0139,0.0216,0.0021,0.0126,0.0026,0.0009,ND,ND,ND,ND,ND,0.0006,0.0022,ND,0.0015,ND,51.45
8754.48,17,1.35,6.09,34.90,ND,1.4985,1.6590,0.35,0.3243,0.0340,0.0165,0.0232,3.4137,ND,0.0093,0.0040,0.0180,0.0011,0.0019,0.0102,0.0354,0.0013,0.0107,0.0018,ND,ND,ND,ND,ND,0.0019,ND,0.0019,ND,ND,ND,50.25
8755.04,17,1.76,7.67,30.68,ND,1.6940,2.4242,0.23,0.3797,0.0373,0.0224,0.0152,3.2747,ND,0.0080,0.0044,0.0132,0.0008,0.0018,0.0133,0.0356,0.0016,0.0117,0.0027,ND,ND,ND,ND,ND,ND,0.0006,0.0020,ND,0.0011,ND,51.71
8755.52,17,1.15,4.06,25.83,4.7203,1.2373,0.8484,9.33,0.2262,0.0450,0.0203,0.0297,2.4335,ND,0.0080,0.0043,0.1215,0.0009,0.0012,0.0068,0.0523,0.0220,0.0072,0.0013,0.0004,ND,ND,ND,ND,ND,ND,0.0011,ND,0.0014,0.0014,49.84
8756.00,17,1.70,6.33,34.95,ND,1.5273,1.8011,0.45,0.2942,0.0369,0.0142,0.0205,2.8538,ND,0.0084,0.0039,0.0993,0.0008,0.0018,0.0106,0.0298,0.0012,0.0096,0.0019,ND,ND,ND,ND,ND,ND,ND,0.0018,ND,ND,ND,49.84
8756.48,17,1.40,5.10,32.41,ND,2.1512,1.3626,2.61,0.2699,0.0252,0.0139,0.0194,3.1230,ND,0.0081,0.0038,0.0139,0.0011,0.0014,0.0085,0.0202,0.0018,0.0086,0.0014,ND,ND,ND,ND,ND,ND,ND,0.0017,ND,0.0015,ND,51.45
8757.08,17,1.56,7.62,28.15,0.0286,2.7634,2.4294,2.25,0.3884,0.0307,0.0204,0.0227,3.5203,ND,0.0090,0.0040,0.0104,0.0007,0.0019,0.0137,0.0247,0.0025,0.0125,0.0026,0.0009,ND,ND,ND,ND,ND,ND,0.0024,ND,0.0016,0.0008,51.12
8757.51,17,1.13,0.92,12.35,0.0286,0.4471,ND,33.33,0.0786,0.0241,0.0069,0.0367,2.0546,ND,0.0020,0.0011,0.0022,0.0003,0.0004,0.0006,0.0653,0.0034,0.0029,ND,ND,ND,ND,ND,ND,ND,0.0006,0.0005,ND,ND,ND,49.52
8758.00,17,1.03,0.43,20.26,ND,0.3330,ND,25.69,0.0544,0.0193,ND,0.0208,1.1590,ND,ND,0.0013,0.0010,0.0003,0.0003,0.0003,0.0575,0.0017,0.0020,ND,ND,ND,ND,ND,ND,ND,ND,ND,ND,0.0012,0.0007,50.94
8758.50,17,1.44,6.35,31.63,0.2988,1.6797,1.6440,3.76,0.2702,0.0365,0.0172,0.0175,2.7917,ND,0.0100,0.0037,0.0129,0.0008,0.0014,0.0084,0.0348,0.0071,0.0086,0.0016,0.0004,ND,ND,ND,ND,ND,0.0006,0.0015,ND,ND,0.0013,49.97
8759.04,17,1.43,5.11,35.80,ND,0.8828,1.4237,0.74,0.2615,0.0198,0.0149,0.0140,2.4685,ND,0.0079,0.0031,0.0131,0.0008,0.0012,0.0089,0.0229,0.0008,0.0085,0.0015,ND,ND,ND,ND,ND,0.0013,ND,0.0015,ND,ND,ND,51.76
8759.50,17,1.75,6.92,31.27,ND,2.2081,2.1239,1.04,0.3893,0.0256,0.0242,0.0186,3.9028,ND,0.0115,0.0050,0.0341,0.0011,0.0019,0.0119,0.0296,0.0021,0.0125,0.0024,0.0004,ND,ND,0.0027,ND,ND,ND,0.0021,ND,0.0013,ND,50.20
8760.00,17,1.30,5.49,33.95,0.0821,1.2312,1.4931,1.63,0.2933,0.0258,0.0127,0.0178,2.7262,ND,0.0085,0.0034,0.0159,0.0005,0.0010,0.0093,0.0338,0.0027,0.0091,0.0017,ND,ND,ND,ND,ND,ND,ND,0.0014,ND,0.0011,ND,51.67
8760.50,17,1.55,5.69,32.23,ND,0.8836,1.3983,4.27,0.3116,0.0186,0.0148,0.0169,2.8524,ND,0.0082,0.0037,0.0155,0.0006,0.0009,0.0090,0.0247,0.0015,0.0095,0.0018,ND,ND,ND,ND,ND,0.0012,ND,0.0016,ND,0.0010,ND,50.69
8761.04,17,1.46,5.55,30.17,ND,1.0058,1.3397,6.42,0.3213,0.0258,0.0142,0.0205,3.0173,ND,0.0096,0.0037,0.0140,0.0006,0.0011,0.0087,0.0413,0.0017,0.0099,0.0018,ND,ND,ND,ND,ND,ND,0.0006,0.0018,ND,0.0017,ND,50.56
8761.50,17,1.44,5.21,32.44,ND,1.1503,1.3261,4.16,0.3054,0.0218,0.0122,0.0182,2.9952,ND,0.0079,0.0035,0.0106,0.0007,0.0010,0.0085,0.0315,0.0017,0.0095,0.0017,ND,ND,ND,ND,ND,ND,ND,0.0014,ND,0.0012,ND,50.84
8762.00,17,1.24,3.66,21.70,ND,1.1246,0.6965,16.46,0.2939,0.0255,0.0142,0.0208,3.0689,ND,0.0076,0.0033,0.0081,0.0006,0.0010,0.0068,0.0362,0.0025,0.0084,0.0018,ND,ND,ND,ND,ND,ND,ND,0.0014,ND,ND,ND,51.61
8762.52,17,1.58,4.60,26.82,ND,1.1342,0.9385,13.50,0.2320,0.0215,0.0114,0.0212,3.4163,ND,0.0064,0.0029,0.0059,0.0008,0.0011,0.0060,0.0414,0.0022,0.0070,0.0010,ND,ND,ND,ND,ND,ND,ND,0.0013,ND,0.0017,ND,47.65
8763.04,17,1.39,4.74,26.49,ND,0.8931,1.0133,10.47,0.2967,0.0204,0.0145,0.0205,3.0027,ND,0.0085,0.0031,0.0100,0.0005,0.0008,0.0082,0.0316,0.0021,0.0095,0.0018,ND,ND,ND,ND,ND,ND,ND,0.0019,ND,0.0011,ND,51.57
8763.48,17,1.46,8.43,30.20,ND,1.7534,2.8676,ND,0.4379,0.0396,0.0163,0.0224,3.6885,ND,0.0078,0.0037,0.0071,0.0007,0.0009,0.0156,0.0503,0.0017,0.0127,0.0025,ND,ND,ND,ND,ND,ND,0.0006,0.0022,ND,0.0014,ND,50.98
8764.00,17,1.45,7.34,31.33,ND,2.4607,2.3198,0.57,0.3674,0.0212,0.0122,0.0224,3.6759,ND,0.0080,0.0048,0.0083,0.0005,0.0008,0.0133,0.0458,0.0015,0.0124,0.0022,ND,ND,ND,ND,ND,ND,0.0005,0.0021,ND,0.0014,ND,50.33
8764.50,17,1.69,5.89,31.10,ND,0.8503,1.6362,3.37,0.3210,0.0249,0.0156,0.0182,2.9606,ND,0.0082,0.0037,0.0136,0.0005,0.0010,0.0101,0.0231,0.0017,0.0106,0.0020,0.0004,ND,ND,ND,ND,ND,0.0005,0.0019,ND,ND,ND,52.05
8765.04,17,1.33,4.48,24.83,ND,0.7755,0.9265,13.30,0.2628,0.0216,0.0117,0.0235,3.1614,ND,0.0070,0.0032,0.0024,0.0006,0.0011,0.0069,0.0345,0.0025,0.0082,0.0012,0.0004,ND,ND,ND,ND,ND,ND,0.0015,ND,0.0015,ND,50.81
8765.50,17,1.38,4.05,25.26,ND,0.7123,0.7332,14.17,0.2321,0.0212,0.0114,0.0210,2.8443,ND,0.0067,0.0032,0.0026,0.0004,0.0007,0.0058,0.0368,0.0029,0.0071,0.0010,ND,ND,ND,ND,ND,ND,ND,0.0014,ND,0.0014,ND,50.49
8766.00,17,1.29,4.13,26.91,ND,0.9012,0.8074,12.88,0.2592,0.0402,0.0119,0.0189,2.8617,ND,0.0063,0.0031,0.0020,0.0007,0.0008,0.0056,0.0436,0.0026,0.0065,0.0016,ND,ND,ND,ND,ND,ND,ND,0.0009,ND,ND,ND,49.81
8766.50,17,1.46,6.74,28.75,ND,2.8591,2.3817,0.87,0.3722,0.0330,0.0116,0.0218,3.2743,ND,0.0081,0.0034,0.0062,0.0005,0.0005,0.0153,0.0381,0.0020,0.0121,0.0024,ND,ND,ND,ND,ND,ND,0.0005,0.0023,ND,0.0017,ND,53.14
8767.04,17,1.71,6.90,33.10,ND,1.4808,2.0202,0.41,0.3733,0.0265,0.0107,0.0255,3.3277,ND,0.0055,0.0044,0.0069,0.0005,0.0007,0.0123,0.0404,0.0021,0.0121,0.0025,ND,ND,ND,ND,ND,0.0014,ND,0.0015,ND,ND,ND,50.52
8767.50,17,1.18,6.58,33.00,ND,1.3269,1.8419,0.53,0.3626,0.0222,0.0093,0.0183,3.4882,ND,0.0075,0.0033,0.0062,ND,0.0004,0.0109,0.0404,0.0022,0.0126,0.0023,ND,ND,ND,ND,ND,0.0013,ND,0.0015,ND,ND,ND,51.55
8768.00,17,1.95,6.58,31.71,ND,2.0139,1.7824,1.76,0.3759,0.0284,0.0100,0.0208,4.0830,ND,0.0082,0.0033,0.0094,0.0006,0.0004,0.0105,0.0294,0.0025,0.0150,0.0024,ND,ND,ND,ND,ND,ND,ND,0.0022,ND,0.0016,ND,49.61
8768.50,17,1.84,6.47,33.25,ND,1.2633,1.8072,0.83,0.3484,0.0261,0.0120,0.0195,3.3673,ND,0.0103,0.0037,0.0143,0.0004,0.0007,0.0109,0.0326,0.0024,0.0129,0.0020,ND,ND,ND,ND,ND,ND,ND,0.0018,ND,ND,ND,50.69
8769.04,17,1.90,5.91,23.09,0.0717,1.3789,1.4523,13.54,0.2749,0.0236,0.0144,0.0192,2.8312,ND,0.0030,0.0026,0.0066,0.0008,0.0004,0.0089,0.0818,0.0021,0.0092,0.0016,ND,ND,ND,ND,ND,ND,ND,0.0017,ND,0.0014,ND,49.39
8769.50,17,1.27,6.19,33.09,ND,1.6266,1.8170,0.55,0.3350,0.0277,0.0134,0.0175,3.3222,ND,0.0136,0.0044,0.0278,0.0005,0.0008,0.0107,0.0297,0.0020,0.0108,0.0019,ND,ND,ND,ND,ND,ND,ND,0.0020,ND,0.0011,ND,51.64
8770.00,17,1.78,6.75,31.07,ND,1.6884,2.1004,0.76,0.3706,0.0301,0.0165,0.0232,3.6126,ND,0.0095,0.0041,0.0199,0.0006,0.0009,0.0127,0.0431,0.0024,0.0117,0.0025,ND,ND,ND,ND,ND,ND,ND,0.0021,ND,ND,ND,51.68
8770.50,17,1.94,6.64,32.73,0.1069,1.4480,1.9390,0.84,0.3407,0.0285,0.0176,0.0216,3.3095,ND,0.0143,0.0044,0.0279,0.0006,0.0007,0.0116,0.0370,0.0048,0.0115,0.0024,ND,ND,ND,ND,ND,ND,0.0005,0.0017,ND,0.0014,0.0006,50.52
8771.04,17,1.53,6.52,33.76,ND,1.4350,1.9644,0.59,0.3412,0.0285,0.0149,0.0218,3.3260,ND,0.0127,0.0040,0.0246,0.0006,0.0007,0.0115,0.0397,0.0021,0.0106,0.0019,ND,ND,ND,ND,ND,0.0015,ND,0.0020,ND,ND,ND,50.34
8771.50,17,1.62,6.68,33.44,ND,1.0324,1.9440,0.55,0.3533,0.0231,0.0109,0.0191,3.4647,ND,0.0076,0.0032,0.0164,ND,0.0006,0.0118,0.0399,0.0023,0.0113,0.0023,ND,ND,ND,ND,ND,ND,ND,0.0021,ND,0.0012,ND,50.77
8772.00,17,1.62,6.54,32.90,ND,1.5561,1.9064,0.91,0.3552,0.0266,0.0132,0.0225,3.6018,ND,0.0094,0.0045,0.0218,0.0004,0.0009,0.0112,0.0369,0.0025,0.0122,0.0022,0.0004,ND,ND,ND,ND,ND,0.0006,0.0022,ND,ND,ND,50.44
8772.50,17,1.65,7.37,30.79,ND,2.4336,2.3807,0.55,0.3536,0.0246,0.0096,0.0271,3.5165,ND,0.0109,0.0047,0.0190,0.0006,0.0008,0.0140,0.0375,0.0025,0.0116,0.0021,ND,ND,ND,ND,ND,ND,0.0007,0.0020,ND,0.0014,ND,50.78
8773.04,17,1.50,6.58,33.42,ND,1.0895,1.7755,0.57,0.3775,0.0224,0.0092,0.0184,3.4569,ND,0.0066,0.0035,0.0073,0.0005,0.0005,0.0110,0.0373,0.0024,0.0140,0.0025,ND,ND,ND,0.0034,ND,0.0012,ND,0.0020,ND,0.0011,ND,51.09
8773.50,17,1.84,7.19,30.29,ND,2.4784,2.4062,0.61,0.3664,0.0217,0.0125,0.0234,3.3208,ND,0.0084,0.0041,0.0173,0.0005,0.0007,0.0150,0.0382,0.0024,0.0117,0.0021,ND,ND,ND,ND,ND,ND,0.0006,0.0016,ND,ND,ND,51.34
8774.00,17,1.60,6.65,32.48,ND,1.7763,1.9211,0.44,0.3520,0.0262,0.0072,0.0218,3.6436,ND,0.0061,0.0036,0.0070,ND,0.0005,0.0118,0.0375,0.0022,0.0119,0.0023,ND,ND,ND,ND,ND,ND,0.0006,0.0020,ND,0.0010,ND,50.99
8774.50,17,1.59,6.10,32.17,ND,2.2391,1.8525,0.55,0.3304,0.0261,0.0137,0.0157,3.2622,ND,0.0084,0.0037,0.0170,0.0006,0.0008,0.0115,0.0343,0.0017,0.0101,0.0019,ND,ND,ND,ND,ND,ND,ND,0.0013,ND,0.0013,ND,51.76
8775.05,17,0.90,1.63,38.57,0.0655,0.5011,ND,4.82,0.0532,0.0115,ND,0.0041,0.3417,ND,ND,ND,0.0005,ND,ND,0.0003,0.0428,0.0010,0.0020,ND,ND,ND,ND,ND,ND,ND,ND,0.0003,ND,ND,ND,53.05
8775.50,17,1.07,1.98,20.49,ND,0.8299,0.1063,22.77,0.1112,0.0167,0.0065,0.0226,2.2877,ND,0.0019,0.0012,0.0044,0.0004,0.0005,0.0018,0.0532,0.0026,0.0033,ND,ND,ND,ND,ND,ND,ND,ND,0.0008,ND,0.0012,ND,50.24
8776.00,17,1.24,5.97,34.23,ND,1.6485,1.7242,0.40,0.3001,0.0241,0.0129,0.0235,3.0962,ND,0.0093,0.0035,0.0181,0.0004,0.0014,0.0107,0.0295,0.0015,0.0095,0.0017,ND,ND,ND,ND,ND,ND,ND,0.0016,ND,ND,ND,51.25
8776.50,17,1.50,6.91,30.08,ND,2.4992,2.0925,1.32,0.3701,0.0303,0.0142,0.0249,3.9632,ND,0.0083,0.0040,0.0161,0.0007,0.0010,0.0124,0.0247,0.0022,0.0126,0.0026,0.0004,ND,ND,ND,ND,ND,ND,0.0021,ND,0.0012,ND,51.10
8777.04,17,1.80,7.33,31.85,ND,1.4836,2.0497,1.86,0.3797,0.0217,0.0169,0.0311,3.9918,ND,0.0078,0.0039,0.0099,0.0007,0.0009,0.0114,0.0278,0.0026,0.0128,0.0023,ND,ND,ND,ND,ND,ND,ND,0.0016,ND,ND,ND,49.10
8777.50,17,1.61,6.80,32.49,ND,1.7842,1.9044,1.23,0.3342,0.0286,0.0128,0.0216,4.0796,ND,0.0084,0.0041,0.0115,0.0007,0.0012,0.0105,0.0232,0.0020,0.0120,0.0023,ND,ND,ND,ND,ND,ND,ND,0.0020,ND,ND,ND,49.63
8778.00,17,1.58,6.95,32.44,ND,1.9904,2.0839,0.35,0.3539,0.0225,0.0171,0.0148,3.9164,ND,0.0121,0.0047,0.0646,0.0010,0.0014,0.0125,0.0251,0.0017,0.0110,0.0022,0.0003,ND,ND,ND,ND,0.0017,ND,0.0022,ND,0.0011,ND,50.14
8778.50,17,1.42,7.00,31.53,ND,1.5650,1.9769,2.51,0.3479,0.0303,0.0164,0.0185,3.7981,ND,0.0092,0.0030,0.0326,0.0008,0.0012,0.0111,0.0281,0.0022,0.0110,0.0023,0.0007,ND,ND,ND,ND,0.0017,ND,0.0019,ND,0.0010,0.0006,49.67
8779.04,17,1.36,4.04,27.86,ND,1.5159,0.7899,10.66,0.2669,0.0219,0.0131,0.0296,3.1583,ND,0.0072,0.0061,0.0086,0.0008,0.0012,0.0056,0.0322,0.0025,0.0088,0.0013,ND,ND,ND,ND,ND,ND,0.0005,0.0015,ND,ND,0.0007,50.21
8779.50,17,1.65,5.43,31.50,ND,2.4513,1.4972,3.01,0.2947,0.0329,0.0116,0.0231,3.3632,ND,0.0072,0.0044,0.0124,0.0006,0.0009,0.0092,0.0246,0.0018,0.0105,0.0018,ND,ND,ND,ND,ND,ND,ND,0.0015,ND,ND,ND,50.66
8780.00,17,1.66,6.22,31.05,ND,1.8044,1.6080,2.92,0.3076,0.0229,0.0247,0.0189,3.6683,ND,0.0113,0.0040,0.0226,0.0008,0.0024,0.0096,0.0234,0.0017,0.0106,0.0017,ND,ND,ND,ND,ND,ND,ND,0.0018,ND,0.0009,ND,50.60
8780.51,17,1.35,5.70,31.13,ND,1.2669,1.4538,4.54,0.2994,0.0276,0.0158,0.0213,3.3378,ND,0.0086,0.0039,0.0152,0.0007,0.0013,0.0089,0.0324,0.0018,0.0098,0.0015,ND,ND,ND,ND,ND,ND,ND,0.0018,ND,0.0011,0.0006,50.76
8781.04,17,1.21,0.77,24.11,ND,0.5691,ND,22.35,0.0675,0.0162,ND,0.0257,1.5385,ND,ND,0.0039,0.0013,0.0004,0.0004,0.0004,0.0699,0.0027,0.0029,ND,ND,ND,ND,ND,ND,0.0011,ND,0.0006,ND,0.0012,ND,49.27
8781.50,17,1.58,6.33,33.67,ND,1.5403,1.7675,1.10,0.3326,0.0270,0.0102,0.0285,3.4870,ND,0.0097,0.0076,0.0219,0.0008,0.0014,0.0108,0.0293,0.0016,0.0112,0.0023,ND,ND,ND,ND,ND,ND,ND,0.0016,ND,0.0014,ND,50.03
8782.00,17,1.61,8.12,28.96,ND,2.7762,2.6128,1.08,0.4055,0.0318,0.0132,0.0193,4.0593,ND,0.0093,0.0047,0.0121,0.0012,0.0020,0.0148,0.0243,0.0019,0.0124,0.0028,0.0011,ND,ND,ND,ND,ND,0.0005,0.0026,ND,0.0011,0.0008,50.23
8782.50,17,1.85,7.25,32.55,ND,2.0474,2.1421,0.99,0.3635,0.0287,0.0122,0.0212,3.6477,ND,0.0085,0.0033,0.0190,0.0010,0.0010,0.0123,0.0350,0.0020,0.0125,0.0025,ND,ND,ND,ND,ND,ND,0.0005,0.0020,ND,ND,ND,49.00
8783.07,17,2.00,9.12,28.32,ND,2.4476,3.0012,0.62,0.4318,0.0321,0.0185,0.0192,3.9685,ND,0.0082,0.0044,0.0107,0.0010,0.0016,0.0169,0.0277,0.0022,0.0128,0.0024,0.0008,ND,ND,ND,ND,ND,0.0006,0.0025,ND,0.0018,ND,49.94
8783.52,17,1.35,8.00,31.54,ND,1.4675,2.5844,0.59,0.3585,0.0281,0.0147,0.0398,3.5632,ND,0.0107,0.0039,0.0197,0.0010,0.0014,0.0155,0.0242,0.0019,0.0121,0.0023,ND,ND,ND,ND,ND,ND,0.0005,0.0013,ND,0.0013,ND,50.37
8784.00,17,1.30,0.63,9.94,0.0539,0.8228,ND,34.49,0.0642,0.0128,ND,0.0384,3.1355,ND,ND,0.0014,0.0035,0.0007,0.0004,0.0006,0.0743,0.0038,0.0027,ND,ND,ND,ND,ND,ND,ND,ND,ND,ND,0.0017,ND,49.42
8784.50,17,1.76,7.31,32.10,ND,1.8509,2.1720,0.61,0.3699,0.0286,0.0142,0.0328,3.9455,ND,0.0139,0.0046,0.0126,0.0014,0.0014,0.0122,0.0249,0.0015,0.0122,0.0023,ND,ND,ND,0.0028,ND,0.0014,ND,0.0022,ND,ND,ND,49.70
8785.10,17,1.72,4.33,24.22,0.2701,1.5680,0.8033,14.86,0.2735,0.0214,0.0146,0.0402,2.7526,ND,0.0065,0.0035,0.0062,0.0008,0.0010,0.0051,0.0365,0.0046,0.0096,0.0014,ND,ND,ND,ND,ND,ND,ND,0.0012,ND,0.0011,0.0008,49.05
8785.50,17,1.75,6.61,31.49,ND,2.3336,1.8864,1.97,0.3616,0.0307,0.0116,0.0294,3.4255,ND,0.0095,0.0045,0.0105,0.0010,0.0013,0.0113,0.0450,0.0022,0.0127,0.0024,ND,ND,ND,ND,ND,ND,0.0005,0.0017,ND,ND,ND,49.99
8786.00,17,1.51,6.99,31.59,ND,2.2473,2.1395,0.99,0.3368,0.0270,0.0130,0.0280,2.9028,ND,0.0146,0.0047,0.0569,0.0010,0.0017,0.0128,0.0268,0.0017,0.0111,0.0023,ND,ND,ND,ND,ND,0.0015,ND,0.0020,ND,0.0010,ND,51.09
8786.48,17,1.56,6.99,32.20,ND,2.1322,2.1385,0.41,0.3976,0.0257,0.0157,0.0235,3.3496,ND,0.0094,0.0042,0.0171,0.0011,0.0014,0.0124,0.0349,0.0019,0.0148,0.0025,ND,ND,ND,ND,ND,ND,ND,0.0023,ND,0.0012,ND,50.66
8787.05,17,1.60,6.79,31.95,ND,2.2476,2.0151,1.00,0.3545,0.0337,0.0109,0.0331,3.1837,ND,0.0190,0.0059,0.0226,0.0012,0.0016,0.0124,0.0407,0.0019,0.0112,0.0019,ND,ND,ND,ND,ND,ND,0.0006,0.0021,ND,0.0010,ND,50.66
8787.50,17,1.61,6.54,31.35,ND,2.0488,1.8440,2.49,0.3721,0.0314,0.0084,0.0260,3.3583,ND,0.0091,0.0030,0.0095,0.0008,0.0007,0.0108,0.0230,0.0022,0.0145,0.0024,0.0004,ND,ND,ND,ND,ND,0.0007,0.0019,ND,ND,ND,50.24
8787.96,17,1.80,8.79,30.16,ND,1.7871,2.7894,0.05,0.4193,0.0411,0.0146,0.0209,3.4561,ND,0.0105,0.0044,0.0093,0.0006,0.0016,0.0151,0.0475,0.0020,0.0128,0.0027,0.0008,ND,ND,ND,ND,ND,0.0007,0.0030,ND,ND,ND,50.56
8788.52,17,1.71,6.84,32.91,ND,2.2145,2.0172,0.19,0.3419,0.0284,0.0170,0.0337,3.5702,ND,0.0150,0.0046,0.0186,0.0012,0.0021,0.0116,0.0344,0.0015,0.0111,0.0024,0.0016,ND,ND,ND,ND,ND,0.0006,0.0019,ND,ND,ND,50.02
8789.05,17,1.90,7.16,30.36,ND,1.5541,2.0205,3.64,0.3515,0.0221,0.0134,0.0419,3.3303,ND,0.0063,0.0036,0.0098,0.0012,0.0008,0.0117,0.0360,0.0019,0.0107,0.0019,0.0005,ND,ND,ND,ND,ND,0.0006,0.0030,ND,0.0015,ND,49.51
8789.50,17,3.92,3.03,18.83,ND,0.6396,0.5456,17.40,0.1309,0.0208,0.0052,0.0892,5.8560,ND,0.0023,0.0021,0.0025,0.0005,0.0002,0.0036,0.0372,0.0017,0.0040,0.0008,ND,ND,ND,ND,ND,0.0013,ND,0.0010,ND,0.0012,ND,49.48
8790.00,17,1.98,7.57,28.11,ND,1.8065,2.2718,4.42,0.3636,0.0288,0.0139,0.0405,3.7470,ND,0.0065,0.0032,0.0105,0.0009,0.0008,0.0128,0.0341,0.0018,0.0113,0.0021,ND,ND,ND,ND,ND,0.0012,0.0005,0.0018,ND,ND,ND,49.55
8790.50,17,4.05,2.72,17.12,ND,0.6691,0.4418,18.89,0.1293,ND,0.0058,0.0887,6.4998,ND,0.0026,0.0013,0.0024,0.0005,0.0003,0.0032,0.0350,0.0013,0.0038,0.0007,ND,ND,ND,ND,ND,ND,ND,0.0007,ND,ND,ND,49.33
8791.05,17,2.51,6.07,23.73,ND,1.3353,1.5671,9.74,0.2930,0.0173,0.0103,0.0580,4.5200,ND,0.0050,0.0030,0.0080,0.0007,0.0007,0.0091,0.0396,0.0013,0.0089,0.0017,ND,ND,ND,ND,ND,ND,ND,0.0016,ND,0.0011,ND,50.07
8791.50,17,4.17,1.10,9.69,ND,0.4764,0.0940,25.66,0.0738,ND,ND,0.0897,5.7070,ND,ND,0.0012,0.0017,0.0004,ND,0.0011,0.0430,0.0011,0.0023,ND,ND,ND,ND,ND,ND,ND,ND,ND,ND,0.0014,ND,52.88
8792.00,17,1.48,5.52,27.72,ND,1.5129,1.2135,8.39,0.2507,0.0155,0.0102,0.0227,2.2750,ND,0.0052,0.0024,0.0119,0.0007,0.0006,0.0070,0.0469,0.0024,0.0069,0.0016,ND,ND,ND,ND,ND,ND,ND,0.0017,ND,0.0016,ND,51.50
8792.51,17,2.10,7.93,30.64,ND,2.4575,2.5273,0.94,0.3927,0.0322,0.0138,0.0231,3.7037,ND,0.0079,0.0034,0.0093,0.0008,0.0010,0.0147,0.0343,0.0022,0.0123,0.0026,ND,ND,ND,ND,ND,ND,0.0005,0.0020,ND,0.0013,ND,49.15
8793.04,17,1.58,7.61,32.17,ND,1.4296,2.4048,1.25,0.3716,0.0290,0.0142,0.0209,3.6415,ND,0.0071,0.0035,0.0087,0.0009,0.0010,0.0126,0.0240,0.0028,0.0118,0.0024,0.0004,ND,ND,ND,ND,0.0018,ND,0.0017,ND,0.0011,ND,49.40
8793.50,17,1.39,7.09,31.87,ND,1.8619,2.2425,0.60,0.3478,0.0315,0.0166,0.0202,2.9294,ND,0.0103,0.0037,0.0126,0.0005,0.0011,0.0134,0.0408,0.0017,0.0113,0.0022,ND,ND,ND,ND,ND,0.0012,0.0005,0.0016,ND,0.0011,ND,51.50
8794.00,17,1.86,6.55,33.62,ND,1.7315,1.9339,0.48,0.3467,0.0231,0.0105,0.0252,3.2045,ND,0.0087,0.0038,0.0125,0.0006,0.0007,0.0118,0.0409,0.0019,0.0117,0.0020,0.0004,ND,ND,ND,ND,0.0013,ND,0.0017,ND,0.0017,ND,50.11
8794.50,17,1.39,6.08,34.09,ND,1.8328,1.7459,0.31,0.3002,0.0295,0.0129,0.0188,2.9814,ND,0.0084,0.0038,0.0081,0.0008,0.0009,0.0106,0.0358,0.0017,0.0107,0.0017,0.0009,ND,ND,ND,ND,ND,ND,0.0017,ND,ND,ND,51.12
8795.04,17,1.55,6.37,32.76,ND,2.1802,1.9012,0.52,0.3454,0.0209,0.0140,0.0212,3.2126,ND,0.0061,0.0036,0.0203,0.0007,0.0006,0.0111,0.0456,0.0018,0.0109,0.0022,0.0004,ND,ND,ND,ND,0.0015,ND,0.0016,ND,ND,ND,51.00
8795.50,17,1.81,6.57,30.13,ND,2.0713,1.9188,2.48,0.3468,0.0304,0.0125,0.0303,3.3823,ND,0.0068,0.0043,0.0073,0.0005,0.0006,0.0121,0.0460,0.0028,0.0112,0.0025,ND,ND,ND,ND,ND,ND,ND,0.0018,ND,0.0012,ND,51.12
8796.01,17,1.30,0.58,6.12,ND,0.3813,ND,37.99,0.0737,0.0201,0.0064,0.0195,1.0927,ND,ND,ND,0.0018,0.0004,0.0002,0.0003,0.0518,0.0017,0.0021,0.0007,ND,ND,ND,ND,ND,0.0014,ND,ND,ND,0.0020,ND,52.35
8796.50,17,1.42,5.98,34.26,ND,1.7003,1.7041,0.39,0.3027,0.0306,0.0126,0.0218,2.9496,ND,0.0142,0.0037,0.0355,0.0006,0.0010,0.0101,0.0409,0.0017,0.0099,0.0018,ND,ND,ND,ND,ND,ND,0.0007,0.0018,ND,ND,ND,51.10
8787.04,17,1.65,6.51,33.74,ND,1.3606,1.8095,0.69,0.3375,0.0239,0.0110,0.0209,3.1879,ND,0.0152,0.0040,0.0181,0.0005,0.0009,0.0110,0.0411,0.0018,0.0105,0.0020,ND,ND,ND,ND,ND,0.0013,0.0005,0.0017,ND,ND,ND,50.55
8797.52,17,1.39,6.77,33.54,ND,1.4575,1.9415,0.73,0.3427,0.0323,0.0122,0.0230,3.2994,ND,0.0070,0.0037,0.0108,0.0003,0.0006,0.0113,0.0561,0.0022,0.0115,0.0017,ND,ND,ND,ND,ND,ND,0.0005,0.0017,ND,ND,ND,50.35
8798.00,17,1.31,6.37,33.63,ND,1.1068,1.6863,1.88,0.3411,0.0216,0.0124,0.0197,3.0694,ND,0.0074,0.0032,0.0101,0.0007,0.0006,0.0098,0.0318,0.0020,0.0118,0.0018,ND,ND,ND,ND,ND,ND,ND,0.0013,ND,ND,ND,50.47
8798.50,17,1.74,7.64,30.62,ND,2.4652,2.5393,0.06,0.3988,0.0314,0.0133,0.0283,3.4908,ND,0.0105,0.0049,0.0100,0.0007,0.0006,0.0143,0.0557,0.0022,0.0125,0.0027,ND,ND,ND,0.0029,ND,0.0017,ND,0.0020,ND,ND,ND,50.85
8799.04,17,1.95,8.43,30.23,ND,2.3163,2.8781,ND,0.4360,0.0438,0.0139,0.0314,4.1807,ND,0.0103,0.0053,0.0093,0.0010,0.0007,0.0161,0.0463,0.0021,0.0136,0.0031,ND,ND,ND,ND,ND,ND,0.0006,0.0022,ND,0.0016,ND,49.39
8799.50,17,1.69,5.79,27.00,ND,1.2876,1.3147,8.97,0.3004,0.0296,0.0089,0.0220,3.0296,ND,0.0094,0.0041,0.0110,0.0003,0.0006,0.0092,0.0396,0.0022,0.0096,0.0019,ND,ND,ND,ND,ND,ND,ND,0.0021,ND,ND,ND,50.47
880.04,17,2.02,9.31,28.31,ND,2.3447,3.0377,0.63,0.4873,0.0347,0.0194,0.0277,4.2639,ND,0.0140,0.0053,0.0072,0.0012,0.0014,0.0176,0.0403,0.0027,0.0148,0.0029,0.0005,ND,ND,ND,ND,ND,0.0006,0.0028,ND,ND,ND,49.40
8800.50,17,1.15,0.19,39.56,ND,0.3950,ND,6.99,0.0614,0.0337,ND,0.0073,0.5528,ND,ND,ND,0.0005,0.0011,ND,ND,0.4746,0.0006,0.0196,ND,ND,ND,ND,ND,ND,ND,ND,ND,ND,0.0095,ND,50.55
8801.04,17,1.10,0.87,25.41,ND,0.2100,ND,21.39,0.0644,0.0193,ND,0.0217,1.0608,ND,ND,0.0013,0.0005,0.0003,ND,0.0003,0.0878,0.0019,0.0030,ND,ND,ND,ND,ND,ND,ND,ND,ND,ND,0.0014,ND,49.75
8801.50,17,1.43,3.41,15.75,ND,0.6408,0.5256,25.39,0.2303,0.0206,0.0077,0.0264,2.4381,ND,0.0053,0.0024,0.0023,0.0005,0.0005,0.0043,0.0407,0.0015,0.0061,0.0010,ND,ND,ND,ND,ND,ND,ND,0.0012,ND,0.0015,ND,50.06
8802.00,17,1.39,3.06,15.06,ND,0.5252,0.4226,26.14,0.1947,ND,0.0106,0.0274,2.5695,ND,0.0040,0.0015,0.0021,0.0006,0.0004,0.0034,0.0389,0.0014,0.0052,0.0010,ND,ND,ND,ND,ND,ND,ND,0.0007,ND,0.0015,ND,50.55
8802.50,17,1.31,2.93,13.92,ND,0.7515,0.4338,27.92,0.2074,0.0178,0.0063,0.0249,2.4019,ND,0.0037,0.0016,0.0025,0.0004,0.0003,0.0034,0.0399,0.0014,0.0056,0.0009,ND,ND,ND,ND,ND,ND,ND,0.0011,ND,0.0018,ND,50.02
8803.04,17,1.32,1.52,7.50,ND,0.3786,0.1033,37.17,0.1284,0.0163,0.0057,0.0312,1.7370,ND,0.0018,0.0020,0.0021,ND,0.0003,0.0013,0.0535,0.0012,0.0032,ND,ND,ND,ND,ND,ND,ND,0.0006,0.0008,ND,0.0014,ND,50.02
8803.50,17,ND,0.44,3.81,0.1678,0.1797,ND,40.87,0.0614,0.0166,0.0063,0.0478,1.7390,ND,ND,0.0013,0.0033,0.0004,0.0004,ND,0.0540,0.0018,0.0025,ND,0.0005,ND,ND,ND,ND,0.0014,ND,0.0005,ND,0.0015,ND,52.59
8804.00,17,1.04,0.17,35.47,ND,0.2444,ND,10.53,0.0838,0.0550,ND,0.0127,0.8274,ND,ND,0.0009,ND,0.0006,ND,ND,0.3494,0.0006,0.0084,ND,ND,ND,ND,ND,ND,0.0011,ND,ND,ND,0.0061,ND,51.20
8804.50,17,1.76,7.74,28.77,ND,2.2384,2.3588,3.61,0.3756,0.0238,0.0120,0.0265,3.6471,ND,0.0071,0.0032,0.0218,0.0011,0.0008,0.0133,0.0662,0.0021,0.0124,0.0021,ND,ND,ND,ND,ND,ND,ND,0.0015,ND,0.0015,ND,49.30
8805.04,17,1.50,2.23,10.14,0.2509,0.5772,0.2674,33.24,0.1251,0.0141,0.0081,0.0229,1.7258,ND,ND,ND,0.0029,0.0007,0.0004,0.0018,0.1508,0.0060,0.0057,0.0008,ND,ND,ND,ND,ND,ND,ND,0.0008,ND,0.0028,ND,49.73
8805.50,17,2.02,6.22,25.49,ND,2.5541,1.8326,7.78,0.3300,0.0303,0.0126,0.0166,3.3914,ND,0.0051,0.0032,0.0068,0.0009,0.0006,0.0110,0.0661,0.0019,0.0112,0.0016,ND,ND,ND,ND,ND,ND,ND,0.0015,ND,0.0020,ND,50.22
8806.00,17,1.91,5.51,24.38,ND,1.2500,1.4260,12.51,0.2859,0.0295,0.0126,0.0166,2.9776,ND,0.0041,0.0027,0.0062,0.0007,0.0005,0.0090,0.0914,0.0022,0.0096,0.0016,ND,ND,ND,ND,ND,ND,ND,0.0011,ND,ND,ND,49.57
8806.50,17,1.84,5.44,24.67,ND,1.6736,1.4049,11.69,0.2873,0.0309,0.0118,0.0150,2.9177,ND,0.0034,0.0023,0.0065,0.0008,0.0004,0.0091,0.0787,0.0020,0.0098,0.0012,ND,ND,ND,ND,ND,ND,ND,0.0011,ND,ND,ND,49.91
8807.04,17,1.74,5.31,25.30,ND,1.1581,1.2971,12.62,0.2730,0.0265,0.0130,0.0216,2.8525,ND,0.0047,0.0029,0.0054,0.0005,0.0005,0.0082,0.0872,0.0019,0.0094,0.0017,ND,ND,ND,ND,ND,ND,ND,0.0013,ND,ND,ND,49.28
8807.50,17,1.64,2.85,15.76,ND,0.8033,0.3463,26.75,0.1428,0.0138,0.0074,0.0220,1.7804,ND,ND,0.0019,0.0059,0.0004,0.0004,0.0027,0.1065,0.0025,0.0052,0.0007,ND,ND,ND,ND,ND,ND,ND,0.0006,ND,0.0020,ND,49.75
8808.00,17,1.61,3.73,21.32,ND,1.1127,0.8174,17.65,0.2265,0.0250,0.0065,0.0196,2.4214,ND,0.0039,0.0017,0.0053,0.0006,0.0005,0.0059,0.0897,0.0017,0.0076,0.0012,ND,ND,ND,ND,ND,ND,ND,0.0009,ND,0.0015,ND,50.93
8808.50,17,1.61,6.61,32.56,ND,2.0246,1.9867,1.83,0.3510,0.0225,0.0122,0.0175,3.4526,ND,0.0059,0.0034,0.0085,0.0008,0.0006,0.0118,0.0932,0.0012,0.0122,0.0023,ND,ND,ND,ND,ND,ND,0.0005,0.0019,ND,0.0017,ND,49.37
8809.04,17,1.65,7.47,28.81,ND,1.6881,2.1857,6.30,0.3139,0.0289,0.0163,0.0199,3.3004,ND,0.0056,0.0033,0.0083,0.0009,0.0008,0.0131,0.0589,0.0023,0.0103,0.0021,0.0004,ND,ND,ND,ND,ND,ND,0.0013,ND,0.0019,ND,48.11
8809.50,17,1.31,5.34,22.43,0.0342,1.9100,1.5527,13.95,0.2443,0.0267,0.0110,0.0190,2.5234,ND,0.0029,0.0024,0.0045,0.0006,0.0005,0.0092,0.0830,0.0033,0.0083,0.0016,ND,ND,ND,ND,ND,ND,ND,0.0012,ND,0.0015,ND,50.53
8810.00,17,1.80,6.49,24.98,ND,2.0466,2.0112,6.50,0.3180,0.0226,0.0133,0.0192,3.3350,ND,0.0041,0.0029,0.0114,0.0009,0.0005,0.0133,0.0544,0.0021,0.0105,0.0019,ND,ND,ND,ND,ND,0.0013,0.0005,0.0016,ND,0.0011,ND,52.36
8810.50,17,1.28,5.96,24.84,0.0943,2.1412,1.7811,9.52,0.2820,0.0256,0.0119,0.0156,2.9844,ND,0.0040,0.0024,0.0096,0.0009,0.0005,0.0116,0.0730,0.0024,0.0092,0.0017,ND,ND,ND,ND,ND,ND,0.0005,0.0014,ND,0.0018,ND,50.95
8811.04,17,1.39,6.04,23.02,0.0332,1.3074,1.5244,12.83,0.2818,0.0208,0.0107,0.0188,2.7076,ND,0.0032,0.0018,0.0089,0.0012,0.0005,0.0094,0.0856,0.0021,0.0094,0.0018,ND,ND,ND,ND,ND,ND,ND,0.0010,ND,0.0021,ND,50.69
8811.50,17,1.66,6.36,32.91,ND,1.8474,1.8111,0.67,0.3381,0.0274,0.0108,0.0228,3.3670,ND,0.0076,0.0039,0.0145,0.0004,0.0005,0.0116,0.0439,0.0020,0.0115,0.0023,ND,ND,ND,ND,ND,0.0014,ND,0.0019,ND,0.0010,ND,50.88
8811.97,17,1.73,5.73,21.82,0.0729,2.2459,1.4843,13.07,0.2790,0.0213,0.0141,0.0211,2.9329,ND,0.0052,0.0024,0.0050,0.0010,0.0006,0.0092,0.0776,0.0021,0.0094,0.0018,ND,ND,ND,ND,ND,ND,0.0007,0.0015,ND,0.0015,ND,50.46
8812.50,17,1.46,5.02,19.06,0.0634,2.2742,1.2251,15.62,0.2675,0.0241,0.0113,0.0233,2.9653,ND,0.0040,0.0025,0.0038,0.0008,0.0006,0.0082,0.0769,0.0023,0.0092,0.0016,ND,ND,ND,ND,ND,ND,0.0007,0.0015,ND,0.0015,ND,51.87